timestamp,demand_mw,battery_soc,battery_capacity_mwh,battery_max_discharge_mw,backup_available,backup_capacity_mw
2025-01-01 00:00:00,24.45,47.0,200.0,50.0,True,25.0
2025-01-01 01:00:00,23.81,34.3,200.0,50.0,True,25.0
2025-01-01 02:00:00,20.65,23.3,200.0,50.0,True,25.0
2025-01-01 03:00:00,19.69,12.9,200.0,50.0,True,25.0
2025-01-01 04:00:00,21.86,1.2,200.0,50.0,True,25.0
2025-01-01 05:00:00,23.27,0.0,200.0,50.0,True,25.0
2025-01-01 06:00:00,28.37,0.0,200.0,50.0,True,25.0
2025-01-01 07:00:00,38.44,0.0,200.0,50.0,True,25.0
2025-01-01 08:00:00,43.77,0.0,200.0,50.0,True,25.0
2025-01-01 09:00:00,42.9,0.0,200.0,50.0,True,25.0
2025-01-01 10:00:00,41.01,0.0,200.0,50.0,True,25.0
2025-01-01 11:00:00,40.22,0.0,200.0,50.0,True,25.0
2025-01-01 12:00:00,36.52,0.0,200.0,50.0,True,25.0
2025-01-01 13:00:00,35.53,1.6,200.0,50.0,True,25.0
2025-01-01 14:00:00,36.1,1.2,200.0,50.0,True,25.0
2025-01-01 15:00:00,39.99,0.0,200.0,50.0,True,25.0
2025-01-01 16:00:00,48.47,0.0,200.0,50.0,True,25.0
2025-01-01 17:00:00,55.87,0.0,200.0,50.0,True,25.0
2025-01-01 18:00:00,63.64,0.0,200.0,50.0,True,25.0
2025-01-01 19:00:00,63.76,0.0,200.0,50.0,True,25.0
2025-01-01 20:00:00,59.88,0.0,200.0,50.0,True,25.0
2025-01-01 21:00:00,48.68,0.0,200.0,50.0,True,25.0
2025-01-01 22:00:00,37.73,0.0,200.0,50.0,True,25.0
2025-01-01 23:00:00,29.49,0.0,200.0,50.0,True,25.0
2025-01-02 00:00:00,24.76,0.0,200.0,50.0,True,25.0
2025-01-02 01:00:00,22.8,0.0,200.0,50.0,True,25.0
2025-01-02 02:00:00,22.15,0.0,200.0,50.0,True,25.0
2025-01-02 03:00:00,21.21,0.0,200.0,50.0,True,25.0
2025-01-02 04:00:00,23.75,0.0,200.0,50.0,True,25.0
2025-01-02 05:00:00,26.2,0.0,200.0,50.0,True,25.0
2025-01-02 06:00:00,31.57,0.0,200.0,50.0,True,25.0
2025-01-02 07:00:00,42.69,0.0,200.0,50.0,True,25.0
2025-01-02 08:00:00,40.9,0.0,200.0,50.0,True,25.0
2025-01-02 09:00:00,41.61,0.0,200.0,50.0,True,25.0
2025-01-02 10:00:00,40.24,4.6,200.0,50.0,True,25.0
2025-01-02 11:00:00,37.53,12.6,200.0,50.0,True,25.0
2025-01-02 12:00:00,35.3,22.0,200.0,50.0,True,25.0
2025-01-02 13:00:00,33.21,30.5,200.0,50.0,True,25.0
2025-01-02 14:00:00,36.04,32.9,200.0,50.0,True,25.0
2025-01-02 15:00:00,41.32,25.2,200.0,50.0,True,25.0
2025-01-02 16:00:00,46.93,5.4,200.0,50.0,True,25.0
2025-01-02 17:00:00,54.68,0.0,200.0,50.0,True,25.0
2025-01-02 18:00:00,63.51,0.0,200.0,50.0,True,25.0
2025-01-02 19:00:00,66.8,0.0,200.0,50.0,True,25.0
2025-01-02 20:00:00,57.59,0.0,200.0,50.0,True,25.0
2025-01-02 21:00:00,47.73,0.0,200.0,50.0,True,25.0
2025-01-02 22:00:00,36.76,0.0,200.0,50.0,True,25.0
2025-01-02 23:00:00,28.76,0.0,200.0,50.0,True,25.0
2025-01-03 00:00:00,25.95,0.0,200.0,50.0,True,25.0
2025-01-03 01:00:00,21.21,0.0,200.0,50.0,True,25.0
2025-01-03 02:00:00,21.04,0.0,200.0,50.0,True,25.0
2025-01-03 03:00:00,21.91,0.0,200.0,50.0,True,25.0
2025-01-03 04:00:00,20.2,0.0,200.0,50.0,True,25.0
2025-01-03 05:00:00,25.9,0.0,200.0,50.0,True,25.0
2025-01-03 06:00:00,31.22,0.0,200.0,50.0,True,25.0
2025-01-03 07:00:00,41.16,0.0,200.0,50.0,True,25.0
2025-01-03 08:00:00,43.54,0.0,200.0,50.0,True,25.0
2025-01-03 09:00:00,42.8,0.0,200.0,50.0,True,25.0
2025-01-03 10:00:00,38.86,6.0,200.0,50.0,True,25.0
2025-01-03 11:00:00,37.85,14.2,200.0,50.0,True,25.0
2025-01-03 12:00:00,36.48,23.2,200.0,50.0,True,25.0
2025-01-03 13:00:00,34.2,31.3,200.0,50.0,True,25.0
2025-01-03 14:00:00,36.7,33.1,200.0,50.0,True,25.0
2025-01-03 15:00:00,38.9,26.2,200.0,50.0,True,25.0
2025-01-03 16:00:00,46.34,6.7,200.0,50.0,True,25.0
2025-01-03 17:00:00,57.7,0.0,200.0,50.0,True,25.0
2025-01-03 18:00:00,61.77,0.0,200.0,50.0,True,25.0
2025-01-03 19:00:00,65.17,0.0,200.0,50.0,True,25.0
2025-01-03 20:00:00,57.5,0.0,200.0,50.0,True,25.0
2025-01-03 21:00:00,46.94,0.0,200.0,50.0,True,25.0
2025-01-03 22:00:00,37.28,0.0,200.0,50.0,True,25.0
2025-01-03 23:00:00,28.25,0.0,200.0,50.0,True,25.0
2025-01-04 00:00:00,22.84,0.0,200.0,50.0,True,25.0
2025-01-04 01:00:00,20.69,0.0,200.0,50.0,True,25.0
2025-01-04 02:00:00,19.51,0.0,200.0,50.0,True,25.0
2025-01-04 03:00:00,17.33,0.0,200.0,50.0,True,25.0
2025-01-04 04:00:00,20.41,0.0,200.0,50.0,True,25.0
2025-01-04 05:00:00,22.31,0.0,200.0,50.0,True,25.0
2025-01-04 06:00:00,25.18,0.0,200.0,50.0,True,25.0
2025-01-04 07:00:00,34.29,0.0,200.0,50.0,True,25.0
2025-01-04 08:00:00,35.51,0.0,200.0,50.0,True,25.0
2025-01-04 09:00:00,35.5,3.0,200.0,50.0,True,25.0
2025-01-04 10:00:00,35.08,9.7,200.0,50.0,True,25.0
2025-01-04 11:00:00,32.5,20.2,200.0,50.0,True,25.0
2025-01-04 12:00:00,31.08,32.2,200.0,50.0,True,25.0
2025-01-04 13:00:00,32.73,40.4,200.0,50.0,True,25.0
2025-01-04 14:00:00,33.31,43.2,200.0,50.0,True,25.0
2025-01-04 15:00:00,34.62,38.5,200.0,50.0,True,25.0
2025-01-04 16:00:00,41.47,21.5,200.0,50.0,True,25.0
2025-01-04 17:00:00,50.42,0.0,200.0,50.0,True,25.0
2025-01-04 18:00:00,56.45,0.0,200.0,50.0,True,25.0
2025-01-04 19:00:00,57.76,0.0,200.0,50.0,True,25.0
2025-01-04 20:00:00,53.65,0.0,200.0,50.0,True,25.0
2025-01-04 21:00:00,43.13,0.0,200.0,50.0,True,25.0
2025-01-04 22:00:00,30.62,0.0,200.0,50.0,True,25.0
2025-01-04 23:00:00,25.1,0.0,200.0,50.0,True,25.0
2025-01-05 00:00:00,21.29,0.0,200.0,50.0,True,25.0
2025-01-05 01:00:00,21.65,0.0,200.0,50.0,True,25.0
2025-01-05 02:00:00,18.89,0.0,200.0,50.0,True,25.0
2025-01-05 03:00:00,17.68,0.0,200.0,50.0,True,25.0
2025-01-05 04:00:00,20.82,0.0,200.0,50.0,True,25.0
2025-01-05 05:00:00,22.27,0.0,200.0,50.0,True,25.0
2025-01-05 06:00:00,29.56,0.0,200.0,50.0,True,25.0
2025-01-05 07:00:00,34.43,0.0,200.0,50.0,True,25.0
2025-01-05 08:00:00,38.22,0.0,200.0,50.0,True,25.0
2025-01-05 09:00:00,38.5,1.7,200.0,50.0,True,25.0
2025-01-05 10:00:00,33.93,9.9,200.0,50.0,True,25.0
2025-01-05 11:00:00,35.36,19.1,200.0,50.0,True,25.0
2025-01-05 12:00:00,30.64,30.6,200.0,50.0,True,25.0
2025-01-05 13:00:00,31.81,38.4,200.0,50.0,True,25.0
2025-01-05 14:00:00,29.88,43.8,200.0,50.0,True,25.0
2025-01-05 15:00:00,35.52,38.8,200.0,50.0,True,25.0
2025-01-05 16:00:00,38.89,23.2,200.0,50.0,True,25.0
2025-01-05 17:00:00,51.29,0.0,200.0,50.0,True,25.0
2025-01-05 18:00:00,54.45,0.0,200.0,50.0,True,25.0
2025-01-05 19:00:00,56.43,0.0,200.0,50.0,True,25.0
2025-01-05 20:00:00,53.0,0.0,200.0,50.0,True,25.0
2025-01-05 21:00:00,41.5,0.0,200.0,50.0,True,25.0
2025-01-05 22:00:00,32.93,0.0,200.0,50.0,True,25.0
2025-01-05 23:00:00,24.48,0.0,200.0,50.0,True,25.0
2025-01-06 00:00:00,24.01,0.0,200.0,50.0,True,25.0
2025-01-06 01:00:00,23.01,0.0,200.0,50.0,True,25.0
2025-01-06 02:00:00,20.81,0.0,200.0,50.0,True,25.0
2025-01-06 03:00:00,21.6,0.0,200.0,50.0,True,25.0
2025-01-06 04:00:00,23.32,0.0,200.0,50.0,True,25.0
2025-01-06 05:00:00,25.62,0.0,200.0,50.0,True,25.0
2025-01-06 06:00:00,31.49,0.0,200.0,50.0,True,25.0
2025-01-06 07:00:00,38.01,0.0,200.0,50.0,True,25.0
2025-01-06 08:00:00,43.6,0.0,200.0,50.0,True,25.0
2025-01-06 09:00:00,41.97,0.0,200.0,50.0,True,25.0
2025-01-06 10:00:00,42.06,2.6,200.0,50.0,True,25.0
2025-01-06 11:00:00,37.7,9.7,200.0,50.0,True,25.0
2025-01-06 12:00:00,33.72,18.6,200.0,50.0,True,25.0
2025-01-06 13:00:00,34.12,24.2,200.0,50.0,True,25.0
2025-01-06 14:00:00,35.69,25.3,200.0,50.0,True,25.0
2025-01-06 15:00:00,37.73,18.1,200.0,50.0,True,25.0
2025-01-06 16:00:00,47.24,0.0,200.0,50.0,True,25.0
2025-01-06 17:00:00,53.79,0.0,200.0,50.0,True,25.0
2025-01-06 18:00:00,63.89,0.0,200.0,50.0,True,25.0
2025-01-06 19:00:00,63.97,0.0,200.0,50.0,True,25.0
2025-01-06 20:00:00,61.33,0.0,200.0,50.0,True,25.0
2025-01-06 21:00:00,47.67,0.0,200.0,50.0,True,25.0
2025-01-06 22:00:00,35.9,0.0,200.0,50.0,True,25.0
2025-01-06 23:00:00,29.43,0.0,200.0,50.0,True,25.0
2025-01-07 00:00:00,23.76,0.0,200.0,50.0,True,25.0
2025-01-07 01:00:00,23.74,0.0,200.0,50.0,True,25.0
2025-01-07 02:00:00,21.7,0.0,200.0,50.0,True,25.0
2025-01-07 03:00:00,20.41,0.0,200.0,50.0,True,25.0
2025-01-07 04:00:00,22.17,0.0,200.0,50.0,True,25.0
2025-01-07 05:00:00,23.66,0.0,200.0,50.0,True,25.0
2025-01-07 06:00:00,30.5,0.0,200.0,50.0,True,25.0
2025-01-07 07:00:00,40.74,0.0,200.0,50.0,True,25.0
2025-01-07 08:00:00,41.4,0.0,200.0,50.0,True,25.0
2025-01-07 09:00:00,43.56,0.0,200.0,50.0,True,25.0
2025-01-07 10:00:00,41.31,0.0,200.0,50.0,True,25.0
2025-01-07 11:00:00,36.19,0.0,200.0,50.0,True,25.0
2025-01-07 12:00:00,34.08,0.0,200.0,50.0,True,25.0
2025-01-07 13:00:00,36.35,0.0,200.0,50.0,True,25.0
2025-01-07 14:00:00,37.41,0.0,200.0,50.0,True,25.0
2025-01-07 15:00:00,41.08,0.0,200.0,50.0,True,25.0
2025-01-07 16:00:00,44.38,0.0,200.0,50.0,True,25.0
2025-01-07 17:00:00,57.89,0.0,200.0,50.0,True,25.0
2025-01-07 18:00:00,62.47,0.0,200.0,50.0,True,25.0
2025-01-07 19:00:00,65.59,0.0,200.0,50.0,True,25.0
2025-01-07 20:00:00,59.84,0.0,200.0,50.0,True,25.0
2025-01-07 21:00:00,49.93,0.0,200.0,50.0,True,25.0
2025-01-07 22:00:00,36.64,0.0,200.0,50.0,True,25.0
2025-01-07 23:00:00,29.31,0.0,200.0,50.0,True,25.0
2025-01-08 00:00:00,24.88,0.0,200.0,50.0,True,25.0
2025-01-08 01:00:00,21.62,0.0,200.0,50.0,True,25.0
2025-01-08 02:00:00,19.5,0.0,200.0,50.0,True,25.0
2025-01-08 03:00:00,21.17,0.0,200.0,50.0,True,25.0
2025-01-08 04:00:00,20.59,0.0,200.0,50.0,True,25.0
2025-01-08 05:00:00,25.4,0.0,200.0,50.0,True,25.0
2025-01-08 06:00:00,30.92,0.0,200.0,50.0,True,25.0
2025-01-08 07:00:00,40.5,0.0,200.0,50.0,True,25.0
2025-01-08 08:00:00,42.93,0.0,200.0,50.0,True,25.0
2025-01-08 09:00:00,43.51,0.0,200.0,50.0,True,25.0
2025-01-08 10:00:00,40.92,0.0,200.0,50.0,True,25.0
2025-01-08 11:00:00,37.01,0.0,200.0,50.0,True,25.0
2025-01-08 12:00:00,38.99,0.0,200.0,50.0,True,25.0
2025-01-08 13:00:00,35.1,0.0,200.0,50.0,True,25.0
2025-01-08 14:00:00,34.9,0.0,200.0,50.0,True,25.0
2025-01-08 15:00:00,39.44,0.0,200.0,50.0,True,25.0
2025-01-08 16:00:00,44.3,0.0,200.0,50.0,True,25.0
2025-01-08 17:00:00,57.35,0.0,200.0,50.0,True,25.0
2025-01-08 18:00:00,64.7,0.0,200.0,50.0,True,25.0
2025-01-08 19:00:00,66.21,0.0,200.0,50.0,True,25.0
2025-01-08 20:00:00,60.22,0.0,200.0,50.0,True,25.0
2025-01-08 21:00:00,49.53,0.0,200.0,50.0,True,25.0
2025-01-08 22:00:00,36.21,0.0,200.0,50.0,True,25.0
2025-01-08 23:00:00,29.33,0.0,200.0,50.0,True,25.0
2025-01-09 00:00:00,24.01,0.0,200.0,50.0,True,25.0
2025-01-09 01:00:00,22.88,0.0,200.0,50.0,True,25.0
2025-01-09 02:00:00,22.83,0.0,200.0,50.0,True,25.0
2025-01-09 03:00:00,17.44,0.0,200.0,50.0,True,25.0
2025-01-09 04:00:00,21.55,0.0,200.0,50.0,True,25.0
2025-01-09 05:00:00,25.18,0.0,200.0,50.0,True,25.0
2025-01-09 06:00:00,30.66,0.0,200.0,50.0,True,25.0
2025-01-09 07:00:00,39.82,0.0,200.0,50.0,True,25.0
2025-01-09 08:00:00,44.91,0.0,200.0,50.0,True,25.0
2025-01-09 09:00:00,41.43,0.0,200.0,50.0,True,25.0
2025-01-09 10:00:00,38.89,2.2,200.0,50.0,True,25.0
2025-01-09 11:00:00,39.86,4.3,200.0,50.0,True,25.0
2025-01-09 12:00:00,37.77,10.1,200.0,50.0,True,25.0
2025-01-09 13:00:00,34.64,15.2,200.0,50.0,True,25.0
2025-01-09 14:00:00,36.43,14.6,200.0,50.0,True,25.0
2025-01-09 15:00:00,41.37,4.7,200.0,50.0,True,25.0
2025-01-09 16:00:00,46.18,0.0,200.0,50.0,True,25.0
2025-01-09 17:00:00,56.37,0.0,200.0,50.0,True,25.0
2025-01-09 18:00:00,63.99,0.0,200.0,50.0,True,25.0
2025-01-09 19:00:00,64.96,0.0,200.0,50.0,True,25.0
2025-01-09 20:00:00,60.2,0.0,200.0,50.0,True,25.0
2025-01-09 21:00:00,46.89,0.0,200.0,50.0,True,25.0
2025-01-09 22:00:00,36.99,0.0,200.0,50.0,True,25.0
2025-01-09 23:00:00,28.74,0.0,200.0,50.0,True,25.0
2025-01-10 00:00:00,24.56,0.0,200.0,50.0,True,25.0
2025-01-10 01:00:00,21.57,0.0,200.0,50.0,True,25.0
2025-01-10 02:00:00,22.46,0.0,200.0,50.0,True,25.0
2025-01-10 03:00:00,21.19,0.0,200.0,50.0,True,25.0
2025-01-10 04:00:00,21.29,0.0,200.0,50.0,True,25.0
2025-01-10 05:00:00,23.08,0.0,200.0,50.0,True,25.0
2025-01-10 06:00:00,28.79,0.0,200.0,50.0,True,25.0
2025-01-10 07:00:00,40.07,0.0,200.0,50.0,True,25.0
2025-01-10 08:00:00,44.58,0.0,200.0,50.0,True,25.0
2025-01-10 09:00:00,44.51,0.0,200.0,50.0,True,25.0
2025-01-10 10:00:00,40.32,0.4,200.0,50.0,True,25.0
2025-01-10 11:00:00,36.5,6.5,200.0,50.0,True,25.0
2025-01-10 12:00:00,36.28,14.2,200.0,50.0,True,25.0
2025-01-10 13:00:00,36.87,17.7,200.0,50.0,True,25.0
2025-01-10 14:00:00,35.71,18.7,200.0,50.0,True,25.0
2025-01-10 15:00:00,41.71,9.3,200.0,50.0,True,25.0
2025-01-10 16:00:00,46.35,0.0,200.0,50.0,True,25.0
2025-01-10 17:00:00,56.53,0.0,200.0,50.0,True,25.0
2025-01-10 18:00:00,65.67,0.0,200.0,50.0,True,25.0
2025-01-10 19:00:00,63.16,0.0,200.0,50.0,True,25.0
2025-01-10 20:00:00,60.67,0.0,200.0,50.0,True,25.0
2025-01-10 21:00:00,47.95,0.0,200.0,50.0,True,25.0
2025-01-10 22:00:00,35.39,0.0,200.0,50.0,True,25.0
2025-01-10 23:00:00,28.72,0.0,200.0,50.0,True,25.0
2025-01-11 00:00:00,24.03,0.0,200.0,50.0,True,25.0
2025-01-11 01:00:00,21.91,0.0,200.0,50.0,True,25.0
2025-01-11 02:00:00,17.23,0.0,200.0,50.0,True,25.0
2025-01-11 03:00:00,17.69,0.0,200.0,50.0,True,25.0
2025-01-11 04:00:00,20.76,0.0,200.0,50.0,True,25.0
2025-01-11 05:00:00,21.97,0.0,200.0,50.0,True,25.0
2025-01-11 06:00:00,27.05,0.0,200.0,50.0,True,25.0
2025-01-11 07:00:00,33.65,0.0,200.0,50.0,True,25.0
2025-01-11 08:00:00,38.03,0.0,200.0,50.0,True,25.0
2025-01-11 09:00:00,35.6,2.5,200.0,50.0,True,25.0
2025-01-11 10:00:00,33.55,11.0,200.0,50.0,True,25.0
2025-01-11 11:00:00,32.33,20.9,200.0,50.0,True,25.0
2025-01-11 12:00:00,31.04,28.8,200.0,50.0,True,25.0
2025-01-11 13:00:00,30.22,34.9,200.0,50.0,True,25.0
2025-01-11 14:00:00,31.14,38.1,200.0,50.0,True,25.0
2025-01-11 15:00:00,36.76,32.0,200.0,50.0,True,25.0
2025-01-11 16:00:00,39.52,15.8,200.0,50.0,True,25.0
2025-01-11 17:00:00,50.78,0.0,200.0,50.0,True,25.0
2025-01-11 18:00:00,55.26,0.0,200.0,50.0,True,25.0
2025-01-11 19:00:00,58.06,0.0,200.0,50.0,True,25.0
2025-01-11 20:00:00,53.02,0.0,200.0,50.0,True,25.0
2025-01-11 21:00:00,41.23,0.0,200.0,50.0,True,25.0
2025-01-11 22:00:00,31.76,0.0,200.0,50.0,True,25.0
2025-01-11 23:00:00,24.78,0.0,200.0,50.0,True,25.0
2025-01-12 00:00:00,22.45,0.0,200.0,50.0,True,25.0
2025-01-12 01:00:00,20.16,0.0,200.0,50.0,True,25.0
2025-01-12 02:00:00,18.74,0.0,200.0,50.0,True,25.0
2025-01-12 03:00:00,18.76,0.0,200.0,50.0,True,25.0
2025-01-12 04:00:00,20.04,0.0,200.0,50.0,True,25.0
2025-01-12 05:00:00,24.22,0.0,200.0,50.0,True,25.0
2025-01-12 06:00:00,27.16,0.0,200.0,50.0,True,25.0
2025-01-12 07:00:00,35.56,0.0,200.0,50.0,True,25.0
2025-01-12 08:00:00,39.44,0.0,200.0,50.0,True,25.0
2025-01-12 09:00:00,36.1,2.7,200.0,50.0,True,25.0
2025-01-12 10:00:00,33.47,11.8,200.0,50.0,True,25.0
2025-01-12 11:00:00,33.48,23.6,200.0,50.0,True,25.0
2025-01-12 12:00:00,33.44,34.9,200.0,50.0,True,25.0
2025-01-12 13:00:00,32.62,44.7,200.0,50.0,True,25.0
2025-01-12 14:00:00,29.9,50.7,200.0,50.0,True,25.0
2025-01-12 15:00:00,36.34,45.9,200.0,50.0,True,25.0
2025-01-12 16:00:00,38.0,31.4,200.0,50.0,True,25.0
2025-01-12 17:00:00,49.63,5.1,200.0,50.0,True,25.0
2025-01-12 18:00:00,56.33,0.0,200.0,50.0,True,25.0
2025-01-12 19:00:00,55.48,0.0,200.0,50.0,True,25.0
2025-01-12 20:00:00,53.67,0.0,200.0,50.0,True,25.0
2025-01-12 21:00:00,44.41,0.0,200.0,50.0,True,25.0
2025-01-12 22:00:00,32.08,0.0,200.0,50.0,True,25.0
2025-01-12 23:00:00,25.56,0.0,200.0,50.0,True,25.0
2025-01-13 00:00:00,26.78,0.0,200.0,50.0,True,25.0
2025-01-13 01:00:00,21.73,0.0,200.0,50.0,True,25.0
2025-01-13 02:00:00,20.99,0.0,200.0,50.0,True,25.0
2025-01-13 03:00:00,20.15,0.0,200.0,50.0,True,25.0
2025-01-13 04:00:00,22.36,0.0,200.0,50.0,True,25.0
2025-01-13 05:00:00,25.05,0.0,200.0,50.0,True,25.0
2025-01-13 06:00:00,30.12,0.0,200.0,50.0,True,25.0
2025-01-13 07:00:00,40.04,0.0,200.0,50.0,True,25.0
2025-01-13 08:00:00,43.6,0.0,200.0,50.0,True,25.0
2025-01-13 09:00:00,41.73,0.0,200.0,50.0,True,25.0
2025-01-13 10:00:00,39.48,0.0,200.0,50.0,True,25.0
2025-01-13 11:00:00,37.56,0.0,200.0,50.0,True,25.0
2025-01-13 12:00:00,34.15,2.8,200.0,50.0,True,25.0
2025-01-13 13:00:00,35.13,4.5,200.0,50.0,True,25.0
2025-01-13 14:00:00,34.2,1.8,200.0,50.0,True,25.0
2025-01-13 15:00:00,41.3,0.0,200.0,50.0,True,25.0
2025-01-13 16:00:00,45.5,0.0,200.0,50.0,True,25.0
2025-01-13 17:00:00,55.64,0.0,200.0,50.0,True,25.0
2025-01-13 18:00:00,63.04,0.0,200.0,50.0,True,25.0
2025-01-13 19:00:00,65.11,0.0,200.0,50.0,True,25.0
2025-01-13 20:00:00,61.15,0.0,200.0,50.0,True,25.0
2025-01-13 21:00:00,46.47,0.0,200.0,50.0,True,25.0
2025-01-13 22:00:00,34.6,0.0,200.0,50.0,True,25.0
2025-01-13 23:00:00,29.0,0.0,200.0,50.0,True,25.0
2025-01-14 00:00:00,24.42,0.0,200.0,50.0,True,25.0
2025-01-14 01:00:00,23.52,0.0,200.0,50.0,True,25.0
2025-01-14 02:00:00,23.18,0.0,200.0,50.0,True,25.0
2025-01-14 03:00:00,19.84,0.0,200.0,50.0,True,25.0
2025-01-14 04:00:00,23.04,0.0,200.0,50.0,True,25.0
2025-01-14 05:00:00,23.79,0.0,200.0,50.0,True,25.0
2025-01-14 06:00:00,30.87,0.0,200.0,50.0,True,25.0
2025-01-14 07:00:00,38.92,0.0,200.0,50.0,True,25.0
2025-01-14 08:00:00,44.41,0.0,200.0,50.0,True,25.0
2025-01-14 09:00:00,42.3,0.0,200.0,50.0,True,25.0
2025-01-14 10:00:00,39.08,0.0,200.0,50.0,True,25.0
2025-01-14 11:00:00,36.85,0.0,200.0,50.0,True,25.0
2025-01-14 12:00:00,37.46,0.0,200.0,50.0,True,25.0
2025-01-14 13:00:00,34.86,0.0,200.0,50.0,True,25.0
2025-01-14 14:00:00,37.77,0.0,200.0,50.0,True,25.0
2025-01-14 15:00:00,39.75,0.0,200.0,50.0,True,25.0
2025-01-14 16:00:00,47.74,0.0,200.0,50.0,True,25.0
2025-01-14 17:00:00,54.66,0.0,200.0,50.0,True,25.0
2025-01-14 18:00:00,65.26,0.0,200.0,50.0,True,25.0
2025-01-14 19:00:00,65.63,0.0,200.0,50.0,True,25.0
2025-01-14 20:00:00,60.13,0.0,200.0,50.0,True,25.0
2025-01-14 21:00:00,46.9,0.0,200.0,50.0,True,25.0
2025-01-14 22:00:00,37.43,0.0,200.0,50.0,True,25.0
2025-01-14 23:00:00,29.78,0.0,200.0,50.0,True,25.0
2025-01-15 00:00:00,24.63,0.0,200.0,50.0,True,25.0
2025-01-15 01:00:00,20.53,0.0,200.0,50.0,True,25.0
2025-01-15 02:00:00,20.99,0.0,200.0,50.0,True,25.0
2025-01-15 03:00:00,19.83,0.0,200.0,50.0,True,25.0
2025-01-15 04:00:00,22.86,0.0,200.0,50.0,True,25.0
2025-01-15 05:00:00,24.46,0.0,200.0,50.0,True,25.0
2025-01-15 06:00:00,30.25,0.0,200.0,50.0,True,25.0
2025-01-15 07:00:00,39.73,0.0,200.0,50.0,True,25.0
2025-01-15 08:00:00,46.02,0.0,200.0,50.0,True,25.0
2025-01-15 09:00:00,42.39,0.0,200.0,50.0,True,25.0
2025-01-15 10:00:00,40.65,5.8,200.0,50.0,True,25.0
2025-01-15 11:00:00,37.74,15.9,200.0,50.0,True,25.0
2025-01-15 12:00:00,36.53,27.4,200.0,50.0,True,25.0
2025-01-15 13:00:00,34.24,36.4,200.0,50.0,True,25.0
2025-01-15 14:00:00,36.98,39.4,200.0,50.0,True,25.0
2025-01-15 15:00:00,39.04,32.8,200.0,50.0,True,25.0
2025-01-15 16:00:00,47.08,13.0,200.0,50.0,True,25.0
2025-01-15 17:00:00,54.92,0.0,200.0,50.0,True,25.0
2025-01-15 18:00:00,64.64,0.0,200.0,50.0,True,25.0
2025-01-15 19:00:00,67.72,0.0,200.0,50.0,True,25.0
2025-01-15 20:00:00,59.66,0.0,200.0,50.0,True,25.0
2025-01-15 21:00:00,49.68,0.0,200.0,50.0,True,25.0
2025-01-15 22:00:00,37.46,0.0,200.0,50.0,True,25.0
2025-01-15 23:00:00,27.15,0.0,200.0,50.0,True,25.0
2025-01-16 00:00:00,25.15,0.0,200.0,50.0,True,25.0
2025-01-16 01:00:00,23.7,0.0,200.0,50.0,True,25.0
2025-01-16 02:00:00,23.04,0.0,200.0,50.0,True,25.0
2025-01-16 03:00:00,21.38,0.0,200.0,50.0,True,25.0
2025-01-16 04:00:00,22.52,0.0,200.0,50.0,True,25.0
2025-01-16 05:00:00,25.03,0.0,200.0,50.0,True,25.0
2025-01-16 06:00:00,30.95,0.0,200.0,50.0,True,25.0
2025-01-16 07:00:00,38.95,0.0,200.0,50.0,True,25.0
2025-01-16 08:00:00,43.98,0.0,200.0,50.0,True,25.0
2025-01-16 09:00:00,40.6,0.0,200.0,50.0,True,25.0
2025-01-16 10:00:00,39.82,4.2,200.0,50.0,True,25.0
2025-01-16 11:00:00,37.78,11.3,200.0,50.0,True,25.0
2025-01-16 12:00:00,35.78,16.1,200.0,50.0,True,25.0
2025-01-16 13:00:00,34.15,18.4,200.0,50.0,True,25.0
2025-01-16 14:00:00,36.89,11.4,200.0,50.0,True,25.0
2025-01-16 15:00:00,40.03,0.0,200.0,50.0,True,25.0
2025-01-16 16:00:00,45.69,0.0,200.0,50.0,True,25.0
2025-01-16 17:00:00,54.12,0.0,200.0,50.0,True,25.0
2025-01-16 18:00:00,63.15,0.0,200.0,50.0,True,25.0
2025-01-16 19:00:00,66.81,0.0,200.0,50.0,True,25.0
2025-01-16 20:00:00,61.06,0.0,200.0,50.0,True,25.0
2025-01-16 21:00:00,48.56,0.0,200.0,50.0,True,25.0
2025-01-16 22:00:00,36.21,0.0,200.0,50.0,True,25.0
2025-01-16 23:00:00,29.54,0.0,200.0,50.0,True,25.0
2025-01-17 00:00:00,24.22,0.0,200.0,50.0,True,25.0
2025-01-17 01:00:00,22.74,0.0,200.0,50.0,True,25.0
2025-01-17 02:00:00,21.44,0.0,200.0,50.0,True,25.0
2025-01-17 03:00:00,22.26,0.0,200.0,50.0,True,25.0
2025-01-17 04:00:00,23.26,0.0,200.0,50.0,True,25.0
2025-01-17 05:00:00,24.98,0.0,200.0,50.0,True,25.0
2025-01-17 06:00:00,32.87,0.0,200.0,50.0,True,25.0
2025-01-17 07:00:00,40.92,0.0,200.0,50.0,True,25.0
2025-01-17 08:00:00,44.7,0.0,200.0,50.0,True,25.0
2025-01-17 09:00:00,42.64,0.0,200.0,50.0,True,25.0
2025-01-17 10:00:00,38.91,4.2,200.0,50.0,True,25.0
2025-01-17 11:00:00,37.42,12.0,200.0,50.0,True,25.0
2025-01-17 12:00:00,36.51,22.2,200.0,50.0,True,25.0
2025-01-17 13:00:00,35.36,29.3,200.0,50.0,True,25.0
2025-01-17 14:00:00,37.28,31.2,200.0,50.0,True,25.0
2025-01-17 15:00:00,39.62,24.0,200.0,50.0,True,25.0
2025-01-17 16:00:00,46.28,5.1,200.0,50.0,True,25.0
2025-01-17 17:00:00,55.92,0.0,200.0,50.0,True,25.0
2025-01-17 18:00:00,63.67,0.0,200.0,50.0,True,25.0
2025-01-17 19:00:00,65.46,0.0,200.0,50.0,True,25.0
2025-01-17 20:00:00,57.98,0.0,200.0,50.0,True,25.0
2025-01-17 21:00:00,45.41,0.0,200.0,50.0,True,25.0
2025-01-17 22:00:00,35.44,0.0,200.0,50.0,True,25.0
2025-01-17 23:00:00,28.23,0.0,200.0,50.0,True,25.0
2025-01-18 00:00:00,20.61,0.0,200.0,50.0,True,25.0
2025-01-18 01:00:00,20.26,0.0,200.0,50.0,True,25.0
2025-01-18 02:00:00,20.96,0.0,200.0,50.0,True,25.0
2025-01-18 03:00:00,19.5,0.0,200.0,50.0,True,25.0
2025-01-18 04:00:00,20.21,0.0,200.0,50.0,True,25.0
2025-01-18 05:00:00,23.2,0.0,200.0,50.0,True,25.0
2025-01-18 06:00:00,25.99,0.0,200.0,50.0,True,25.0
2025-01-18 07:00:00,35.02,0.0,200.0,50.0,True,25.0
2025-01-18 08:00:00,39.7,0.0,200.0,50.0,True,25.0
2025-01-18 09:00:00,36.7,3.4,200.0,50.0,True,25.0
2025-01-18 10:00:00,35.07,11.9,200.0,50.0,True,25.0
2025-01-18 11:00:00,36.11,22.6,200.0,50.0,True,25.0
2025-01-18 12:00:00,32.3,34.3,200.0,50.0,True,25.0
2025-01-18 13:00:00,33.28,41.9,200.0,50.0,True,25.0
2025-01-18 14:00:00,30.0,47.1,200.0,50.0,True,25.0
2025-01-18 15:00:00,34.82,43.1,200.0,50.0,True,25.0
2025-01-18 16:00:00,41.14,26.9,200.0,50.0,True,25.0
2025-01-18 17:00:00,49.24,0.7,200.0,50.0,True,25.0
2025-01-18 18:00:00,53.43,0.0,200.0,50.0,True,25.0
2025-01-18 19:00:00,57.32,0.0,200.0,50.0,True,25.0
2025-01-18 20:00:00,55.48,0.0,200.0,50.0,True,25.0
2025-01-18 21:00:00,42.64,0.0,200.0,50.0,True,25.0
2025-01-18 22:00:00,32.91,0.0,200.0,50.0,True,25.0
2025-01-18 23:00:00,24.64,0.0,200.0,50.0,True,25.0
2025-01-19 00:00:00,22.31,0.0,200.0,50.0,True,25.0
2025-01-19 01:00:00,20.31,0.0,200.0,50.0,True,25.0
2025-01-19 02:00:00,20.99,0.0,200.0,50.0,True,25.0
2025-01-19 03:00:00,19.94,0.0,200.0,50.0,True,25.0
2025-01-19 04:00:00,20.14,0.0,200.0,50.0,True,25.0
2025-01-19 05:00:00,22.11,0.0,200.0,50.0,True,25.0
2025-01-19 06:00:00,25.09,0.0,200.0,50.0,True,25.0
2025-01-19 07:00:00,33.52,0.0,200.0,50.0,True,25.0
2025-01-19 08:00:00,39.06,0.0,200.0,50.0,True,25.0
2025-01-19 09:00:00,38.32,2.3,200.0,50.0,True,25.0
2025-01-19 10:00:00,37.17,10.1,200.0,50.0,True,25.0
2025-01-19 11:00:00,32.81,22.5,200.0,50.0,True,25.0
2025-01-19 12:00:00,30.37,35.6,200.0,50.0,True,25.0
2025-01-19 13:00:00,32.29,44.9,200.0,50.0,True,25.0
2025-01-19 14:00:00,31.21,51.1,200.0,50.0,True,25.0
2025-01-19 15:00:00,33.68,48.1,200.0,50.0,True,25.0
2025-01-19 16:00:00,40.06,33.0,200.0,50.0,True,25.0
2025-01-19 17:00:00,48.51,7.2,200.0,50.0,True,25.0
2025-01-19 18:00:00,57.49,0.0,200.0,50.0,True,25.0
2025-01-19 19:00:00,58.63,0.0,200.0,50.0,True,25.0
2025-01-19 20:00:00,51.63,0.0,200.0,50.0,True,25.0
2025-01-19 21:00:00,44.03,0.0,200.0,50.0,True,25.0
2025-01-19 22:00:00,32.34,0.0,200.0,50.0,True,25.0
2025-01-19 23:00:00,26.68,0.0,200.0,50.0,True,25.0
2025-01-20 00:00:00,26.62,0.0,200.0,50.0,True,25.0
2025-01-20 01:00:00,22.78,0.0,200.0,50.0,True,25.0
2025-01-20 02:00:00,23.02,0.0,200.0,50.0,True,25.0
2025-01-20 03:00:00,20.69,0.0,200.0,50.0,True,25.0
2025-01-20 04:00:00,23.45,0.0,200.0,50.0,True,25.0
2025-01-20 05:00:00,25.13,0.0,200.0,50.0,True,25.0
2025-01-20 06:00:00,31.95,0.0,200.0,50.0,True,25.0
2025-01-20 07:00:00,42.25,0.0,200.0,50.0,True,25.0
2025-01-20 08:00:00,44.93,0.0,200.0,50.0,True,25.0
2025-01-20 09:00:00,42.24,0.0,200.0,50.0,True,25.0
2025-01-20 10:00:00,40.33,0.9,200.0,50.0,True,25.0
2025-01-20 11:00:00,34.95,4.8,200.0,50.0,True,25.0
2025-01-20 12:00:00,35.72,8.8,200.0,50.0,True,25.0
2025-01-20 13:00:00,36.54,11.8,200.0,50.0,True,25.0
2025-01-20 14:00:00,37.74,10.5,200.0,50.0,True,25.0
2025-01-20 15:00:00,39.54,3.9,200.0,50.0,True,25.0
2025-01-20 16:00:00,46.4,0.0,200.0,50.0,True,25.0
2025-01-20 17:00:00,55.6,0.0,200.0,50.0,True,25.0
2025-01-20 18:00:00,64.35,0.0,200.0,50.0,True,25.0
2025-01-20 19:00:00,68.1,0.0,200.0,50.0,True,25.0
2025-01-20 20:00:00,60.53,0.0,200.0,50.0,True,25.0
2025-01-20 21:00:00,47.32,0.0,200.0,50.0,True,25.0
2025-01-20 22:00:00,36.48,0.0,200.0,50.0,True,25.0
2025-01-20 23:00:00,30.56,0.0,200.0,50.0,True,25.0
2025-01-21 00:00:00,23.33,0.0,200.0,50.0,True,25.0
2025-01-21 01:00:00,22.36,0.0,200.0,50.0,True,25.0
2025-01-21 02:00:00,23.18,0.0,200.0,50.0,True,25.0
2025-01-21 03:00:00,22.73,0.0,200.0,50.0,True,25.0
2025-01-21 04:00:00,23.06,0.0,200.0,50.0,True,25.0
2025-01-21 05:00:00,24.3,0.0,200.0,50.0,True,25.0
2025-01-21 06:00:00,31.44,0.0,200.0,50.0,True,25.0
2025-01-21 07:00:00,40.92,0.0,200.0,50.0,True,25.0
2025-01-21 08:00:00,44.7,0.0,200.0,50.0,True,25.0
2025-01-21 09:00:00,42.23,0.0,200.0,50.0,True,25.0
2025-01-21 10:00:00,40.49,0.9,200.0,50.0,True,25.0
2025-01-21 11:00:00,37.41,3.1,200.0,50.0,True,25.0
2025-01-21 12:00:00,39.55,3.5,200.0,50.0,True,25.0
2025-01-21 13:00:00,35.61,5.5,200.0,50.0,True,25.0
2025-01-21 14:00:00,37.23,0.7,200.0,50.0,True,25.0
2025-01-21 15:00:00,40.16,0.0,200.0,50.0,True,25.0
2025-01-21 16:00:00,47.21,0.0,200.0,50.0,True,25.0
2025-01-21 17:00:00,54.27,0.0,200.0,50.0,True,25.0
2025-01-21 18:00:00,61.43,0.0,200.0,50.0,True,25.0
2025-01-21 19:00:00,65.41,0.0,200.0,50.0,True,25.0
2025-01-21 20:00:00,62.14,0.0,200.0,50.0,True,25.0
2025-01-21 21:00:00,49.57,0.0,200.0,50.0,True,25.0
2025-01-21 22:00:00,35.6,0.0,200.0,50.0,True,25.0
2025-01-21 23:00:00,29.49,0.0,200.0,50.0,True,25.0
2025-01-22 00:00:00,24.26,0.0,200.0,50.0,True,25.0
2025-01-22 01:00:00,23.61,0.0,200.0,50.0,True,25.0
2025-01-22 02:00:00,22.93,0.0,200.0,50.0,True,25.0
2025-01-22 03:00:00,22.29,0.0,200.0,50.0,True,25.0
2025-01-22 04:00:00,20.45,0.0,200.0,50.0,True,25.0
2025-01-22 05:00:00,23.5,0.0,200.0,50.0,True,25.0
2025-01-22 06:00:00,30.71,0.0,200.0,50.0,True,25.0
2025-01-22 07:00:00,39.18,0.0,200.0,50.0,True,25.0
2025-01-22 08:00:00,42.94,0.0,200.0,50.0,True,25.0
2025-01-22 09:00:00,42.67,0.0,200.0,50.0,True,25.0
2025-01-22 10:00:00,39.32,4.2,200.0,50.0,True,25.0
2025-01-22 11:00:00,41.21,7.5,200.0,50.0,True,25.0
2025-01-22 12:00:00,35.93,12.7,200.0,50.0,True,25.0
2025-01-22 13:00:00,35.09,17.8,200.0,50.0,True,25.0
2025-01-22 14:00:00,36.93,16.9,200.0,50.0,True,25.0
2025-01-22 15:00:00,38.61,8.0,200.0,50.0,True,25.0
2025-01-22 16:00:00,46.81,0.0,200.0,50.0,True,25.0
2025-01-22 17:00:00,56.23,0.0,200.0,50.0,True,25.0
2025-01-22 18:00:00,63.1,0.0,200.0,50.0,True,25.0
2025-01-22 19:00:00,65.78,0.0,200.0,50.0,True,25.0
2025-01-22 20:00:00,60.19,0.0,200.0,50.0,True,25.0
2025-01-22 21:00:00,49.84,0.0,200.0,50.0,True,25.0
2025-01-22 22:00:00,39.57,0.0,200.0,50.0,True,25.0
2025-01-22 23:00:00,27.6,0.0,200.0,50.0,True,25.0
2025-01-23 00:00:00,23.47,0.0,200.0,50.0,True,25.0
2025-01-23 01:00:00,23.22,0.0,200.0,50.0,True,25.0
2025-01-23 02:00:00,19.83,0.0,200.0,50.0,True,25.0
2025-01-23 03:00:00,21.95,0.0,200.0,50.0,True,25.0
2025-01-23 04:00:00,22.46,0.0,200.0,50.0,True,25.0
2025-01-23 05:00:00,25.46,0.0,200.0,50.0,True,25.0
2025-01-23 06:00:00,30.43,0.0,200.0,50.0,True,25.0
2025-01-23 07:00:00,40.73,0.0,200.0,50.0,True,25.0
2025-01-23 08:00:00,44.84,0.0,200.0,50.0,True,25.0
2025-01-23 09:00:00,42.58,0.0,200.0,50.0,True,25.0
2025-01-23 10:00:00,38.81,3.9,200.0,50.0,True,25.0
2025-01-23 11:00:00,38.7,9.6,200.0,50.0,True,25.0
2025-01-23 12:00:00,38.8,14.1,200.0,50.0,True,25.0
2025-01-23 13:00:00,35.7,19.4,200.0,50.0,True,25.0
2025-01-23 14:00:00,36.74,18.7,200.0,50.0,True,25.0
2025-01-23 15:00:00,42.29,6.5,200.0,50.0,True,25.0
2025-01-23 16:00:00,45.3,0.0,200.0,50.0,True,25.0
2025-01-23 17:00:00,56.89,0.0,200.0,50.0,True,25.0
2025-01-23 18:00:00,62.88,0.0,200.0,50.0,True,25.0
2025-01-23 19:00:00,66.75,0.0,200.0,50.0,True,25.0
2025-01-23 20:00:00,60.63,0.0,200.0,50.0,True,25.0
2025-01-23 21:00:00,47.62,0.0,200.0,50.0,True,25.0
2025-01-23 22:00:00,36.25,0.0,200.0,50.0,True,25.0
2025-01-23 23:00:00,30.04,0.0,200.0,50.0,True,25.0
2025-01-24 00:00:00,22.79,0.0,200.0,50.0,True,25.0
2025-01-24 01:00:00,22.56,0.0,200.0,50.0,True,25.0
2025-01-24 02:00:00,23.07,0.0,200.0,50.0,True,25.0
2025-01-24 03:00:00,20.8,0.0,200.0,50.0,True,25.0
2025-01-24 04:00:00,22.49,0.0,200.0,50.0,True,25.0
2025-01-24 05:00:00,22.57,0.0,200.0,50.0,True,25.0
2025-01-24 06:00:00,29.77,0.0,200.0,50.0,True,25.0
2025-01-24 07:00:00,41.23,0.0,200.0,50.0,True,25.0
2025-01-24 08:00:00,43.36,0.0,200.0,50.0,True,25.0
2025-01-24 09:00:00,40.78,0.0,200.0,50.0,True,25.0
2025-01-24 10:00:00,41.69,2.7,200.0,50.0,True,25.0
2025-01-24 11:00:00,39.11,8.7,200.0,50.0,True,25.0
2025-01-24 12:00:00,35.26,15.2,200.0,50.0,True,25.0
2025-01-24 13:00:00,35.58,21.1,200.0,50.0,True,25.0
2025-01-24 14:00:00,35.3,24.4,200.0,50.0,True,25.0
2025-01-24 15:00:00,40.23,19.0,200.0,50.0,True,25.0
2025-01-24 16:00:00,46.4,1.0,200.0,50.0,True,25.0
2025-01-24 17:00:00,54.84,0.0,200.0,50.0,True,25.0
2025-01-24 18:00:00,64.4,0.0,200.0,50.0,True,25.0
2025-01-24 19:00:00,66.51,0.0,200.0,50.0,True,25.0
2025-01-24 20:00:00,59.98,0.0,200.0,50.0,True,25.0
2025-01-24 21:00:00,48.61,0.0,200.0,50.0,True,25.0
2025-01-24 22:00:00,34.82,0.0,200.0,50.0,True,25.0
2025-01-24 23:00:00,30.5,0.0,200.0,50.0,True,25.0
2025-01-25 00:00:00,21.9,0.0,200.0,50.0,True,25.0
2025-01-25 01:00:00,19.2,0.0,200.0,50.0,True,25.0
2025-01-25 02:00:00,19.82,0.0,200.0,50.0,True,25.0
2025-01-25 03:00:00,19.52,0.0,200.0,50.0,True,25.0
2025-01-25 04:00:00,20.26,0.0,200.0,50.0,True,25.0
2025-01-25 05:00:00,20.71,0.0,200.0,50.0,True,25.0
2025-01-25 06:00:00,28.0,0.0,200.0,50.0,True,25.0
2025-01-25 07:00:00,35.49,0.0,200.0,50.0,True,25.0
2025-01-25 08:00:00,39.55,0.0,200.0,50.0,True,25.0
2025-01-25 09:00:00,36.29,2.9,200.0,50.0,True,25.0
2025-01-25 10:00:00,36.82,10.9,200.0,50.0,True,25.0
2025-01-25 11:00:00,34.09,23.6,200.0,50.0,True,25.0
2025-01-25 12:00:00,33.6,35.8,200.0,50.0,True,25.0
2025-01-25 13:00:00,29.32,47.7,200.0,50.0,True,25.0
2025-01-25 14:00:00,30.49,54.3,200.0,50.0,True,25.0
2025-01-25 15:00:00,35.27,51.7,200.0,50.0,True,25.0
2025-01-25 16:00:00,42.4,35.6,200.0,50.0,True,25.0
2025-01-25 17:00:00,51.46,9.0,200.0,50.0,True,25.0
2025-01-25 18:00:00,54.82,0.0,200.0,50.0,True,25.0
2025-01-25 19:00:00,57.64,0.0,200.0,50.0,True,25.0
2025-01-25 20:00:00,52.68,0.0,200.0,50.0,True,25.0
2025-01-25 21:00:00,43.2,0.0,200.0,50.0,True,25.0
2025-01-25 22:00:00,33.24,0.0,200.0,50.0,True,25.0
2025-01-25 23:00:00,24.06,0.0,200.0,50.0,True,25.0
2025-01-26 00:00:00,22.09,0.0,200.0,50.0,True,25.0
2025-01-26 01:00:00,17.91,0.0,200.0,50.0,True,25.0
2025-01-26 02:00:00,20.61,0.0,200.0,50.0,True,25.0
2025-01-26 03:00:00,18.22,0.0,200.0,50.0,True,25.0
2025-01-26 04:00:00,18.19,0.0,200.0,50.0,True,25.0
2025-01-26 05:00:00,22.41,0.0,200.0,50.0,True,25.0
2025-01-26 06:00:00,26.65,0.0,200.0,50.0,True,25.0
2025-01-26 07:00:00,37.07,0.0,200.0,50.0,True,25.0
2025-01-26 08:00:00,37.87,0.0,200.0,50.0,True,25.0
2025-01-26 09:00:00,39.92,0.0,200.0,50.0,True,25.0
2025-01-26 10:00:00,36.58,2.7,200.0,50.0,True,25.0
2025-01-26 11:00:00,35.41,8.9,200.0,50.0,True,25.0
2025-01-26 12:00:00,30.94,16.1,200.0,50.0,True,25.0
2025-01-26 13:00:00,33.3,22.9,200.0,50.0,True,25.0
2025-01-26 14:00:00,30.72,22.6,200.0,50.0,True,25.0
2025-01-26 15:00:00,35.3,14.7,200.0,50.0,True,25.0
2025-01-26 16:00:00,42.2,0.0,200.0,50.0,True,25.0
2025-01-26 17:00:00,49.71,0.0,200.0,50.0,True,25.0
2025-01-26 18:00:00,54.39,0.0,200.0,50.0,True,25.0
2025-01-26 19:00:00,58.93,0.0,200.0,50.0,True,25.0
2025-01-26 20:00:00,52.9,0.0,200.0,50.0,True,25.0
2025-01-26 21:00:00,41.83,0.0,200.0,50.0,True,25.0
2025-01-26 22:00:00,30.32,0.0,200.0,50.0,True,25.0
2025-01-26 23:00:00,25.92,0.0,200.0,50.0,True,25.0
2025-01-27 00:00:00,24.81,0.0,200.0,50.0,True,25.0
2025-01-27 01:00:00,23.27,0.0,200.0,50.0,True,25.0
2025-01-27 02:00:00,20.41,0.0,200.0,50.0,True,25.0
2025-01-27 03:00:00,20.66,0.0,200.0,50.0,True,25.0
2025-01-27 04:00:00,22.89,0.0,200.0,50.0,True,25.0
2025-01-27 05:00:00,27.26,0.0,200.0,50.0,True,25.0
2025-01-27 06:00:00,30.53,0.0,200.0,50.0,True,25.0
2025-01-27 07:00:00,42.13,0.0,200.0,50.0,True,25.0
2025-01-27 08:00:00,45.19,0.0,200.0,50.0,True,25.0
2025-01-27 09:00:00,42.6,0.0,200.0,50.0,True,25.0
2025-01-27 10:00:00,39.18,3.3,200.0,50.0,True,25.0
2025-01-27 11:00:00,37.31,12.1,200.0,50.0,True,25.0
2025-01-27 12:00:00,37.29,19.3,200.0,50.0,True,25.0
2025-01-27 13:00:00,34.76,24.7,200.0,50.0,True,25.0
2025-01-27 14:00:00,35.81,26.8,200.0,50.0,True,25.0
2025-01-27 15:00:00,40.18,20.9,200.0,50.0,True,25.0
2025-01-27 16:00:00,45.97,3.2,200.0,50.0,True,25.0
2025-01-27 17:00:00,56.87,0.0,200.0,50.0,True,25.0
2025-01-27 18:00:00,62.88,0.0,200.0,50.0,True,25.0
2025-01-27 19:00:00,66.37,0.0,200.0,50.0,True,25.0
2025-01-27 20:00:00,60.16,0.0,200.0,50.0,True,25.0
2025-01-27 21:00:00,46.08,0.0,200.0,50.0,True,25.0
2025-01-27 22:00:00,36.9,0.0,200.0,50.0,True,25.0
2025-01-27 23:00:00,25.65,0.0,200.0,50.0,True,25.0
2025-01-28 00:00:00,23.93,0.0,200.0,50.0,True,25.0
2025-01-28 01:00:00,23.64,0.0,200.0,50.0,True,25.0
2025-01-28 02:00:00,22.3,0.0,200.0,50.0,True,25.0
2025-01-28 03:00:00,19.04,0.0,200.0,50.0,True,25.0
2025-01-28 04:00:00,20.97,0.0,200.0,50.0,True,25.0
2025-01-28 05:00:00,21.87,0.0,200.0,50.0,True,25.0
2025-01-28 06:00:00,29.16,0.0,200.0,50.0,True,25.0
2025-01-28 07:00:00,41.09,0.0,200.0,50.0,True,25.0
2025-01-28 08:00:00,43.57,0.0,200.0,50.0,True,25.0
2025-01-28 09:00:00,42.52,0.0,200.0,50.0,True,25.0
2025-01-28 10:00:00,40.41,0.9,200.0,50.0,True,25.0
2025-01-28 11:00:00,38.51,5.1,200.0,50.0,True,25.0
2025-01-28 12:00:00,37.77,10.9,200.0,50.0,True,25.0
2025-01-28 13:00:00,35.15,16.6,200.0,50.0,True,25.0
2025-01-28 14:00:00,37.64,17.0,200.0,50.0,True,25.0
2025-01-28 15:00:00,37.42,11.3,200.0,50.0,True,25.0
2025-01-28 16:00:00,47.49,0.0,200.0,50.0,True,25.0
2025-01-28 17:00:00,54.23,0.0,200.0,50.0,True,25.0
2025-01-28 18:00:00,62.18,0.0,200.0,50.0,True,25.0
2025-01-28 19:00:00,64.55,0.0,200.0,50.0,True,25.0
2025-01-28 20:00:00,60.92,0.0,200.0,50.0,True,25.0
2025-01-28 21:00:00,47.02,0.0,200.0,50.0,True,25.0
2025-01-28 22:00:00,35.76,0.0,200.0,50.0,True,25.0
2025-01-28 23:00:00,27.7,0.0,200.0,50.0,True,25.0
2025-01-29 00:00:00,25.3,0.0,200.0,50.0,True,25.0
2025-01-29 01:00:00,23.97,0.0,200.0,50.0,True,25.0
2025-01-29 02:00:00,24.35,0.0,200.0,50.0,True,25.0
2025-01-29 03:00:00,24.03,0.0,200.0,50.0,True,25.0
2025-01-29 04:00:00,23.09,0.0,200.0,50.0,True,25.0
2025-01-29 05:00:00,25.44,0.0,200.0,50.0,True,25.0
2025-01-29 06:00:00,29.31,0.0,200.0,50.0,True,25.0
2025-01-29 07:00:00,42.67,0.0,200.0,50.0,True,25.0
2025-01-29 08:00:00,44.49,0.0,200.0,50.0,True,25.0
2025-01-29 09:00:00,41.96,0.0,200.0,50.0,True,25.0
2025-01-29 10:00:00,40.85,0.0,200.0,50.0,True,25.0
2025-01-29 11:00:00,37.69,2.0,200.0,50.0,True,25.0
2025-01-29 12:00:00,33.73,9.0,200.0,50.0,True,25.0
2025-01-29 13:00:00,36.07,9.9,200.0,50.0,True,25.0
2025-01-29 14:00:00,38.15,6.9,200.0,50.0,True,25.0
2025-01-29 15:00:00,41.05,0.0,200.0,50.0,True,25.0
2025-01-29 16:00:00,46.14,0.0,200.0,50.0,True,25.0
2025-01-29 17:00:00,55.78,0.0,200.0,50.0,True,25.0
2025-01-29 18:00:00,63.66,0.0,200.0,50.0,True,25.0
2025-01-29 19:00:00,65.55,0.0,200.0,50.0,True,25.0
2025-01-29 20:00:00,59.54,0.0,200.0,50.0,True,25.0
2025-01-29 21:00:00,48.1,0.0,200.0,50.0,True,25.0
2025-01-29 22:00:00,38.4,0.0,200.0,50.0,True,25.0
2025-01-29 23:00:00,29.41,0.0,200.0,50.0,True,25.0
2025-01-30 00:00:00,25.12,0.0,200.0,50.0,True,25.0
2025-01-30 01:00:00,23.86,0.0,200.0,50.0,True,25.0
2025-01-30 02:00:00,23.09,0.0,200.0,50.0,True,25.0
2025-01-30 03:00:00,22.28,0.0,200.0,50.0,True,25.0
2025-01-30 04:00:00,21.39,0.0,200.0,50.0,True,25.0
2025-01-30 05:00:00,24.41,0.0,200.0,50.0,True,25.0
2025-01-30 06:00:00,29.78,0.0,200.0,50.0,True,25.0
2025-01-30 07:00:00,41.29,0.0,200.0,50.0,True,25.0
2025-01-30 08:00:00,45.08,0.0,200.0,50.0,True,25.0
2025-01-30 09:00:00,40.77,1.4,200.0,50.0,True,25.0
2025-01-30 10:00:00,40.84,9.5,200.0,50.0,True,25.0
2025-01-30 11:00:00,40.09,17.0,200.0,50.0,True,25.0
2025-01-30 12:00:00,36.24,28.3,200.0,50.0,True,25.0
2025-01-30 13:00:00,35.75,35.7,200.0,50.0,True,25.0
2025-01-30 14:00:00,37.4,37.8,200.0,50.0,True,25.0
2025-01-30 15:00:00,38.79,32.5,200.0,50.0,True,25.0
2025-01-30 16:00:00,46.32,14.4,200.0,50.0,True,25.0
2025-01-30 17:00:00,57.28,0.0,200.0,50.0,True,25.0
2025-01-30 18:00:00,62.73,0.0,200.0,50.0,True,25.0
2025-01-30 19:00:00,66.36,0.0,200.0,50.0,True,25.0
2025-01-30 20:00:00,59.63,0.0,200.0,50.0,True,25.0
2025-01-30 21:00:00,47.25,0.0,200.0,50.0,True,25.0
2025-01-30 22:00:00,36.41,0.0,200.0,50.0,True,25.0
2025-01-30 23:00:00,28.2,0.0,200.0,50.0,True,25.0
2025-01-31 00:00:00,23.92,0.0,200.0,50.0,True,25.0
2025-01-31 01:00:00,22.76,0.0,200.0,50.0,True,25.0
2025-01-31 02:00:00,22.38,0.0,200.0,50.0,True,25.0
2025-01-31 03:00:00,20.94,0.0,200.0,50.0,True,25.0
2025-01-31 04:00:00,21.98,0.0,200.0,50.0,True,25.0
2025-01-31 05:00:00,25.26,0.0,200.0,50.0,True,25.0
2025-01-31 06:00:00,31.39,0.0,200.0,50.0,True,25.0
2025-01-31 07:00:00,38.99,0.0,200.0,50.0,True,25.0
2025-01-31 08:00:00,43.9,0.0,200.0,50.0,True,25.0
2025-01-31 09:00:00,39.91,3.9,200.0,50.0,True,25.0
2025-01-31 10:00:00,40.16,12.5,200.0,50.0,True,25.0
2025-01-31 11:00:00,38.62,24.0,200.0,50.0,True,25.0
2025-01-31 12:00:00,37.2,36.1,200.0,50.0,True,25.0
2025-01-31 13:00:00,35.55,46.6,200.0,50.0,True,25.0
2025-01-31 14:00:00,37.17,50.7,200.0,50.0,True,25.0
2025-01-31 15:00:00,40.44,45.6,200.0,50.0,True,25.0
2025-01-31 16:00:00,45.31,29.3,200.0,50.0,True,25.0
2025-01-31 17:00:00,54.4,2.7,200.0,50.0,True,25.0
2025-01-31 18:00:00,63.11,0.0,200.0,50.0,True,25.0
2025-01-31 19:00:00,64.42,0.0,200.0,50.0,True,25.0
2025-01-31 20:00:00,59.43,0.0,200.0,50.0,True,25.0
2025-01-31 21:00:00,47.46,0.0,200.0,50.0,True,25.0
2025-01-31 22:00:00,37.02,0.0,200.0,50.0,True,25.0
2025-01-31 23:00:00,28.89,0.0,200.0,50.0,True,25.0
2025-02-01 00:00:00,22.52,0.0,200.0,50.0,True,25.0
2025-02-01 01:00:00,20.82,0.0,200.0,50.0,True,25.0
2025-02-01 02:00:00,19.4,0.0,200.0,50.0,True,25.0
2025-02-01 03:00:00,18.46,0.0,200.0,50.0,True,25.0
2025-02-01 04:00:00,20.21,0.0,200.0,50.0,True,25.0
2025-02-01 05:00:00,24.91,0.0,200.0,50.0,True,25.0
2025-02-01 06:00:00,25.86,0.0,200.0,50.0,True,25.0
2025-02-01 07:00:00,35.56,0.0,200.0,50.0,True,25.0
2025-02-01 08:00:00,37.45,0.0,200.0,50.0,True,25.0
2025-02-01 09:00:00,37.17,5.1,200.0,50.0,True,25.0
2025-02-01 10:00:00,34.7,16.3,200.0,50.0,True,25.0
2025-02-01 11:00:00,33.67,29.7,200.0,50.0,True,25.0
2025-02-01 12:00:00,32.31,45.2,200.0,50.0,True,25.0
2025-02-01 13:00:00,30.52,58.6,200.0,50.0,True,25.0
2025-02-01 14:00:00,29.98,66.6,200.0,50.0,True,25.0
2025-02-01 15:00:00,37.22,63.8,200.0,50.0,True,25.0
2025-02-01 16:00:00,41.58,49.6,200.0,50.0,True,25.0
2025-02-01 17:00:00,48.87,23.6,200.0,50.0,True,25.0
2025-02-01 18:00:00,54.72,0.0,200.0,50.0,True,25.0
2025-02-01 19:00:00,57.59,0.0,200.0,50.0,True,25.0
2025-02-01 20:00:00,52.85,0.0,200.0,50.0,True,25.0
2025-02-01 21:00:00,43.19,0.0,200.0,50.0,True,25.0
2025-02-01 22:00:00,33.16,0.0,200.0,50.0,True,25.0
2025-02-01 23:00:00,26.62,0.0,200.0,50.0,True,25.0
2025-02-02 00:00:00,19.88,0.0,200.0,50.0,True,25.0
2025-02-02 01:00:00,19.92,0.0,200.0,50.0,True,25.0
2025-02-02 02:00:00,20.8,0.0,200.0,50.0,True,25.0
2025-02-02 03:00:00,17.48,0.0,200.0,50.0,True,25.0
2025-02-02 04:00:00,21.07,0.0,200.0,50.0,True,25.0
2025-02-02 05:00:00,24.14,0.0,200.0,50.0,True,25.0
2025-02-02 06:00:00,28.47,0.0,200.0,50.0,True,25.0
2025-02-02 07:00:00,36.29,0.0,200.0,50.0,True,25.0
2025-02-02 08:00:00,38.34,0.0,200.0,50.0,True,25.0
2025-02-02 09:00:00,37.52,3.7,200.0,50.0,True,25.0
2025-02-02 10:00:00,33.88,12.9,200.0,50.0,True,25.0
2025-02-02 11:00:00,32.87,24.4,200.0,50.0,True,25.0
2025-02-02 12:00:00,31.26,36.7,200.0,50.0,True,25.0
2025-02-02 13:00:00,31.17,47.7,200.0,50.0,True,25.0
2025-02-02 14:00:00,31.64,54.0,200.0,50.0,True,25.0
2025-02-02 15:00:00,35.81,50.4,200.0,50.0,True,25.0
2025-02-02 16:00:00,41.62,35.2,200.0,50.0,True,25.0
2025-02-02 17:00:00,48.16,9.6,200.0,50.0,True,25.0
2025-02-02 18:00:00,55.95,0.0,200.0,50.0,True,25.0
2025-02-02 19:00:00,56.97,0.0,200.0,50.0,True,25.0
2025-02-02 20:00:00,52.62,0.0,200.0,50.0,True,25.0
2025-02-02 21:00:00,43.08,0.0,200.0,50.0,True,25.0
2025-02-02 22:00:00,33.22,0.0,200.0,50.0,True,25.0
2025-02-02 23:00:00,26.16,0.0,200.0,50.0,True,25.0
2025-02-03 00:00:00,25.46,0.0,200.0,50.0,True,25.0
2025-02-03 01:00:00,21.34,0.0,200.0,50.0,True,25.0
2025-02-03 02:00:00,20.97,0.0,200.0,50.0,True,25.0
2025-02-03 03:00:00,20.13,0.0,200.0,50.0,True,25.0
2025-02-03 04:00:00,22.7,0.0,200.0,50.0,True,25.0
2025-02-03 05:00:00,23.41,0.0,200.0,50.0,True,25.0
2025-02-03 06:00:00,31.12,0.0,200.0,50.0,True,25.0
2025-02-03 07:00:00,40.64,0.0,200.0,50.0,True,25.0
2025-02-03 08:00:00,41.84,0.0,200.0,50.0,True,25.0
2025-02-03 09:00:00,40.93,1.2,200.0,50.0,True,25.0
2025-02-03 10:00:00,41.57,7.3,200.0,50.0,True,25.0
2025-02-03 11:00:00,39.24,18.0,200.0,50.0,True,25.0
2025-02-03 12:00:00,35.46,30.1,200.0,50.0,True,25.0
2025-02-03 13:00:00,34.09,40.4,200.0,50.0,True,25.0
2025-02-03 14:00:00,33.54,45.4,200.0,50.0,True,25.0
2025-02-03 15:00:00,42.08,39.8,200.0,50.0,True,25.0
2025-02-03 16:00:00,46.13,22.9,200.0,50.0,True,25.0
2025-02-03 17:00:00,57.94,0.0,200.0,50.0,True,25.0
2025-02-03 18:00:00,63.13,0.0,200.0,50.0,True,25.0
2025-02-03 19:00:00,65.62,0.0,200.0,50.0,True,25.0
2025-02-03 20:00:00,60.59,0.0,200.0,50.0,True,25.0
2025-02-03 21:00:00,49.97,0.0,200.0,50.0,True,25.0
2025-02-03 22:00:00,37.08,0.0,200.0,50.0,True,25.0
2025-02-03 23:00:00,28.8,0.0,200.0,50.0,True,25.0
2025-02-04 00:00:00,24.98,0.0,200.0,50.0,True,25.0
2025-02-04 01:00:00,21.78,0.0,200.0,50.0,True,25.0
2025-02-04 02:00:00,21.8,0.0,200.0,50.0,True,25.0
2025-02-04 03:00:00,21.17,0.0,200.0,50.0,True,25.0
2025-02-04 04:00:00,23.92,0.0,200.0,50.0,True,25.0
2025-02-04 05:00:00,24.43,0.0,200.0,50.0,True,25.0
2025-02-04 06:00:00,31.98,0.0,200.0,50.0,True,25.0
2025-02-04 07:00:00,40.2,0.0,200.0,50.0,True,25.0
2025-02-04 08:00:00,45.63,0.0,200.0,50.0,True,25.0
2025-02-04 09:00:00,43.03,0.0,200.0,50.0,True,25.0
2025-02-04 10:00:00,41.03,0.0,200.0,50.0,True,25.0
2025-02-04 11:00:00,39.56,0.0,200.0,50.0,True,25.0
2025-02-04 12:00:00,37.46,0.0,200.0,50.0,True,25.0
2025-02-04 13:00:00,36.59,0.0,200.0,50.0,True,25.0
2025-02-04 14:00:00,39.02,0.0,200.0,50.0,True,25.0
2025-02-04 15:00:00,42.24,0.0,200.0,50.0,True,25.0
2025-02-04 16:00:00,46.62,0.0,200.0,50.0,True,25.0
2025-02-04 17:00:00,55.13,0.0,200.0,50.0,True,25.0
2025-02-04 18:00:00,63.77,0.0,200.0,50.0,True,25.0
2025-02-04 19:00:00,62.94,0.0,200.0,50.0,True,25.0
2025-02-04 20:00:00,60.49,0.0,200.0,50.0,True,25.0
2025-02-04 21:00:00,46.71,0.0,200.0,50.0,True,25.0
2025-02-04 22:00:00,37.81,0.0,200.0,50.0,True,25.0
2025-02-04 23:00:00,31.16,0.0,200.0,50.0,True,25.0
2025-02-05 00:00:00,23.2,0.0,200.0,50.0,True,25.0
2025-02-05 01:00:00,22.96,0.0,200.0,50.0,True,25.0
2025-02-05 02:00:00,20.98,0.0,200.0,50.0,True,25.0
2025-02-05 03:00:00,19.03,0.0,200.0,50.0,True,25.0
2025-02-05 04:00:00,22.13,0.0,200.0,50.0,True,25.0
2025-02-05 05:00:00,25.7,0.0,200.0,50.0,True,25.0
2025-02-05 06:00:00,31.6,0.0,200.0,50.0,True,25.0
2025-02-05 07:00:00,40.47,0.0,200.0,50.0,True,25.0
2025-02-05 08:00:00,42.13,0.0,200.0,50.0,True,25.0
2025-02-05 09:00:00,42.35,0.0,200.0,50.0,True,25.0
2025-02-05 10:00:00,38.5,0.0,200.0,50.0,True,25.0
2025-02-05 11:00:00,36.66,0.0,200.0,50.0,True,25.0
2025-02-05 12:00:00,35.25,1.4,200.0,50.0,True,25.0
2025-02-05 13:00:00,36.56,0.0,200.0,50.0,True,25.0
2025-02-05 14:00:00,37.1,0.0,200.0,50.0,True,25.0
2025-02-05 15:00:00,40.67,0.0,200.0,50.0,True,25.0
2025-02-05 16:00:00,45.01,0.0,200.0,50.0,True,25.0
2025-02-05 17:00:00,55.17,0.0,200.0,50.0,True,25.0
2025-02-05 18:00:00,61.66,0.0,200.0,50.0,True,25.0
2025-02-05 19:00:00,66.86,0.0,200.0,50.0,True,25.0
2025-02-05 20:00:00,62.11,0.0,200.0,50.0,True,25.0
2025-02-05 21:00:00,48.63,0.0,200.0,50.0,True,25.0
2025-02-05 22:00:00,37.33,0.0,200.0,50.0,True,25.0
2025-02-05 23:00:00,28.59,0.0,200.0,50.0,True,25.0
2025-02-06 00:00:00,22.98,0.0,200.0,50.0,True,25.0
2025-02-06 01:00:00,22.0,0.0,200.0,50.0,True,25.0
2025-02-06 02:00:00,21.69,0.0,200.0,50.0,True,25.0
2025-02-06 03:00:00,20.63,0.0,200.0,50.0,True,25.0
2025-02-06 04:00:00,21.51,0.0,200.0,50.0,True,25.0
2025-02-06 05:00:00,24.99,0.0,200.0,50.0,True,25.0
2025-02-06 06:00:00,29.66,0.0,200.0,50.0,True,25.0
2025-02-06 07:00:00,42.87,0.0,200.0,50.0,True,25.0
2025-02-06 08:00:00,42.47,0.0,200.0,50.0,True,25.0
2025-02-06 09:00:00,43.25,0.5,200.0,50.0,True,25.0
2025-02-06 10:00:00,39.95,7.4,200.0,50.0,True,25.0
2025-02-06 11:00:00,38.91,13.2,200.0,50.0,True,25.0
2025-02-06 12:00:00,37.04,21.6,200.0,50.0,True,25.0
2025-02-06 13:00:00,35.47,28.9,200.0,50.0,True,25.0
2025-02-06 14:00:00,35.07,31.4,200.0,50.0,True,25.0
2025-02-06 15:00:00,39.87,23.9,200.0,50.0,True,25.0
2025-02-06 16:00:00,46.22,4.0,200.0,50.0,True,25.0
2025-02-06 17:00:00,55.74,0.0,200.0,50.0,True,25.0
2025-02-06 18:00:00,62.05,0.0,200.0,50.0,True,25.0
2025-02-06 19:00:00,66.75,0.0,200.0,50.0,True,25.0
2025-02-06 20:00:00,56.45,0.0,200.0,50.0,True,25.0
2025-02-06 21:00:00,47.64,0.0,200.0,50.0,True,25.0
2025-02-06 22:00:00,35.33,0.0,200.0,50.0,True,25.0
2025-02-06 23:00:00,28.98,0.0,200.0,50.0,True,25.0
2025-02-07 00:00:00,26.14,0.0,200.0,50.0,True,25.0
2025-02-07 01:00:00,21.31,0.0,200.0,50.0,True,25.0
2025-02-07 02:00:00,25.06,0.0,200.0,50.0,True,25.0
2025-02-07 03:00:00,21.33,0.0,200.0,50.0,True,25.0
2025-02-07 04:00:00,22.69,0.0,200.0,50.0,True,25.0
2025-02-07 05:00:00,23.19,0.0,200.0,50.0,True,25.0
2025-02-07 06:00:00,30.61,0.0,200.0,50.0,True,25.0
2025-02-07 07:00:00,41.42,0.0,200.0,50.0,True,25.0
2025-02-07 08:00:00,44.34,0.0,200.0,50.0,True,25.0
2025-02-07 09:00:00,42.33,0.0,200.0,50.0,True,25.0
2025-02-07 10:00:00,40.19,0.0,200.0,50.0,True,25.0
2025-02-07 11:00:00,36.68,5.7,200.0,50.0,True,25.0
2025-02-07 12:00:00,34.76,12.5,200.0,50.0,True,25.0
2025-02-07 13:00:00,36.67,17.9,200.0,50.0,True,25.0
2025-02-07 14:00:00,37.48,19.0,200.0,50.0,True,25.0
2025-02-07 15:00:00,41.49,10.5,200.0,50.0,True,25.0
2025-02-07 16:00:00,45.01,0.0,200.0,50.0,True,25.0
2025-02-07 17:00:00,55.39,0.0,200.0,50.0,True,25.0
2025-02-07 18:00:00,64.73,0.0,200.0,50.0,True,25.0
2025-02-07 19:00:00,63.69,0.0,200.0,50.0,True,25.0
2025-02-07 20:00:00,60.77,0.0,200.0,50.0,True,25.0
2025-02-07 21:00:00,47.21,0.0,200.0,50.0,True,25.0
2025-02-07 22:00:00,35.39,0.0,200.0,50.0,True,25.0
2025-02-07 23:00:00,28.71,0.0,200.0,50.0,True,25.0
2025-02-08 00:00:00,20.58,0.0,200.0,50.0,True,25.0
2025-02-08 01:00:00,17.95,0.0,200.0,50.0,True,25.0
2025-02-08 02:00:00,19.65,0.0,200.0,50.0,True,25.0
2025-02-08 03:00:00,19.19,0.0,200.0,50.0,True,25.0
2025-02-08 04:00:00,21.01,0.0,200.0,50.0,True,25.0
2025-02-08 05:00:00,22.64,0.0,200.0,50.0,True,25.0
2025-02-08 06:00:00,29.33,0.0,200.0,50.0,True,25.0
2025-02-08 07:00:00,37.04,0.0,200.0,50.0,True,25.0
2025-02-08 08:00:00,39.66,0.0,200.0,50.0,True,25.0
2025-02-08 09:00:00,37.65,0.2,200.0,50.0,True,25.0
2025-02-08 10:00:00,36.88,5.8,200.0,50.0,True,25.0
2025-02-08 11:00:00,31.06,16.9,200.0,50.0,True,25.0
2025-02-08 12:00:00,31.45,25.9,200.0,50.0,True,25.0
2025-02-08 13:00:00,28.79,37.5,200.0,50.0,True,25.0
2025-02-08 14:00:00,32.83,42.1,200.0,50.0,True,25.0
2025-02-08 15:00:00,34.51,39.3,200.0,50.0,True,25.0
2025-02-08 16:00:00,44.08,22.8,200.0,50.0,True,25.0
2025-02-08 17:00:00,48.27,0.0,200.0,50.0,True,25.0
2025-02-08 18:00:00,55.76,0.0,200.0,50.0,True,25.0
2025-02-08 19:00:00,56.84,0.0,200.0,50.0,True,25.0
2025-02-08 20:00:00,51.67,0.0,200.0,50.0,True,25.0
2025-02-08 21:00:00,40.65,0.0,200.0,50.0,True,25.0
2025-02-08 22:00:00,30.49,0.0,200.0,50.0,True,25.0
2025-02-08 23:00:00,22.67,0.0,200.0,50.0,True,25.0
2025-02-09 00:00:00,22.56,0.0,200.0,50.0,True,25.0
2025-02-09 01:00:00,19.71,0.0,200.0,50.0,True,25.0
2025-02-09 02:00:00,21.87,0.0,200.0,50.0,True,25.0
2025-02-09 03:00:00,17.04,0.0,200.0,50.0,True,25.0
2025-02-09 04:00:00,21.32,0.0,200.0,50.0,True,25.0
2025-02-09 05:00:00,23.79,0.0,200.0,50.0,True,25.0
2025-02-09 06:00:00,28.49,0.0,200.0,50.0,True,25.0
2025-02-09 07:00:00,35.67,0.0,200.0,50.0,True,25.0
2025-02-09 08:00:00,38.35,0.0,200.0,50.0,True,25.0
2025-02-09 09:00:00,38.6,3.7,200.0,50.0,True,25.0
2025-02-09 10:00:00,34.43,16.4,200.0,50.0,True,25.0
2025-02-09 11:00:00,34.02,31.8,200.0,50.0,True,25.0
2025-02-09 12:00:00,31.96,46.3,200.0,50.0,True,25.0
2025-02-09 13:00:00,29.93,59.2,200.0,50.0,True,25.0
2025-02-09 14:00:00,32.35,66.3,200.0,50.0,True,25.0
2025-02-09 15:00:00,36.27,64.9,200.0,50.0,True,25.0
2025-02-09 16:00:00,39.32,52.6,200.0,50.0,True,25.0
2025-02-09 17:00:00,49.42,26.3,200.0,50.0,True,25.0
2025-02-09 18:00:00,52.93,0.0,200.0,50.0,True,25.0
2025-02-09 19:00:00,56.03,0.0,200.0,50.0,True,25.0
2025-02-09 20:00:00,51.69,0.0,200.0,50.0,True,25.0
2025-02-09 21:00:00,42.55,0.0,200.0,50.0,True,25.0
2025-02-09 22:00:00,33.06,0.0,200.0,50.0,True,25.0
2025-02-09 23:00:00,25.37,0.0,200.0,50.0,True,25.0
2025-02-10 00:00:00,25.56,0.0,200.0,50.0,True,25.0
2025-02-10 01:00:00,22.77,0.0,200.0,50.0,True,25.0
2025-02-10 02:00:00,22.68,0.0,200.0,50.0,True,25.0
2025-02-10 03:00:00,21.47,0.0,200.0,50.0,True,25.0
2025-02-10 04:00:00,21.59,0.0,200.0,50.0,True,25.0
2025-02-10 05:00:00,24.45,0.0,200.0,50.0,True,25.0
2025-02-10 06:00:00,31.34,0.0,200.0,50.0,True,25.0
2025-02-10 07:00:00,42.36,0.0,200.0,50.0,True,25.0
2025-02-10 08:00:00,45.46,0.0,200.0,50.0,True,25.0
2025-02-10 09:00:00,40.75,0.0,200.0,50.0,True,25.0
2025-02-10 10:00:00,38.84,3.1,200.0,50.0,True,25.0
2025-02-10 11:00:00,37.63,11.8,200.0,50.0,True,25.0
2025-02-10 12:00:00,36.48,19.5,200.0,50.0,True,25.0
2025-02-10 13:00:00,35.27,25.8,200.0,50.0,True,25.0
2025-02-10 14:00:00,37.85,28.6,200.0,50.0,True,25.0
2025-02-10 15:00:00,41.74,23.6,200.0,50.0,True,25.0
2025-02-10 16:00:00,45.94,7.6,200.0,50.0,True,25.0
2025-02-10 17:00:00,55.22,0.0,200.0,50.0,True,25.0
2025-02-10 18:00:00,63.77,0.0,200.0,50.0,True,25.0
2025-02-10 19:00:00,66.34,0.0,200.0,50.0,True,25.0
2025-02-10 20:00:00,59.99,0.0,200.0,50.0,True,25.0
2025-02-10 21:00:00,47.32,0.0,200.0,50.0,True,25.0
2025-02-10 22:00:00,35.63,0.0,200.0,50.0,True,25.0
2025-02-10 23:00:00,27.37,0.0,200.0,50.0,True,25.0
2025-02-11 00:00:00,25.1,0.0,200.0,50.0,True,25.0
2025-02-11 01:00:00,23.7,0.0,200.0,50.0,True,25.0
2025-02-11 02:00:00,23.07,0.0,200.0,50.0,True,25.0
2025-02-11 03:00:00,22.42,0.0,200.0,50.0,True,25.0
2025-02-11 04:00:00,23.96,0.0,200.0,50.0,True,25.0
2025-02-11 05:00:00,23.21,0.0,200.0,50.0,True,25.0
2025-02-11 06:00:00,31.09,0.0,200.0,50.0,True,25.0
2025-02-11 07:00:00,40.69,0.0,200.0,50.0,True,25.0
2025-02-11 08:00:00,43.9,0.0,200.0,50.0,True,25.0
2025-02-11 09:00:00,41.08,0.0,200.0,50.0,True,25.0
2025-02-11 10:00:00,41.9,3.2,200.0,50.0,True,25.0
2025-02-11 11:00:00,37.55,11.1,200.0,50.0,True,25.0
2025-02-11 12:00:00,33.71,15.4,200.0,50.0,True,25.0
2025-02-11 13:00:00,35.22,14.9,200.0,50.0,True,25.0
2025-02-11 14:00:00,36.05,12.1,200.0,50.0,True,25.0
2025-02-11 15:00:00,42.39,0.0,200.0,50.0,True,25.0
2025-02-11 16:00:00,46.49,0.0,200.0,50.0,True,25.0
2025-02-11 17:00:00,55.1,0.0,200.0,50.0,True,25.0
2025-02-11 18:00:00,62.88,0.0,200.0,50.0,True,25.0
2025-02-11 19:00:00,64.78,0.0,200.0,50.0,True,25.0
2025-02-11 20:00:00,61.95,0.0,200.0,50.0,True,25.0
2025-02-11 21:00:00,48.63,0.0,200.0,50.0,True,25.0
2025-02-11 22:00:00,34.65,0.0,200.0,50.0,True,25.0
2025-02-11 23:00:00,28.4,0.0,200.0,50.0,True,25.0
2025-02-12 00:00:00,24.82,0.0,200.0,50.0,True,25.0
2025-02-12 01:00:00,21.61,0.0,200.0,50.0,True,25.0
2025-02-12 02:00:00,20.03,0.0,200.0,50.0,True,25.0
2025-02-12 03:00:00,21.74,0.0,200.0,50.0,True,25.0
2025-02-12 04:00:00,21.21,0.0,200.0,50.0,True,25.0
2025-02-12 05:00:00,26.35,0.0,200.0,50.0,True,25.0
2025-02-12 06:00:00,30.59,0.0,200.0,50.0,True,25.0
2025-02-12 07:00:00,39.57,0.0,200.0,50.0,True,25.0
2025-02-12 08:00:00,41.06,0.0,200.0,50.0,True,25.0
2025-02-12 09:00:00,43.52,0.0,200.0,50.0,True,25.0
2025-02-12 10:00:00,40.49,0.0,200.0,50.0,True,25.0
2025-02-12 11:00:00,37.69,1.3,200.0,50.0,True,25.0
2025-02-12 12:00:00,35.25,2.7,200.0,50.0,True,25.0
2025-02-12 13:00:00,37.09,4.2,200.0,50.0,True,25.0
2025-02-12 14:00:00,35.04,2.9,200.0,50.0,True,25.0
2025-02-12 15:00:00,39.7,0.0,200.0,50.0,True,25.0
2025-02-12 16:00:00,46.56,0.0,200.0,50.0,True,25.0
2025-02-12 17:00:00,57.17,0.0,200.0,50.0,True,25.0
2025-02-12 18:00:00,62.82,0.0,200.0,50.0,True,25.0
2025-02-12 19:00:00,64.11,0.0,200.0,50.0,True,25.0
2025-02-12 20:00:00,59.13,0.0,200.0,50.0,True,25.0
2025-02-12 21:00:00,48.87,0.0,200.0,50.0,True,25.0
2025-02-12 22:00:00,37.67,0.0,200.0,50.0,True,25.0
2025-02-12 23:00:00,27.02,0.0,200.0,50.0,True,25.0
2025-02-13 00:00:00,24.97,0.0,200.0,50.0,True,25.0
2025-02-13 01:00:00,21.2,0.0,200.0,50.0,True,25.0
2025-02-13 02:00:00,23.22,0.0,200.0,50.0,True,25.0
2025-02-13 03:00:00,21.52,0.0,200.0,50.0,True,25.0
2025-02-13 04:00:00,21.05,0.0,200.0,50.0,True,25.0
2025-02-13 05:00:00,26.67,0.0,200.0,50.0,True,25.0
2025-02-13 06:00:00,30.97,0.0,200.0,50.0,True,25.0
2025-02-13 07:00:00,40.39,0.0,200.0,50.0,True,25.0
2025-02-13 08:00:00,43.72,0.0,200.0,50.0,True,25.0
2025-02-13 09:00:00,42.02,2.7,200.0,50.0,True,25.0
2025-02-13 10:00:00,39.66,11.0,200.0,50.0,True,25.0
2025-02-13 11:00:00,37.32,21.4,200.0,50.0,True,25.0
2025-02-13 12:00:00,37.77,33.0,200.0,50.0,True,25.0
2025-02-13 13:00:00,34.56,41.5,200.0,50.0,True,25.0
2025-02-13 14:00:00,35.66,45.4,200.0,50.0,True,25.0
2025-02-13 15:00:00,39.96,42.4,200.0,50.0,True,25.0
2025-02-13 16:00:00,47.56,25.0,200.0,50.0,True,25.0
2025-02-13 17:00:00,56.76,0.0,200.0,50.0,True,25.0
2025-02-13 18:00:00,62.57,0.0,200.0,50.0,True,25.0
2025-02-13 19:00:00,66.42,0.0,200.0,50.0,True,25.0
2025-02-13 20:00:00,59.35,0.0,200.0,50.0,True,25.0
2025-02-13 21:00:00,46.74,0.0,200.0,50.0,True,25.0
2025-02-13 22:00:00,35.72,0.0,200.0,50.0,True,25.0
2025-02-13 23:00:00,30.3,0.0,200.0,50.0,True,25.0
2025-02-14 00:00:00,27.32,0.0,200.0,50.0,True,25.0
2025-02-14 01:00:00,23.29,0.0,200.0,50.0,True,25.0
2025-02-14 02:00:00,21.47,0.0,200.0,50.0,True,25.0
2025-02-14 03:00:00,20.85,0.0,200.0,50.0,True,25.0
2025-02-14 04:00:00,21.23,0.0,200.0,50.0,True,25.0
2025-02-14 05:00:00,24.08,0.0,200.0,50.0,True,25.0
2025-02-14 06:00:00,29.69,0.0,200.0,50.0,True,25.0
2025-02-14 07:00:00,39.99,0.0,200.0,50.0,True,25.0
2025-02-14 08:00:00,44.05,0.0,200.0,50.0,True,25.0
2025-02-14 09:00:00,41.82,4.3,200.0,50.0,True,25.0
2025-02-14 10:00:00,39.82,14.0,200.0,50.0,True,25.0
2025-02-14 11:00:00,39.09,27.1,200.0,50.0,True,25.0
2025-02-14 12:00:00,36.0,42.0,200.0,50.0,True,25.0
2025-02-14 13:00:00,34.93,54.0,200.0,50.0,True,25.0
2025-02-14 14:00:00,36.06,60.2,200.0,50.0,True,25.0
2025-02-14 15:00:00,41.94,56.1,200.0,50.0,True,25.0
2025-02-14 16:00:00,45.23,41.3,200.0,50.0,True,25.0
2025-02-14 17:00:00,56.08,14.7,200.0,50.0,True,25.0
2025-02-14 18:00:00,62.1,0.0,200.0,50.0,True,25.0
2025-02-14 19:00:00,65.33,0.0,200.0,50.0,True,25.0
2025-02-14 20:00:00,59.84,0.0,200.0,50.0,True,25.0
2025-02-14 21:00:00,49.03,0.0,200.0,50.0,True,25.0
2025-02-14 22:00:00,35.81,0.0,200.0,50.0,True,25.0
2025-02-14 23:00:00,27.3,0.0,200.0,50.0,True,25.0
2025-02-15 00:00:00,20.88,0.0,200.0,50.0,True,25.0
2025-02-15 01:00:00,21.3,0.0,200.0,50.0,True,25.0
2025-02-15 02:00:00,21.97,0.0,200.0,50.0,True,25.0
2025-02-15 03:00:00,19.47,0.0,200.0,50.0,True,25.0
2025-02-15 04:00:00,17.96,0.0,200.0,50.0,True,25.0
2025-02-15 05:00:00,22.79,0.0,200.0,50.0,True,25.0
2025-02-15 06:00:00,25.73,0.0,200.0,50.0,True,25.0
2025-02-15 07:00:00,34.84,0.0,200.0,50.0,True,25.0
2025-02-15 08:00:00,38.84,0.0,200.0,50.0,True,25.0
2025-02-15 09:00:00,37.36,6.6,200.0,50.0,True,25.0
2025-02-15 10:00:00,35.33,18.6,200.0,50.0,True,25.0
2025-02-15 11:00:00,32.86,34.6,200.0,50.0,True,25.0
2025-02-15 12:00:00,33.17,50.4,200.0,50.0,True,25.0
2025-02-15 13:00:00,30.26,64.0,200.0,50.0,True,25.0
2025-02-15 14:00:00,33.4,71.0,200.0,50.0,True,25.0
2025-02-15 15:00:00,33.62,71.7,200.0,50.0,True,25.0
2025-02-15 16:00:00,40.55,59.4,200.0,50.0,True,25.0
2025-02-15 17:00:00,47.21,34.2,200.0,50.0,True,25.0
2025-02-15 18:00:00,54.4,7.6,200.0,50.0,True,25.0
2025-02-15 19:00:00,56.46,0.0,200.0,50.0,True,25.0
2025-02-15 20:00:00,53.87,0.0,200.0,50.0,True,25.0
2025-02-15 21:00:00,43.54,0.0,200.0,50.0,True,25.0
2025-02-15 22:00:00,32.95,0.0,200.0,50.0,True,25.0
2025-02-15 23:00:00,25.22,0.0,200.0,50.0,True,25.0
2025-02-16 00:00:00,22.04,0.0,200.0,50.0,True,25.0
2025-02-16 01:00:00,21.65,0.0,200.0,50.0,True,25.0
2025-02-16 02:00:00,20.3,0.0,200.0,50.0,True,25.0
2025-02-16 03:00:00,18.48,0.0,200.0,50.0,True,25.0
2025-02-16 04:00:00,21.24,0.0,200.0,50.0,True,25.0
2025-02-16 05:00:00,22.79,0.0,200.0,50.0,True,25.0
2025-02-16 06:00:00,27.13,0.0,200.0,50.0,True,25.0
2025-02-16 07:00:00,34.68,0.0,200.0,50.0,True,25.0
2025-02-16 08:00:00,37.93,0.0,200.0,50.0,True,25.0
2025-02-16 09:00:00,36.51,8.2,200.0,50.0,True,25.0
2025-02-16 10:00:00,35.78,21.0,200.0,50.0,True,25.0
2025-02-16 11:00:00,34.56,36.8,200.0,50.0,True,25.0
2025-02-16 12:00:00,30.14,53.2,200.0,50.0,True,25.0
2025-02-16 13:00:00,28.53,66.6,200.0,50.0,True,25.0
2025-02-16 14:00:00,30.73,74.7,200.0,50.0,True,25.0
2025-02-16 15:00:00,34.74,74.6,200.0,50.0,True,25.0
2025-02-16 16:00:00,41.7,61.0,200.0,50.0,True,25.0
2025-02-16 17:00:00,48.32,35.3,200.0,50.0,True,25.0
2025-02-16 18:00:00,55.67,8.7,200.0,50.0,True,25.0
2025-02-16 19:00:00,57.54,0.0,200.0,50.0,True,25.0
2025-02-16 20:00:00,50.78,0.0,200.0,50.0,True,25.0
2025-02-16 21:00:00,43.69,0.0,200.0,50.0,True,25.0
2025-02-16 22:00:00,31.08,0.0,200.0,50.0,True,25.0
2025-02-16 23:00:00,27.04,0.0,200.0,50.0,True,25.0
2025-02-17 00:00:00,24.61,0.0,200.0,50.0,True,25.0
2025-02-17 01:00:00,22.46,0.0,200.0,50.0,True,25.0
2025-02-17 02:00:00,20.77,0.0,200.0,50.0,True,25.0
2025-02-17 03:00:00,21.19,0.0,200.0,50.0,True,25.0
2025-02-17 04:00:00,24.8,0.0,200.0,50.0,True,25.0
2025-02-17 05:00:00,25.26,0.0,200.0,50.0,True,25.0
2025-02-17 06:00:00,30.81,0.0,200.0,50.0,True,25.0
2025-02-17 07:00:00,39.21,0.0,200.0,50.0,True,25.0
2025-02-17 08:00:00,44.53,0.0,200.0,50.0,True,25.0
2025-02-17 09:00:00,42.1,0.0,200.0,50.0,True,25.0
2025-02-17 10:00:00,39.93,1.4,200.0,50.0,True,25.0
2025-02-17 11:00:00,38.7,3.8,200.0,50.0,True,25.0
2025-02-17 12:00:00,34.02,10.0,200.0,50.0,True,25.0
2025-02-17 13:00:00,34.93,11.1,200.0,50.0,True,25.0
2025-02-17 14:00:00,34.76,9.9,200.0,50.0,True,25.0
2025-02-17 15:00:00,40.04,1.4,200.0,50.0,True,25.0
2025-02-17 16:00:00,44.85,0.0,200.0,50.0,True,25.0
2025-02-17 17:00:00,54.46,0.0,200.0,50.0,True,25.0
2025-02-17 18:00:00,61.27,0.0,200.0,50.0,True,25.0
2025-02-17 19:00:00,66.11,0.0,200.0,50.0,True,25.0
2025-02-17 20:00:00,58.24,0.0,200.0,50.0,True,25.0
2025-02-17 21:00:00,46.88,0.0,200.0,50.0,True,25.0
2025-02-17 22:00:00,38.03,0.0,200.0,50.0,True,25.0
2025-02-17 23:00:00,29.26,0.0,200.0,50.0,True,25.0
2025-02-18 00:00:00,22.31,0.0,200.0,50.0,True,25.0
2025-02-18 01:00:00,24.51,0.0,200.0,50.0,True,25.0
2025-02-18 02:00:00,24.06,0.0,200.0,50.0,True,25.0
2025-02-18 03:00:00,22.81,0.0,200.0,50.0,True,25.0
2025-02-18 04:00:00,22.88,0.0,200.0,50.0,True,25.0
2025-02-18 05:00:00,23.43,0.0,200.0,50.0,True,25.0
2025-02-18 06:00:00,30.4,0.0,200.0,50.0,True,25.0
2025-02-18 07:00:00,38.24,0.0,200.0,50.0,True,25.0
2025-02-18 08:00:00,42.74,0.0,200.0,50.0,True,25.0
2025-02-18 09:00:00,40.55,0.0,200.0,50.0,True,25.0
2025-02-18 10:00:00,39.22,1.2,200.0,50.0,True,25.0
2025-02-18 11:00:00,38.27,9.3,200.0,50.0,True,25.0
2025-02-18 12:00:00,35.64,15.0,200.0,50.0,True,25.0
2025-02-18 13:00:00,34.44,12.4,200.0,50.0,True,25.0
2025-02-18 14:00:00,35.82,2.6,200.0,50.0,True,25.0
2025-02-18 15:00:00,41.78,0.0,200.0,50.0,True,25.0
2025-02-18 16:00:00,48.28,0.0,200.0,50.0,True,25.0
2025-02-18 17:00:00,54.66,0.0,200.0,50.0,True,25.0
2025-02-18 18:00:00,63.22,0.0,200.0,50.0,True,25.0
2025-02-18 19:00:00,63.71,0.0,200.0,50.0,True,25.0
2025-02-18 20:00:00,59.93,0.0,200.0,50.0,True,25.0
2025-02-18 21:00:00,47.02,0.0,200.0,50.0,True,25.0
2025-02-18 22:00:00,35.32,0.0,200.0,50.0,True,25.0
2025-02-18 23:00:00,30.96,0.0,200.0,50.0,True,25.0
2025-02-19 00:00:00,23.1,0.0,200.0,50.0,True,25.0
2025-02-19 01:00:00,19.88,0.0,200.0,50.0,True,25.0
2025-02-19 02:00:00,22.95,0.0,200.0,50.0,True,25.0
2025-02-19 03:00:00,20.48,0.0,200.0,50.0,True,25.0
2025-02-19 04:00:00,21.29,0.0,200.0,50.0,True,25.0
2025-02-19 05:00:00,28.01,0.0,200.0,50.0,True,25.0
2025-02-19 06:00:00,31.31,0.0,200.0,50.0,True,25.0
2025-02-19 07:00:00,39.88,0.0,200.0,50.0,True,25.0
2025-02-19 08:00:00,42.9,0.0,200.0,50.0,True,25.0
2025-02-19 09:00:00,42.38,1.2,200.0,50.0,True,25.0
2025-02-19 10:00:00,37.87,9.7,200.0,50.0,True,25.0
2025-02-19 11:00:00,37.42,21.5,200.0,50.0,True,25.0
2025-02-19 12:00:00,36.1,33.0,200.0,50.0,True,25.0
2025-02-19 13:00:00,35.26,44.4,200.0,50.0,True,25.0
2025-02-19 14:00:00,35.97,50.1,200.0,50.0,True,25.0
2025-02-19 15:00:00,39.11,48.1,200.0,50.0,True,25.0
2025-02-19 16:00:00,46.76,32.9,200.0,50.0,True,25.0
2025-02-19 17:00:00,53.18,6.3,200.0,50.0,True,25.0
2025-02-19 18:00:00,62.44,0.0,200.0,50.0,True,25.0
2025-02-19 19:00:00,64.05,0.0,200.0,50.0,True,25.0
2025-02-19 20:00:00,60.18,0.0,200.0,50.0,True,25.0
2025-02-19 21:00:00,47.0,0.0,200.0,50.0,True,25.0
2025-02-19 22:00:00,36.67,0.0,200.0,50.0,True,25.0
2025-02-19 23:00:00,28.93,0.0,200.0,50.0,True,25.0
2025-02-20 00:00:00,22.51,0.0,200.0,50.0,True,25.0
2025-02-20 01:00:00,22.73,0.0,200.0,50.0,True,25.0
2025-02-20 02:00:00,19.96,0.0,200.0,50.0,True,25.0
2025-02-20 03:00:00,21.33,0.0,200.0,50.0,True,25.0
2025-02-20 04:00:00,21.17,0.0,200.0,50.0,True,25.0
2025-02-20 05:00:00,26.13,0.0,200.0,50.0,True,25.0
2025-02-20 06:00:00,30.19,0.0,200.0,50.0,True,25.0
2025-02-20 07:00:00,38.99,0.0,200.0,50.0,True,25.0
2025-02-20 08:00:00,45.16,0.0,200.0,50.0,True,25.0
2025-02-20 09:00:00,40.77,1.8,200.0,50.0,True,25.0
2025-02-20 10:00:00,40.99,9.5,200.0,50.0,True,25.0
2025-02-20 11:00:00,38.57,22.1,200.0,50.0,True,25.0
2025-02-20 12:00:00,35.67,36.9,200.0,50.0,True,25.0
2025-02-20 13:00:00,33.37,48.3,200.0,50.0,True,25.0
2025-02-20 14:00:00,37.6,53.8,200.0,50.0,True,25.0
2025-02-20 15:00:00,40.51,48.4,200.0,50.0,True,25.0
2025-02-20 16:00:00,44.69,33.9,200.0,50.0,True,25.0
2025-02-20 17:00:00,55.41,7.3,200.0,50.0,True,25.0
2025-02-20 18:00:00,63.93,0.0,200.0,50.0,True,25.0
2025-02-20 19:00:00,64.76,0.0,200.0,50.0,True,25.0
2025-02-20 20:00:00,59.21,0.0,200.0,50.0,True,25.0
2025-02-20 21:00:00,48.76,0.0,200.0,50.0,True,25.0
2025-02-20 22:00:00,37.96,0.0,200.0,50.0,True,25.0
2025-02-20 23:00:00,28.37,0.0,200.0,50.0,True,25.0
2025-02-21 00:00:00,23.08,0.0,200.0,50.0,True,25.0
2025-02-21 01:00:00,21.23,0.0,200.0,50.0,True,25.0
2025-02-21 02:00:00,21.2,0.0,200.0,50.0,True,25.0
2025-02-21 03:00:00,19.77,0.0,200.0,50.0,True,25.0
2025-02-21 04:00:00,20.01,0.0,200.0,50.0,True,25.0
2025-02-21 05:00:00,26.91,0.0,200.0,50.0,True,25.0
2025-02-21 06:00:00,31.02,0.0,200.0,50.0,True,25.0
2025-02-21 07:00:00,39.25,0.0,200.0,50.0,True,25.0
2025-02-21 08:00:00,43.64,0.0,200.0,50.0,True,25.0
2025-02-21 09:00:00,39.64,0.0,200.0,50.0,True,25.0
2025-02-21 10:00:00,41.27,3.7,200.0,50.0,True,25.0
2025-02-21 11:00:00,35.64,8.5,200.0,50.0,True,25.0
2025-02-21 12:00:00,36.7,7.4,200.0,50.0,True,25.0
2025-02-21 13:00:00,32.74,10.3,200.0,50.0,True,25.0
2025-02-21 14:00:00,35.59,8.6,200.0,50.0,True,25.0
2025-02-21 15:00:00,41.37,0.0,200.0,50.0,True,25.0
2025-02-21 16:00:00,43.62,0.0,200.0,50.0,True,25.0
2025-02-21 17:00:00,54.9,0.0,200.0,50.0,True,25.0
2025-02-21 18:00:00,63.42,0.0,200.0,50.0,True,25.0
2025-02-21 19:00:00,65.13,0.0,200.0,50.0,True,25.0
2025-02-21 20:00:00,58.96,0.0,200.0,50.0,True,25.0
2025-02-21 21:00:00,48.07,0.0,200.0,50.0,True,25.0
2025-02-21 22:00:00,35.35,0.0,200.0,50.0,True,25.0
2025-02-21 23:00:00,30.81,0.0,200.0,50.0,True,25.0
2025-02-22 00:00:00,19.77,0.0,200.0,50.0,True,25.0
2025-02-22 01:00:00,21.43,0.0,200.0,50.0,True,25.0
2025-02-22 02:00:00,19.6,0.0,200.0,50.0,True,25.0
2025-02-22 03:00:00,19.11,0.0,200.0,50.0,True,25.0
2025-02-22 04:00:00,20.32,0.0,200.0,50.0,True,25.0
2025-02-22 05:00:00,22.37,0.0,200.0,50.0,True,25.0
2025-02-22 06:00:00,25.74,0.0,200.0,50.0,True,25.0
2025-02-22 07:00:00,34.72,0.0,200.0,50.0,True,25.0
2025-02-22 08:00:00,36.66,0.8,200.0,50.0,True,25.0
2025-02-22 09:00:00,36.38,9.3,200.0,50.0,True,25.0
2025-02-22 10:00:00,35.45,23.0,200.0,50.0,True,25.0
2025-02-22 11:00:00,34.12,41.5,200.0,50.0,True,25.0
2025-02-22 12:00:00,32.2,60.2,200.0,50.0,True,25.0
2025-02-22 13:00:00,28.62,77.4,200.0,50.0,True,25.0
2025-02-22 14:00:00,31.05,88.0,200.0,50.0,True,25.0
2025-02-22 15:00:00,34.27,89.8,200.0,50.0,True,25.0
2025-02-22 16:00:00,38.5,80.0,200.0,50.0,True,25.0
2025-02-22 17:00:00,47.42,55.7,200.0,50.0,True,25.0
2025-02-22 18:00:00,55.11,29.1,200.0,50.0,True,25.0
2025-02-22 19:00:00,58.47,2.5,200.0,50.0,True,25.0
2025-02-22 20:00:00,50.62,0.0,200.0,50.0,True,25.0
2025-02-22 21:00:00,40.39,0.0,200.0,50.0,True,25.0
2025-02-22 22:00:00,31.01,0.0,200.0,50.0,True,25.0
2025-02-22 23:00:00,25.45,0.0,200.0,50.0,True,25.0
2025-02-23 00:00:00,23.16,0.0,200.0,50.0,True,25.0
2025-02-23 01:00:00,19.92,0.0,200.0,50.0,True,25.0
2025-02-23 02:00:00,17.62,0.0,200.0,50.0,True,25.0
2025-02-23 03:00:00,16.87,0.0,200.0,50.0,True,25.0
2025-02-23 04:00:00,19.58,0.0,200.0,50.0,True,25.0
2025-02-23 05:00:00,22.88,0.0,200.0,50.0,True,25.0
2025-02-23 06:00:00,28.87,0.0,200.0,50.0,True,25.0
2025-02-23 07:00:00,33.62,0.0,200.0,50.0,True,25.0
2025-02-23 08:00:00,38.54,0.0,200.0,50.0,True,25.0
2025-02-23 09:00:00,35.47,5.7,200.0,50.0,True,25.0
2025-02-23 10:00:00,33.96,15.6,200.0,50.0,True,25.0
2025-02-23 11:00:00,32.19,27.3,200.0,50.0,True,25.0
2025-02-23 12:00:00,31.3,40.7,200.0,50.0,True,25.0
2025-02-23 13:00:00,29.64,55.4,200.0,50.0,True,25.0
2025-02-23 14:00:00,34.67,64.3,200.0,50.0,True,25.0
2025-02-23 15:00:00,34.48,65.7,200.0,50.0,True,25.0
2025-02-23 16:00:00,41.23,54.3,200.0,50.0,True,25.0
2025-02-23 17:00:00,47.59,30.0,200.0,50.0,True,25.0
2025-02-23 18:00:00,57.74,3.4,200.0,50.0,True,25.0
2025-02-23 19:00:00,57.13,0.0,200.0,50.0,True,25.0
2025-02-23 20:00:00,52.72,0.0,200.0,50.0,True,25.0
2025-02-23 21:00:00,41.0,0.0,200.0,50.0,True,25.0
2025-02-23 22:00:00,32.87,0.0,200.0,50.0,True,25.0
2025-02-23 23:00:00,25.43,0.0,200.0,50.0,True,25.0
2025-02-24 00:00:00,24.17,0.0,200.0,50.0,True,25.0
2025-02-24 01:00:00,21.43,0.0,200.0,50.0,True,25.0
2025-02-24 02:00:00,21.69,0.0,200.0,50.0,True,25.0
2025-02-24 03:00:00,20.45,0.0,200.0,50.0,True,25.0
2025-02-24 04:00:00,23.02,0.0,200.0,50.0,True,25.0
2025-02-24 05:00:00,24.35,0.0,200.0,50.0,True,25.0
2025-02-24 06:00:00,28.0,0.0,200.0,50.0,True,25.0
2025-02-24 07:00:00,40.55,0.0,200.0,50.0,True,25.0
2025-02-24 08:00:00,45.12,0.0,200.0,50.0,True,25.0
2025-02-24 09:00:00,39.67,0.0,200.0,50.0,True,25.0
2025-02-24 10:00:00,41.94,0.9,200.0,50.0,True,25.0
2025-02-24 11:00:00,39.56,4.8,200.0,50.0,True,25.0
2025-02-24 12:00:00,35.23,7.5,200.0,50.0,True,25.0
2025-02-24 13:00:00,33.51,8.1,200.0,50.0,True,25.0
2025-02-24 14:00:00,37.25,4.0,200.0,50.0,True,25.0
2025-02-24 15:00:00,38.13,0.0,200.0,50.0,True,25.0
2025-02-24 16:00:00,44.66,0.0,200.0,50.0,True,25.0
2025-02-24 17:00:00,53.35,0.0,200.0,50.0,True,25.0
2025-02-24 18:00:00,62.52,0.0,200.0,50.0,True,25.0
2025-02-24 19:00:00,66.16,0.0,200.0,50.0,True,25.0
2025-02-24 20:00:00,59.17,0.0,200.0,50.0,True,25.0
2025-02-24 21:00:00,48.58,0.0,200.0,50.0,True,25.0
2025-02-24 22:00:00,35.57,0.0,200.0,50.0,True,25.0
2025-02-24 23:00:00,28.53,0.0,200.0,50.0,True,25.0
2025-02-25 00:00:00,23.13,0.0,200.0,50.0,True,25.0
2025-02-25 01:00:00,22.59,0.0,200.0,50.0,True,25.0
2025-02-25 02:00:00,21.06,0.0,200.0,50.0,True,25.0
2025-02-25 03:00:00,20.62,0.0,200.0,50.0,True,25.0
2025-02-25 04:00:00,21.68,0.0,200.0,50.0,True,25.0
2025-02-25 05:00:00,24.22,0.0,200.0,50.0,True,25.0
2025-02-25 06:00:00,32.81,0.0,200.0,50.0,True,25.0
2025-02-25 07:00:00,41.86,0.0,200.0,50.0,True,25.0
2025-02-25 08:00:00,45.23,0.0,200.0,50.0,True,25.0
2025-02-25 09:00:00,43.79,3.1,200.0,50.0,True,25.0
2025-02-25 10:00:00,41.44,7.3,200.0,50.0,True,25.0
2025-02-25 11:00:00,37.82,11.7,200.0,50.0,True,25.0
2025-02-25 12:00:00,35.81,17.1,200.0,50.0,True,25.0
2025-02-25 13:00:00,35.1,17.9,200.0,50.0,True,25.0
2025-02-25 14:00:00,35.7,15.8,200.0,50.0,True,25.0
2025-02-25 15:00:00,38.49,8.8,200.0,50.0,True,25.0
2025-02-25 16:00:00,45.77,0.0,200.0,50.0,True,25.0
2025-02-25 17:00:00,53.0,0.0,200.0,50.0,True,25.0
2025-02-25 18:00:00,62.62,0.0,200.0,50.0,True,25.0
2025-02-25 19:00:00,63.15,0.0,200.0,50.0,True,25.0
2025-02-25 20:00:00,58.57,0.0,200.0,50.0,True,25.0
2025-02-25 21:00:00,47.54,0.0,200.0,50.0,True,25.0
2025-02-25 22:00:00,35.53,0.0,200.0,50.0,True,25.0
2025-02-25 23:00:00,26.42,0.0,200.0,50.0,True,25.0
2025-02-26 00:00:00,23.15,0.0,200.0,50.0,True,25.0
2025-02-26 01:00:00,23.24,0.0,200.0,50.0,True,25.0
2025-02-26 02:00:00,21.26,0.0,200.0,50.0,True,25.0
2025-02-26 03:00:00,21.47,0.0,200.0,50.0,True,25.0
2025-02-26 04:00:00,21.94,0.0,200.0,50.0,True,25.0
2025-02-26 05:00:00,24.34,0.0,200.0,50.0,True,25.0
2025-02-26 06:00:00,30.67,0.0,200.0,50.0,True,25.0
2025-02-26 07:00:00,38.89,0.0,200.0,50.0,True,25.0
2025-02-26 08:00:00,43.97,0.0,200.0,50.0,True,25.0
2025-02-26 09:00:00,41.09,5.2,200.0,50.0,True,25.0
2025-02-26 10:00:00,42.75,14.4,200.0,50.0,True,25.0
2025-02-26 11:00:00,36.45,31.0,200.0,50.0,True,25.0
2025-02-26 12:00:00,35.49,47.8,200.0,50.0,True,25.0
2025-02-26 13:00:00,34.41,61.9,200.0,50.0,True,25.0
2025-02-26 14:00:00,34.3,71.2,200.0,50.0,True,25.0
2025-02-26 15:00:00,40.58,70.0,200.0,50.0,True,25.0
2025-02-26 16:00:00,44.86,57.6,200.0,50.0,True,25.0
2025-02-26 17:00:00,51.97,31.4,200.0,50.0,True,25.0
2025-02-26 18:00:00,63.23,4.8,200.0,50.0,True,25.0
2025-02-26 19:00:00,63.52,0.0,200.0,50.0,True,25.0
2025-02-26 20:00:00,58.49,0.0,200.0,50.0,True,25.0
2025-02-26 21:00:00,48.08,0.0,200.0,50.0,True,25.0
2025-02-26 22:00:00,35.49,0.0,200.0,50.0,True,25.0
2025-02-26 23:00:00,27.91,0.0,200.0,50.0,True,25.0
2025-02-27 00:00:00,27.51,0.0,200.0,50.0,True,25.0
2025-02-27 01:00:00,20.08,0.0,200.0,50.0,True,25.0
2025-02-27 02:00:00,20.37,0.0,200.0,50.0,True,25.0
2025-02-27 03:00:00,19.47,0.0,200.0,50.0,True,25.0
2025-02-27 04:00:00,24.06,0.0,200.0,50.0,True,25.0
2025-02-27 05:00:00,23.78,0.0,200.0,50.0,True,25.0
2025-02-27 06:00:00,30.51,0.0,200.0,50.0,True,25.0
2025-02-27 07:00:00,39.1,0.0,200.0,50.0,True,25.0
2025-02-27 08:00:00,44.17,0.0,200.0,50.0,True,25.0
2025-02-27 09:00:00,41.54,2.0,200.0,50.0,True,25.0
2025-02-27 10:00:00,39.97,11.6,200.0,50.0,True,25.0
2025-02-27 11:00:00,39.32,18.1,200.0,50.0,True,25.0
2025-02-27 12:00:00,36.42,25.2,200.0,50.0,True,25.0
2025-02-27 13:00:00,33.87,33.4,200.0,50.0,True,25.0
2025-02-27 14:00:00,36.26,31.3,200.0,50.0,True,25.0
2025-02-27 15:00:00,42.57,22.6,200.0,50.0,True,25.0
2025-02-27 16:00:00,46.01,5.2,200.0,50.0,True,25.0
2025-02-27 17:00:00,54.96,0.0,200.0,50.0,True,25.0
2025-02-27 18:00:00,60.69,0.0,200.0,50.0,True,25.0
2025-02-27 19:00:00,65.09,0.0,200.0,50.0,True,25.0
2025-02-27 20:00:00,59.6,0.0,200.0,50.0,True,25.0
2025-02-27 21:00:00,47.6,0.0,200.0,50.0,True,25.0
2025-02-27 22:00:00,36.03,0.0,200.0,50.0,True,25.0
2025-02-27 23:00:00,31.73,0.0,200.0,50.0,True,25.0
2025-02-28 00:00:00,25.56,0.0,200.0,50.0,True,25.0
2025-02-28 01:00:00,24.13,0.0,200.0,50.0,True,25.0
2025-02-28 02:00:00,21.97,0.0,200.0,50.0,True,25.0
2025-02-28 03:00:00,20.6,0.0,200.0,50.0,True,25.0
2025-02-28 04:00:00,22.65,0.0,200.0,50.0,True,25.0
2025-02-28 05:00:00,24.37,0.0,200.0,50.0,True,25.0
2025-02-28 06:00:00,30.13,0.0,200.0,50.0,True,25.0
2025-02-28 07:00:00,40.18,0.0,200.0,50.0,True,25.0
2025-02-28 08:00:00,42.79,0.0,200.0,50.0,True,25.0
2025-02-28 09:00:00,41.78,7.1,200.0,50.0,True,25.0
2025-02-28 10:00:00,39.72,19.8,200.0,50.0,True,25.0
2025-02-28 11:00:00,38.9,34.6,200.0,50.0,True,25.0
2025-02-28 12:00:00,35.12,48.6,200.0,50.0,True,25.0
2025-02-28 13:00:00,32.32,64.2,200.0,50.0,True,25.0
2025-02-28 14:00:00,35.48,74.7,200.0,50.0,True,25.0
2025-02-28 15:00:00,40.1,74.5,200.0,50.0,True,25.0
2025-02-28 16:00:00,46.45,61.1,200.0,50.0,True,25.0
2025-02-28 17:00:00,53.89,34.5,200.0,50.0,True,25.0
2025-02-28 18:00:00,62.92,7.9,200.0,50.0,True,25.0
2025-02-28 19:00:00,65.52,0.0,200.0,50.0,True,25.0
2025-02-28 20:00:00,59.4,0.0,200.0,50.0,True,25.0
2025-02-28 21:00:00,46.23,0.0,200.0,50.0,True,25.0
2025-02-28 22:00:00,35.03,0.0,200.0,50.0,True,25.0
2025-02-28 23:00:00,28.83,0.0,200.0,50.0,True,25.0
2025-03-01 00:00:00,23.52,0.0,200.0,50.0,True,25.0
2025-03-01 01:00:00,19.92,0.0,200.0,50.0,True,25.0
2025-03-01 02:00:00,19.04,0.0,200.0,50.0,True,25.0
2025-03-01 03:00:00,16.6,0.0,200.0,50.0,True,25.0
2025-03-01 04:00:00,18.81,0.0,200.0,50.0,True,25.0
2025-03-01 05:00:00,20.71,0.0,200.0,50.0,True,25.0
2025-03-01 06:00:00,26.58,0.0,200.0,50.0,True,25.0
2025-03-01 07:00:00,33.02,0.0,200.0,50.0,True,25.0
2025-03-01 08:00:00,37.76,1.8,200.0,50.0,True,25.0
2025-03-01 09:00:00,35.29,13.7,200.0,50.0,True,25.0
2025-03-01 10:00:00,35.97,28.4,200.0,50.0,True,25.0
2025-03-01 11:00:00,32.15,47.4,200.0,50.0,True,25.0
2025-03-01 12:00:00,30.83,67.6,200.0,50.0,True,25.0
2025-03-01 13:00:00,30.86,86.0,200.0,50.0,True,25.0
2025-03-01 14:00:00,30.97,97.6,200.0,50.0,True,25.0
2025-03-01 15:00:00,37.67,99.3,200.0,50.0,True,25.0
2025-03-01 16:00:00,40.93,89.6,200.0,50.0,True,25.0
2025-03-01 17:00:00,48.13,65.8,200.0,50.0,True,25.0
2025-03-01 18:00:00,55.19,39.2,200.0,50.0,True,25.0
2025-03-01 19:00:00,53.58,12.6,200.0,50.0,True,25.0
2025-03-01 20:00:00,52.9,0.0,200.0,50.0,True,25.0
2025-03-01 21:00:00,42.09,0.0,200.0,50.0,True,25.0
2025-03-01 22:00:00,31.43,0.0,200.0,50.0,True,25.0
2025-03-01 23:00:00,25.56,0.0,200.0,50.0,True,25.0
2025-03-02 00:00:00,22.37,0.0,200.0,50.0,True,25.0
2025-03-02 01:00:00,19.39,0.0,200.0,50.0,True,25.0
2025-03-02 02:00:00,19.68,0.0,200.0,50.0,True,25.0
2025-03-02 03:00:00,19.49,0.0,200.0,50.0,True,25.0
2025-03-02 04:00:00,19.77,0.0,200.0,50.0,True,25.0
2025-03-02 05:00:00,21.24,0.0,200.0,50.0,True,25.0
2025-03-02 06:00:00,26.87,0.0,200.0,50.0,True,25.0
2025-03-02 07:00:00,36.46,0.0,200.0,50.0,True,25.0
2025-03-02 08:00:00,39.06,0.0,200.0,50.0,True,25.0
2025-03-02 09:00:00,35.06,7.2,200.0,50.0,True,25.0
2025-03-02 10:00:00,35.51,18.6,200.0,50.0,True,25.0
2025-03-02 11:00:00,33.69,30.3,200.0,50.0,True,25.0
2025-03-02 12:00:00,32.88,42.9,200.0,50.0,True,25.0
2025-03-02 13:00:00,30.53,49.0,200.0,50.0,True,25.0
2025-03-02 14:00:00,31.04,50.8,200.0,50.0,True,25.0
2025-03-02 15:00:00,33.16,50.5,200.0,50.0,True,25.0
2025-03-02 16:00:00,38.94,39.3,200.0,50.0,True,25.0
2025-03-02 17:00:00,49.51,14.5,200.0,50.0,True,25.0
2025-03-02 18:00:00,54.93,0.0,200.0,50.0,True,25.0
2025-03-02 19:00:00,56.23,0.0,200.0,50.0,True,25.0
2025-03-02 20:00:00,52.93,0.0,200.0,50.0,True,25.0
2025-03-02 21:00:00,42.74,0.0,200.0,50.0,True,25.0
2025-03-02 22:00:00,30.6,0.0,200.0,50.0,True,25.0
2025-03-02 23:00:00,26.3,0.0,200.0,50.0,True,25.0
2025-03-03 00:00:00,22.47,0.0,200.0,50.0,True,25.0
2025-03-03 01:00:00,23.13,0.0,200.0,50.0,True,25.0
2025-03-03 02:00:00,22.23,0.0,200.0,50.0,True,25.0
2025-03-03 03:00:00,22.07,0.0,200.0,50.0,True,25.0
2025-03-03 04:00:00,22.28,0.0,200.0,50.0,True,25.0
2025-03-03 05:00:00,24.16,0.0,200.0,50.0,True,25.0
2025-03-03 06:00:00,29.9,0.0,200.0,50.0,True,25.0
2025-03-03 07:00:00,42.74,0.0,200.0,50.0,True,25.0
2025-03-03 08:00:00,43.37,0.0,200.0,50.0,True,25.0
2025-03-03 09:00:00,42.1,1.5,200.0,50.0,True,25.0
2025-03-03 10:00:00,37.08,10.7,200.0,50.0,True,25.0
2025-03-03 11:00:00,36.63,22.1,200.0,50.0,True,25.0
2025-03-03 12:00:00,36.37,34.2,200.0,50.0,True,25.0
2025-03-03 13:00:00,32.68,44.4,200.0,50.0,True,25.0
2025-03-03 14:00:00,36.4,49.6,200.0,50.0,True,25.0
2025-03-03 15:00:00,38.64,48.9,200.0,50.0,True,25.0
2025-03-03 16:00:00,43.91,35.8,200.0,50.0,True,25.0
2025-03-03 17:00:00,53.68,9.2,200.0,50.0,True,25.0
2025-03-03 18:00:00,63.91,0.0,200.0,50.0,True,25.0
2025-03-03 19:00:00,64.36,0.0,200.0,50.0,True,25.0
2025-03-03 20:00:00,57.23,0.0,200.0,50.0,True,25.0
2025-03-03 21:00:00,47.96,0.0,200.0,50.0,True,25.0
2025-03-03 22:00:00,36.74,0.0,200.0,50.0,True,25.0
2025-03-03 23:00:00,27.76,0.0,200.0,50.0,True,25.0
2025-03-04 00:00:00,25.58,0.0,200.0,50.0,True,25.0
2025-03-04 01:00:00,23.76,0.0,200.0,50.0,True,25.0
2025-03-04 02:00:00,22.82,0.0,200.0,50.0,True,25.0
2025-03-04 03:00:00,19.86,0.0,200.0,50.0,True,25.0
2025-03-04 04:00:00,20.38,0.0,200.0,50.0,True,25.0
2025-03-04 05:00:00,22.4,0.0,200.0,50.0,True,25.0
2025-03-04 06:00:00,29.28,0.0,200.0,50.0,True,25.0
2025-03-04 07:00:00,39.02,0.0,200.0,50.0,True,25.0
2025-03-04 08:00:00,42.88,0.0,200.0,50.0,True,25.0
2025-03-04 09:00:00,41.29,0.0,200.0,50.0,True,25.0
2025-03-04 10:00:00,41.54,0.0,200.0,50.0,True,25.0
2025-03-04 11:00:00,37.18,0.0,200.0,50.0,True,25.0
2025-03-04 12:00:00,35.65,0.0,200.0,50.0,True,25.0
2025-03-04 13:00:00,32.4,1.2,200.0,50.0,True,25.0
2025-03-04 14:00:00,38.38,0.1,200.0,50.0,True,25.0
2025-03-04 15:00:00,37.88,0.0,200.0,50.0,True,25.0
2025-03-04 16:00:00,44.25,0.0,200.0,50.0,True,25.0
2025-03-04 17:00:00,55.33,0.0,200.0,50.0,True,25.0
2025-03-04 18:00:00,62.31,0.0,200.0,50.0,True,25.0
2025-03-04 19:00:00,65.86,0.0,200.0,50.0,True,25.0
2025-03-04 20:00:00,59.12,0.0,200.0,50.0,True,25.0
2025-03-04 21:00:00,46.88,0.0,200.0,50.0,True,25.0
2025-03-04 22:00:00,36.96,0.0,200.0,50.0,True,25.0
2025-03-04 23:00:00,29.58,0.0,200.0,50.0,True,25.0
2025-03-05 00:00:00,23.61,0.0,200.0,50.0,True,25.0
2025-03-05 01:00:00,23.68,0.0,200.0,50.0,True,25.0
2025-03-05 02:00:00,21.51,0.0,200.0,50.0,True,25.0
2025-03-05 03:00:00,20.52,0.0,200.0,50.0,True,25.0
2025-03-05 04:00:00,21.95,0.0,200.0,50.0,True,25.0
2025-03-05 05:00:00,23.95,0.0,200.0,50.0,True,25.0
2025-03-05 06:00:00,29.51,0.0,200.0,50.0,True,25.0
2025-03-05 07:00:00,40.6,0.0,200.0,50.0,True,25.0
2025-03-05 08:00:00,41.34,0.0,200.0,50.0,True,25.0
2025-03-05 09:00:00,40.02,0.0,200.0,50.0,True,25.0
2025-03-05 10:00:00,40.23,0.0,200.0,50.0,True,25.0
2025-03-05 11:00:00,37.46,2.5,200.0,50.0,True,25.0
2025-03-05 12:00:00,36.86,6.8,200.0,50.0,True,25.0
2025-03-05 13:00:00,34.97,7.2,200.0,50.0,True,25.0
2025-03-05 14:00:00,34.07,0.0,200.0,50.0,True,25.0
2025-03-05 15:00:00,39.5,0.0,200.0,50.0,True,25.0
2025-03-05 16:00:00,45.69,0.0,200.0,50.0,True,25.0
2025-03-05 17:00:00,54.72,0.0,200.0,50.0,True,25.0
2025-03-05 18:00:00,61.38,0.0,200.0,50.0,True,25.0
2025-03-05 19:00:00,63.49,0.0,200.0,50.0,True,25.0
2025-03-05 20:00:00,57.52,0.0,200.0,50.0,True,25.0
2025-03-05 21:00:00,45.34,0.0,200.0,50.0,True,25.0
2025-03-05 22:00:00,33.91,0.0,200.0,50.0,True,25.0
2025-03-05 23:00:00,28.63,0.0,200.0,50.0,True,25.0
2025-03-06 00:00:00,23.33,0.0,200.0,50.0,True,25.0
2025-03-06 01:00:00,23.19,0.0,200.0,50.0,True,25.0
2025-03-06 02:00:00,21.04,0.0,200.0,50.0,True,25.0
2025-03-06 03:00:00,19.05,0.0,200.0,50.0,True,25.0
2025-03-06 04:00:00,21.26,0.0,200.0,50.0,True,25.0
2025-03-06 05:00:00,26.89,0.0,200.0,50.0,True,25.0
2025-03-06 06:00:00,29.89,0.0,200.0,50.0,True,25.0
2025-03-06 07:00:00,40.15,0.0,200.0,50.0,True,25.0
2025-03-06 08:00:00,43.33,0.0,200.0,50.0,True,25.0
2025-03-06 09:00:00,39.57,2.7,200.0,50.0,True,25.0
2025-03-06 10:00:00,41.12,11.3,200.0,50.0,True,25.0
2025-03-06 11:00:00,37.2,23.0,200.0,50.0,True,25.0
2025-03-06 12:00:00,34.05,34.0,200.0,50.0,True,25.0
2025-03-06 13:00:00,33.89,40.2,200.0,50.0,True,25.0
2025-03-06 14:00:00,35.38,42.3,200.0,50.0,True,25.0
2025-03-06 15:00:00,40.28,36.5,200.0,50.0,True,25.0
2025-03-06 16:00:00,44.18,22.5,200.0,50.0,True,25.0
2025-03-06 17:00:00,57.52,0.0,200.0,50.0,True,25.0
2025-03-06 18:00:00,60.75,0.0,200.0,50.0,True,25.0
2025-03-06 19:00:00,64.49,0.0,200.0,50.0,True,25.0
2025-03-06 20:00:00,55.76,0.0,200.0,50.0,True,25.0
2025-03-06 21:00:00,46.73,0.0,200.0,50.0,True,25.0
2025-03-06 22:00:00,36.07,0.0,200.0,50.0,True,25.0
2025-03-06 23:00:00,26.78,0.0,200.0,50.0,True,25.0
2025-03-07 00:00:00,26.15,0.0,200.0,50.0,True,25.0
2025-03-07 01:00:00,23.0,0.0,200.0,50.0,True,25.0
2025-03-07 02:00:00,21.34,0.0,200.0,50.0,True,25.0
2025-03-07 03:00:00,21.11,0.0,200.0,50.0,True,25.0
2025-03-07 04:00:00,21.01,0.0,200.0,50.0,True,25.0
2025-03-07 05:00:00,25.85,0.0,200.0,50.0,True,25.0
2025-03-07 06:00:00,31.19,0.0,200.0,50.0,True,25.0
2025-03-07 07:00:00,39.78,0.0,200.0,50.0,True,25.0
2025-03-07 08:00:00,43.81,0.2,200.0,50.0,True,25.0
2025-03-07 09:00:00,39.43,10.2,200.0,50.0,True,25.0
2025-03-07 10:00:00,41.09,23.6,200.0,50.0,True,25.0
2025-03-07 11:00:00,37.34,41.1,200.0,50.0,True,25.0
2025-03-07 12:00:00,36.82,60.3,200.0,50.0,True,25.0
2025-03-07 13:00:00,35.36,76.4,200.0,50.0,True,25.0
2025-03-07 14:00:00,36.8,86.6,200.0,50.0,True,25.0
2025-03-07 15:00:00,38.07,88.9,200.0,50.0,True,25.0
2025-03-07 16:00:00,43.85,78.1,200.0,50.0,True,25.0
2025-03-07 17:00:00,57.01,51.5,200.0,50.0,True,25.0
2025-03-07 18:00:00,59.98,24.9,200.0,50.0,True,25.0
2025-03-07 19:00:00,62.36,0.0,200.0,50.0,True,25.0
2025-03-07 20:00:00,58.11,0.0,200.0,50.0,True,25.0
2025-03-07 21:00:00,46.88,0.0,200.0,50.0,True,25.0
2025-03-07 22:00:00,34.94,0.0,200.0,50.0,True,25.0
2025-03-07 23:00:00,28.83,0.0,200.0,50.0,True,25.0
2025-03-08 00:00:00,22.48,0.0,200.0,50.0,True,25.0
2025-03-08 01:00:00,19.73,0.0,200.0,50.0,True,25.0
2025-03-08 02:00:00,18.77,0.0,200.0,50.0,True,25.0
2025-03-08 03:00:00,18.08,0.0,200.0,50.0,True,25.0
2025-03-08 04:00:00,18.5,0.0,200.0,50.0,True,25.0
2025-03-08 05:00:00,19.36,0.0,200.0,50.0,True,25.0
2025-03-08 06:00:00,26.7,0.0,200.0,50.0,True,25.0
2025-03-08 07:00:00,35.49,0.0,200.0,50.0,True,25.0
2025-03-08 08:00:00,37.68,3.0,200.0,50.0,True,25.0
2025-03-08 09:00:00,33.5,14.9,200.0,50.0,True,25.0
2025-03-08 10:00:00,33.89,32.2,200.0,50.0,True,25.0
2025-03-08 11:00:00,34.01,53.4,200.0,50.0,True,25.0
2025-03-08 12:00:00,29.55,75.0,200.0,50.0,True,25.0
2025-03-08 13:00:00,31.13,91.4,200.0,50.0,True,25.0
2025-03-08 14:00:00,30.74,100.0,200.0,50.0,True,25.0
2025-03-08 15:00:00,34.55,100.0,200.0,50.0,True,25.0
2025-03-08 16:00:00,38.69,92.1,200.0,50.0,True,25.0
2025-03-08 17:00:00,46.38,69.9,200.0,50.0,True,25.0
2025-03-08 18:00:00,56.05,43.4,200.0,50.0,True,25.0
2025-03-08 19:00:00,56.95,16.8,200.0,50.0,True,25.0
2025-03-08 20:00:00,51.81,0.0,200.0,50.0,True,25.0
2025-03-08 21:00:00,42.25,0.0,200.0,50.0,True,25.0
2025-03-08 22:00:00,31.88,0.0,200.0,50.0,True,25.0
2025-03-08 23:00:00,25.83,0.0,200.0,50.0,True,25.0
2025-03-09 00:00:00,20.58,0.0,200.0,50.0,True,25.0
2025-03-09 01:00:00,21.39,0.0,200.0,50.0,True,25.0
2025-03-09 02:00:00,20.62,0.0,200.0,50.0,True,25.0
2025-03-09 03:00:00,18.54,0.0,200.0,50.0,True,25.0
2025-03-09 04:00:00,18.73,0.0,200.0,50.0,True,25.0
2025-03-09 05:00:00,19.91,0.0,200.0,50.0,True,25.0
2025-03-09 06:00:00,26.58,0.0,200.0,50.0,True,25.0
2025-03-09 07:00:00,36.55,0.0,200.0,50.0,True,25.0
2025-03-09 08:00:00,36.43,0.0,200.0,50.0,True,25.0
2025-03-09 09:00:00,37.4,3.6,200.0,50.0,True,25.0
2025-03-09 10:00:00,33.97,13.7,200.0,50.0,True,25.0
2025-03-09 11:00:00,32.42,23.8,200.0,50.0,True,25.0
2025-03-09 12:00:00,29.83,36.4,200.0,50.0,True,25.0
2025-03-09 13:00:00,29.35,50.2,200.0,50.0,True,25.0
2025-03-09 14:00:00,32.02,56.0,200.0,50.0,True,25.0
2025-03-09 15:00:00,35.46,55.7,200.0,50.0,True,25.0
2025-03-09 16:00:00,39.75,43.3,200.0,50.0,True,25.0
2025-03-09 17:00:00,47.09,19.8,200.0,50.0,True,25.0
2025-03-09 18:00:00,52.94,0.0,200.0,50.0,True,25.0
2025-03-09 19:00:00,55.98,0.0,200.0,50.0,True,25.0
2025-03-09 20:00:00,50.54,0.0,200.0,50.0,True,25.0
2025-03-09 21:00:00,41.36,0.0,200.0,50.0,True,25.0
2025-03-09 22:00:00,30.86,0.0,200.0,50.0,True,25.0
2025-03-09 23:00:00,24.31,0.0,200.0,50.0,True,25.0
2025-03-10 00:00:00,24.45,0.0,200.0,50.0,True,25.0
2025-03-10 01:00:00,22.82,0.0,200.0,50.0,True,25.0
2025-03-10 02:00:00,23.12,0.0,200.0,50.0,True,25.0
2025-03-10 03:00:00,20.13,0.0,200.0,50.0,True,25.0
2025-03-10 04:00:00,22.3,0.0,200.0,50.0,True,25.0
2025-03-10 05:00:00,26.43,0.0,200.0,50.0,True,25.0
2025-03-10 06:00:00,30.55,0.0,200.0,50.0,True,25.0
2025-03-10 07:00:00,40.59,0.0,200.0,50.0,True,25.0
2025-03-10 08:00:00,42.18,0.0,200.0,50.0,True,25.0
2025-03-10 09:00:00,40.2,1.6,200.0,50.0,True,25.0
2025-03-10 10:00:00,39.0,8.9,200.0,50.0,True,25.0
2025-03-10 11:00:00,37.26,17.6,200.0,50.0,True,25.0
2025-03-10 12:00:00,36.75,29.6,200.0,50.0,True,25.0
2025-03-10 13:00:00,33.47,40.7,200.0,50.0,True,25.0
2025-03-10 14:00:00,35.35,46.7,200.0,50.0,True,25.0
2025-03-10 15:00:00,40.48,42.2,200.0,50.0,True,25.0
2025-03-10 16:00:00,45.05,27.3,200.0,50.0,True,25.0
2025-03-10 17:00:00,54.11,0.7,200.0,50.0,True,25.0
2025-03-10 18:00:00,61.88,0.0,200.0,50.0,True,25.0
2025-03-10 19:00:00,62.1,0.0,200.0,50.0,True,25.0
2025-03-10 20:00:00,56.48,0.0,200.0,50.0,True,25.0
2025-03-10 21:00:00,44.75,0.0,200.0,50.0,True,25.0
2025-03-10 22:00:00,35.71,0.0,200.0,50.0,True,25.0
2025-03-10 23:00:00,29.1,0.0,200.0,50.0,True,25.0
2025-03-11 00:00:00,25.15,0.0,200.0,50.0,True,25.0
2025-03-11 01:00:00,23.74,0.0,200.0,50.0,True,25.0
2025-03-11 02:00:00,23.37,0.0,200.0,50.0,True,25.0
2025-03-11 03:00:00,20.68,0.0,200.0,50.0,True,25.0
2025-03-11 04:00:00,21.55,0.0,200.0,50.0,True,25.0
2025-03-11 05:00:00,26.0,0.0,200.0,50.0,True,25.0
2025-03-11 06:00:00,28.98,0.0,200.0,50.0,True,25.0
2025-03-11 07:00:00,37.73,0.0,200.0,50.0,True,25.0
2025-03-11 08:00:00,42.47,0.0,200.0,50.0,True,25.0
2025-03-11 09:00:00,40.46,0.0,200.0,50.0,True,25.0
2025-03-11 10:00:00,39.2,5.3,200.0,50.0,True,25.0
2025-03-11 11:00:00,36.26,15.0,200.0,50.0,True,25.0
2025-03-11 12:00:00,35.86,22.9,200.0,50.0,True,25.0
2025-03-11 13:00:00,33.62,27.9,200.0,50.0,True,25.0
2025-03-11 14:00:00,36.89,28.9,200.0,50.0,True,25.0
2025-03-11 15:00:00,37.71,25.3,200.0,50.0,True,25.0
2025-03-11 16:00:00,44.57,11.2,200.0,50.0,True,25.0
2025-03-11 17:00:00,53.66,0.0,200.0,50.0,True,25.0
2025-03-11 18:00:00,61.79,0.0,200.0,50.0,True,25.0
2025-03-11 19:00:00,64.49,0.0,200.0,50.0,True,25.0
2025-03-11 20:00:00,58.11,0.0,200.0,50.0,True,25.0
2025-03-11 21:00:00,46.45,0.0,200.0,50.0,True,25.0
2025-03-11 22:00:00,36.25,0.0,200.0,50.0,True,25.0
2025-03-11 23:00:00,28.97,0.0,200.0,50.0,True,25.0
2025-03-12 00:00:00,24.53,0.0,200.0,50.0,True,25.0
2025-03-12 01:00:00,22.81,0.0,200.0,50.0,True,25.0
2025-03-12 02:00:00,22.37,0.0,200.0,50.0,True,25.0
2025-03-12 03:00:00,18.51,0.0,200.0,50.0,True,25.0
2025-03-12 04:00:00,21.18,0.0,200.0,50.0,True,25.0
2025-03-12 05:00:00,24.65,0.0,200.0,50.0,True,25.0
2025-03-12 06:00:00,29.44,0.0,200.0,50.0,True,25.0
2025-03-12 07:00:00,38.75,0.0,200.0,50.0,True,25.0
2025-03-12 08:00:00,43.27,0.0,200.0,50.0,True,25.0
2025-03-12 09:00:00,41.44,0.0,200.0,50.0,True,25.0
2025-03-12 10:00:00,39.66,0.0,200.0,50.0,True,25.0
2025-03-12 11:00:00,36.28,1.5,200.0,50.0,True,25.0
2025-03-12 12:00:00,33.67,1.8,200.0,50.0,True,25.0
2025-03-12 13:00:00,35.22,4.9,200.0,50.0,True,25.0
2025-03-12 14:00:00,34.48,4.3,200.0,50.0,True,25.0
2025-03-12 15:00:00,38.12,0.0,200.0,50.0,True,25.0
2025-03-12 16:00:00,43.6,0.0,200.0,50.0,True,25.0
2025-03-12 17:00:00,55.37,0.0,200.0,50.0,True,25.0
2025-03-12 18:00:00,61.69,0.0,200.0,50.0,True,25.0
2025-03-12 19:00:00,63.71,0.0,200.0,50.0,True,25.0
2025-03-12 20:00:00,58.54,0.0,200.0,50.0,True,25.0
2025-03-12 21:00:00,46.49,0.0,200.0,50.0,True,25.0
2025-03-12 22:00:00,36.59,0.0,200.0,50.0,True,25.0
2025-03-12 23:00:00,26.49,0.0,200.0,50.0,True,25.0
2025-03-13 00:00:00,22.87,0.0,200.0,50.0,True,25.0
2025-03-13 01:00:00,20.94,0.0,200.0,50.0,True,25.0
2025-03-13 02:00:00,22.08,0.0,200.0,50.0,True,25.0
2025-03-13 03:00:00,21.06,0.0,200.0,50.0,True,25.0
2025-03-13 04:00:00,21.0,0.0,200.0,50.0,True,25.0
2025-03-13 05:00:00,23.89,0.0,200.0,50.0,True,25.0
2025-03-13 06:00:00,31.27,0.0,200.0,50.0,True,25.0
2025-03-13 07:00:00,38.22,0.0,200.0,50.0,True,25.0
2025-03-13 08:00:00,43.12,0.0,200.0,50.0,True,25.0
2025-03-13 09:00:00,40.08,5.9,200.0,50.0,True,25.0
2025-03-13 10:00:00,40.36,17.8,200.0,50.0,True,25.0
2025-03-13 11:00:00,37.94,32.3,200.0,50.0,True,25.0
2025-03-13 12:00:00,33.65,48.1,200.0,50.0,True,25.0
2025-03-13 13:00:00,33.9,62.5,200.0,50.0,True,25.0
2025-03-13 14:00:00,32.83,71.8,200.0,50.0,True,25.0
2025-03-13 15:00:00,40.13,71.4,200.0,50.0,True,25.0
2025-03-13 16:00:00,47.08,58.4,200.0,50.0,True,25.0
2025-03-13 17:00:00,51.31,34.1,200.0,50.0,True,25.0
2025-03-13 18:00:00,59.65,7.5,200.0,50.0,True,25.0
2025-03-13 19:00:00,63.42,0.0,200.0,50.0,True,25.0
2025-03-13 20:00:00,57.62,0.0,200.0,50.0,True,25.0
2025-03-13 21:00:00,45.99,0.0,200.0,50.0,True,25.0
2025-03-13 22:00:00,33.24,0.0,200.0,50.0,True,25.0
2025-03-13 23:00:00,28.28,0.0,200.0,50.0,True,25.0
2025-03-14 00:00:00,25.21,0.0,200.0,50.0,True,25.0
2025-03-14 01:00:00,25.7,0.0,200.0,50.0,True,25.0
2025-03-14 02:00:00,23.11,0.0,200.0,50.0,True,25.0
2025-03-14 03:00:00,18.87,0.0,200.0,50.0,True,25.0
2025-03-14 04:00:00,21.53,0.0,200.0,50.0,True,25.0
2025-03-14 05:00:00,24.85,0.0,200.0,50.0,True,25.0
2025-03-14 06:00:00,28.89,0.0,200.0,50.0,True,25.0
2025-03-14 07:00:00,39.93,0.0,200.0,50.0,True,25.0
2025-03-14 08:00:00,43.56,0.4,200.0,50.0,True,25.0
2025-03-14 09:00:00,42.34,9.3,200.0,50.0,True,25.0
2025-03-14 10:00:00,39.96,25.0,200.0,50.0,True,25.0
2025-03-14 11:00:00,37.48,43.4,200.0,50.0,True,25.0
2025-03-14 12:00:00,34.52,64.0,200.0,50.0,True,25.0
2025-03-14 13:00:00,32.62,82.9,200.0,50.0,True,25.0
2025-03-14 14:00:00,35.55,94.7,200.0,50.0,True,25.0
2025-03-14 15:00:00,38.51,97.3,200.0,50.0,True,25.0
2025-03-14 16:00:00,44.2,87.7,200.0,50.0,True,25.0
2025-03-14 17:00:00,55.2,61.9,200.0,50.0,True,25.0
2025-03-14 18:00:00,62.93,35.3,200.0,50.0,True,25.0
2025-03-14 19:00:00,61.66,8.7,200.0,50.0,True,25.0
2025-03-14 20:00:00,57.32,0.0,200.0,50.0,True,25.0
2025-03-14 21:00:00,45.91,0.0,200.0,50.0,True,25.0
2025-03-14 22:00:00,35.66,0.0,200.0,50.0,True,25.0
2025-03-14 23:00:00,25.14,0.0,200.0,50.0,True,25.0
2025-03-15 00:00:00,19.46,0.0,200.0,50.0,True,25.0
2025-03-15 01:00:00,19.44,0.0,200.0,50.0,True,25.0
2025-03-15 02:00:00,19.88,0.0,200.0,50.0,True,25.0
2025-03-15 03:00:00,18.04,0.0,200.0,50.0,True,25.0
2025-03-15 04:00:00,19.74,0.0,200.0,50.0,True,25.0
2025-03-15 05:00:00,21.45,0.0,200.0,50.0,True,25.0
2025-03-15 06:00:00,27.65,0.0,200.0,50.0,True,25.0
2025-03-15 07:00:00,36.06,0.0,200.0,50.0,True,25.0
2025-03-15 08:00:00,36.63,0.0,200.0,50.0,True,25.0
2025-03-15 09:00:00,36.97,4.5,200.0,50.0,True,25.0
2025-03-15 10:00:00,34.88,13.7,200.0,50.0,True,25.0
2025-03-15 11:00:00,35.65,29.5,200.0,50.0,True,25.0
2025-03-15 12:00:00,30.05,49.0,200.0,50.0,True,25.0
2025-03-15 13:00:00,29.89,66.9,200.0,50.0,True,25.0
2025-03-15 14:00:00,29.77,77.5,200.0,50.0,True,25.0
2025-03-15 15:00:00,33.11,80.5,200.0,50.0,True,25.0
2025-03-15 16:00:00,39.63,72.3,200.0,50.0,True,25.0
2025-03-15 17:00:00,47.58,50.1,200.0,50.0,True,25.0
2025-03-15 18:00:00,54.51,23.5,200.0,50.0,True,25.0
2025-03-15 19:00:00,56.12,0.0,200.0,50.0,True,25.0
2025-03-15 20:00:00,50.31,0.0,200.0,50.0,True,25.0
2025-03-15 21:00:00,40.51,0.0,200.0,50.0,True,25.0
2025-03-15 22:00:00,29.85,0.0,200.0,50.0,True,25.0
2025-03-15 23:00:00,23.64,0.0,200.0,50.0,True,25.0
2025-03-16 00:00:00,21.12,0.0,200.0,50.0,True,25.0
2025-03-16 01:00:00,19.8,0.0,200.0,50.0,True,25.0
2025-03-16 02:00:00,19.76,0.0,200.0,50.0,True,25.0
2025-03-16 03:00:00,18.66,0.0,200.0,50.0,True,25.0
2025-03-16 04:00:00,20.78,0.0,200.0,50.0,True,25.0
2025-03-16 05:00:00,20.02,0.0,200.0,50.0,True,25.0
2025-03-16 06:00:00,25.8,0.0,200.0,50.0,True,25.0
2025-03-16 07:00:00,33.17,0.0,200.0,50.0,True,25.0
2025-03-16 08:00:00,39.02,3.3,200.0,50.0,True,25.0
2025-03-16 09:00:00,35.26,16.0,200.0,50.0,True,25.0
2025-03-16 10:00:00,35.62,33.4,200.0,50.0,True,25.0
2025-03-16 11:00:00,34.34,54.2,200.0,50.0,True,25.0
2025-03-16 12:00:00,31.47,75.1,200.0,50.0,True,25.0
2025-03-16 13:00:00,30.34,94.6,200.0,50.0,True,25.0
2025-03-16 14:00:00,31.02,100.0,200.0,50.0,True,25.0
2025-03-16 15:00:00,33.85,100.0,200.0,50.0,True,25.0
2025-03-16 16:00:00,38.59,93.3,200.0,50.0,True,25.0
2025-03-16 17:00:00,47.09,71.8,200.0,50.0,True,25.0
2025-03-16 18:00:00,55.98,45.2,200.0,50.0,True,25.0
2025-03-16 19:00:00,54.17,18.6,200.0,50.0,True,25.0
2025-03-16 20:00:00,50.77,0.0,200.0,50.0,True,25.0
2025-03-16 21:00:00,41.6,0.0,200.0,50.0,True,25.0
2025-03-16 22:00:00,30.63,0.0,200.0,50.0,True,25.0
2025-03-16 23:00:00,24.95,0.0,200.0,50.0,True,25.0
2025-03-17 00:00:00,22.24,0.0,200.0,50.0,True,25.0
2025-03-17 01:00:00,23.79,0.0,200.0,50.0,True,25.0
2025-03-17 02:00:00,22.81,0.0,200.0,50.0,True,25.0
2025-03-17 03:00:00,20.23,0.0,200.0,50.0,True,25.0
2025-03-17 04:00:00,20.4,0.0,200.0,50.0,True,25.0
2025-03-17 05:00:00,25.0,0.0,200.0,50.0,True,25.0
2025-03-17 06:00:00,28.22,0.0,200.0,50.0,True,25.0
2025-03-17 07:00:00,37.64,0.0,200.0,50.0,True,25.0
2025-03-17 08:00:00,42.48,1.8,200.0,50.0,True,25.0
2025-03-17 09:00:00,42.52,11.8,200.0,50.0,True,25.0
2025-03-17 10:00:00,39.61,26.2,200.0,50.0,True,25.0
2025-03-17 11:00:00,36.22,45.3,200.0,50.0,True,25.0
2025-03-17 12:00:00,33.13,64.2,200.0,50.0,True,25.0
2025-03-17 13:00:00,34.09,80.1,200.0,50.0,True,25.0
2025-03-17 14:00:00,35.45,90.0,200.0,50.0,True,25.0
2025-03-17 15:00:00,38.76,92.9,200.0,50.0,True,25.0
2025-03-17 16:00:00,46.56,82.4,200.0,50.0,True,25.0
2025-03-17 17:00:00,53.49,57.7,200.0,50.0,True,25.0
2025-03-17 18:00:00,58.3,31.1,200.0,50.0,True,25.0
2025-03-17 19:00:00,62.4,4.5,200.0,50.0,True,25.0
2025-03-17 20:00:00,57.89,0.0,200.0,50.0,True,25.0
2025-03-17 21:00:00,46.71,0.0,200.0,50.0,True,25.0
2025-03-17 22:00:00,34.93,0.0,200.0,50.0,True,25.0
2025-03-17 23:00:00,27.34,0.0,200.0,50.0,True,25.0
2025-03-18 00:00:00,21.62,0.0,200.0,50.0,True,25.0
2025-03-18 01:00:00,22.27,0.0,200.0,50.0,True,25.0
2025-03-18 02:00:00,21.02,0.0,200.0,50.0,True,25.0
2025-03-18 03:00:00,20.62,0.0,200.0,50.0,True,25.0
2025-03-18 04:00:00,22.02,0.0,200.0,50.0,True,25.0
2025-03-18 05:00:00,25.5,0.0,200.0,50.0,True,25.0
2025-03-18 06:00:00,28.41,0.0,200.0,50.0,True,25.0
2025-03-18 07:00:00,37.24,0.0,200.0,50.0,True,25.0
2025-03-18 08:00:00,41.8,0.0,200.0,50.0,True,25.0
2025-03-18 09:00:00,39.76,0.0,200.0,50.0,True,25.0
2025-03-18 10:00:00,37.8,4.0,200.0,50.0,True,25.0
2025-03-18 11:00:00,38.68,8.3,200.0,50.0,True,25.0
2025-03-18 12:00:00,35.28,17.8,200.0,50.0,True,25.0
2025-03-18 13:00:00,36.36,24.5,200.0,50.0,True,25.0
2025-03-18 14:00:00,35.1,28.1,200.0,50.0,True,25.0
2025-03-18 15:00:00,37.39,25.1,200.0,50.0,True,25.0
2025-03-18 16:00:00,43.37,12.5,200.0,50.0,True,25.0
2025-03-18 17:00:00,54.8,0.0,200.0,50.0,True,25.0
2025-03-18 18:00:00,59.6,0.0,200.0,50.0,True,25.0
2025-03-18 19:00:00,63.48,0.0,200.0,50.0,True,25.0
2025-03-18 20:00:00,56.84,0.0,200.0,50.0,True,25.0
2025-03-18 21:00:00,45.07,0.0,200.0,50.0,True,25.0
2025-03-18 22:00:00,36.76,0.0,200.0,50.0,True,25.0
2025-03-18 23:00:00,27.0,0.0,200.0,50.0,True,25.0
2025-03-19 00:00:00,22.99,0.0,200.0,50.0,True,25.0
2025-03-19 01:00:00,22.04,0.0,200.0,50.0,True,25.0
2025-03-19 02:00:00,20.79,0.0,200.0,50.0,True,25.0
2025-03-19 03:00:00,22.95,0.0,200.0,50.0,True,25.0
2025-03-19 04:00:00,22.67,0.0,200.0,50.0,True,25.0
2025-03-19 05:00:00,23.27,0.0,200.0,50.0,True,25.0
2025-03-19 06:00:00,28.95,0.0,200.0,50.0,True,25.0
2025-03-19 07:00:00,36.32,0.0,200.0,50.0,True,25.0
2025-03-19 08:00:00,42.59,0.0,200.0,50.0,True,25.0
2025-03-19 09:00:00,39.69,0.0,200.0,50.0,True,25.0
2025-03-19 10:00:00,38.85,1.4,200.0,50.0,True,25.0
2025-03-19 11:00:00,34.54,4.8,200.0,50.0,True,25.0
2025-03-19 12:00:00,35.02,9.7,200.0,50.0,True,25.0
2025-03-19 13:00:00,35.98,10.8,200.0,50.0,True,25.0
2025-03-19 14:00:00,35.12,7.4,200.0,50.0,True,25.0
2025-03-19 15:00:00,37.81,3.5,200.0,50.0,True,25.0
2025-03-19 16:00:00,44.25,0.0,200.0,50.0,True,25.0
2025-03-19 17:00:00,53.42,0.0,200.0,50.0,True,25.0
2025-03-19 18:00:00,63.51,0.0,200.0,50.0,True,25.0
2025-03-19 19:00:00,62.32,0.0,200.0,50.0,True,25.0
2025-03-19 20:00:00,55.74,0.0,200.0,50.0,True,25.0
2025-03-19 21:00:00,46.15,0.0,200.0,50.0,True,25.0
2025-03-19 22:00:00,35.29,0.0,200.0,50.0,True,25.0
2025-03-19 23:00:00,28.35,0.0,200.0,50.0,True,25.0
2025-03-20 00:00:00,24.86,0.0,200.0,50.0,True,25.0
2025-03-20 01:00:00,24.45,0.0,200.0,50.0,True,25.0
2025-03-20 02:00:00,20.66,0.0,200.0,50.0,True,25.0
2025-03-20 03:00:00,19.44,0.0,200.0,50.0,True,25.0
2025-03-20 04:00:00,19.15,0.0,200.0,50.0,True,25.0
2025-03-20 05:00:00,24.74,0.0,200.0,50.0,True,25.0
2025-03-20 06:00:00,28.41,0.0,200.0,50.0,True,25.0
2025-03-20 07:00:00,39.76,0.0,200.0,50.0,True,25.0
2025-03-20 08:00:00,41.78,1.6,200.0,50.0,True,25.0
2025-03-20 09:00:00,42.6,7.4,200.0,50.0,True,25.0
2025-03-20 10:00:00,36.97,23.3,200.0,50.0,True,25.0
2025-03-20 11:00:00,38.07,40.7,200.0,50.0,True,25.0
2025-03-20 12:00:00,36.09,58.5,200.0,50.0,True,25.0
2025-03-20 13:00:00,34.53,74.8,200.0,50.0,True,25.0
2025-03-20 14:00:00,33.66,88.3,200.0,50.0,True,25.0
2025-03-20 15:00:00,39.32,90.6,200.0,50.0,True,25.0
2025-03-20 16:00:00,44.37,81.4,200.0,50.0,True,25.0
2025-03-20 17:00:00,51.23,58.2,200.0,50.0,True,25.0
2025-03-20 18:00:00,62.66,31.6,200.0,50.0,True,25.0
2025-03-20 19:00:00,62.22,5.0,200.0,50.0,True,25.0
2025-03-20 20:00:00,58.89,0.0,200.0,50.0,True,25.0
2025-03-20 21:00:00,45.97,0.0,200.0,50.0,True,25.0
2025-03-20 22:00:00,36.18,0.0,200.0,50.0,True,25.0
2025-03-20 23:00:00,26.6,0.0,200.0,50.0,True,25.0
2025-03-21 00:00:00,24.17,0.0,200.0,50.0,False,0.0
2025-03-21 01:00:00,22.25,0.0,200.0,50.0,False,0.0
2025-03-21 02:00:00,20.95,0.0,200.0,50.0,False,0.0
2025-03-21 03:00:00,19.19,0.0,200.0,50.0,False,0.0
2025-03-21 04:00:00,17.66,0.0,200.0,50.0,False,0.0
2025-03-21 05:00:00,22.9,0.0,200.0,50.0,False,0.0
2025-03-21 06:00:00,30.28,0.0,200.0,50.0,False,0.0
2025-03-21 07:00:00,36.96,0.0,200.0,50.0,False,0.0
2025-03-21 08:00:00,40.89,0.2,200.0,50.0,False,0.0
2025-03-21 09:00:00,38.75,6.5,200.0,50.0,False,0.0
2025-03-21 10:00:00,38.88,20.8,200.0,50.0,False,0.0
2025-03-21 11:00:00,35.72,40.3,200.0,50.0,False,0.0
2025-03-21 12:00:00,36.42,59.9,200.0,50.0,False,0.0
2025-03-21 13:00:00,34.73,76.9,200.0,50.0,False,0.0
2025-03-21 14:00:00,35.19,87.3,200.0,50.0,False,0.0
2025-03-21 15:00:00,39.0,86.2,200.0,50.0,False,0.0
2025-03-21 16:00:00,43.24,74.3,200.0,50.0,False,0.0
2025-03-21 17:00:00,52.44,49.8,200.0,50.0,False,0.0
2025-03-21 18:00:00,61.56,23.2,200.0,50.0,False,0.0
2025-03-21 19:00:00,63.64,0.0,200.0,50.0,False,0.0
2025-03-21 20:00:00,57.87,0.0,200.0,50.0,False,0.0
2025-03-21 21:00:00,45.43,0.0,200.0,50.0,False,0.0
2025-03-21 22:00:00,34.48,0.0,200.0,50.0,False,0.0
2025-03-21 23:00:00,26.48,0.0,200.0,50.0,False,0.0
2025-03-22 00:00:00,21.94,0.0,200.0,50.0,False,0.0
2025-03-22 01:00:00,17.05,0.0,200.0,50.0,False,0.0
2025-03-22 02:00:00,16.11,0.0,200.0,50.0,False,0.0
2025-03-22 03:00:00,15.38,0.0,200.0,50.0,False,0.0
2025-03-22 04:00:00,16.18,0.0,200.0,50.0,False,0.0
2025-03-22 05:00:00,22.64,0.0,200.0,50.0,False,0.0
2025-03-22 06:00:00,26.81,0.0,200.0,50.0,False,0.0
2025-03-22 07:00:00,32.51,0.0,200.0,50.0,False,0.0
2025-03-22 08:00:00,37.06,5.4,200.0,50.0,False,0.0
2025-03-22 09:00:00,37.32,14.6,200.0,50.0,False,0.0
2025-03-22 10:00:00,34.55,31.2,200.0,50.0,False,0.0
2025-03-22 11:00:00,34.87,50.0,200.0,50.0,False,0.0
2025-03-22 12:00:00,30.58,71.2,200.0,50.0,False,0.0
2025-03-22 13:00:00,28.96,90.1,200.0,50.0,False,0.0
2025-03-22 14:00:00,29.42,100.0,200.0,50.0,False,0.0
2025-03-22 15:00:00,33.98,100.0,200.0,50.0,False,0.0
2025-03-22 16:00:00,39.92,92.5,200.0,50.0,False,0.0
2025-03-22 17:00:00,47.0,71.6,200.0,50.0,False,0.0
2025-03-22 18:00:00,52.92,45.0,200.0,50.0,False,0.0
2025-03-22 19:00:00,56.47,18.4,200.0,50.0,False,0.0
2025-03-22 20:00:00,50.75,0.0,200.0,50.0,False,0.0
2025-03-22 21:00:00,40.28,0.0,200.0,50.0,False,0.0
2025-03-22 22:00:00,29.8,0.0,200.0,50.0,False,0.0
2025-03-22 23:00:00,23.94,0.0,200.0,50.0,False,0.0
2025-03-23 00:00:00,21.55,0.0,200.0,50.0,True,25.0
2025-03-23 01:00:00,18.44,0.0,200.0,50.0,True,25.0
2025-03-23 02:00:00,17.25,0.0,200.0,50.0,True,25.0
2025-03-23 03:00:00,17.18,0.0,200.0,50.0,True,25.0
2025-03-23 04:00:00,18.67,0.0,200.0,50.0,True,25.0
2025-03-23 05:00:00,22.62,0.0,200.0,50.0,True,25.0
2025-03-23 06:00:00,24.44,0.0,200.0,50.0,True,25.0
2025-03-23 07:00:00,34.17,0.0,200.0,50.0,True,25.0
2025-03-23 08:00:00,36.8,4.2,200.0,50.0,True,25.0
2025-03-23 09:00:00,35.24,16.1,200.0,50.0,True,25.0
2025-03-23 10:00:00,35.75,33.6,200.0,50.0,True,25.0
2025-03-23 11:00:00,32.38,53.3,200.0,50.0,True,25.0
2025-03-23 12:00:00,29.58,76.5,200.0,50.0,True,25.0
2025-03-23 13:00:00,30.77,94.2,200.0,50.0,True,25.0
2025-03-23 14:00:00,31.65,100.0,200.0,50.0,True,25.0
2025-03-23 15:00:00,32.7,100.0,200.0,50.0,True,25.0
2025-03-23 16:00:00,37.31,93.7,200.0,50.0,True,25.0
2025-03-23 17:00:00,47.31,72.8,200.0,50.0,True,25.0
2025-03-23 18:00:00,53.23,46.2,200.0,50.0,True,25.0
2025-03-23 19:00:00,54.32,19.6,200.0,50.0,True,25.0
2025-03-23 20:00:00,51.31,0.0,200.0,50.0,True,25.0
2025-03-23 21:00:00,39.65,0.0,200.0,50.0,True,25.0
2025-03-23 22:00:00,31.18,0.0,200.0,50.0,True,25.0
2025-03-23 23:00:00,25.62,0.0,200.0,50.0,True,25.0
2025-03-24 00:00:00,23.41,0.0,200.0,50.0,True,25.0
2025-03-24 01:00:00,19.79,0.0,200.0,50.0,True,25.0
2025-03-24 02:00:00,20.77,0.0,200.0,50.0,True,25.0
2025-03-24 03:00:00,20.38,0.0,200.0,50.0,True,25.0
2025-03-24 04:00:00,22.45,0.0,200.0,50.0,True,25.0
2025-03-24 05:00:00,23.19,0.0,200.0,50.0,True,25.0
2025-03-24 06:00:00,31.38,0.0,200.0,50.0,True,25.0
2025-03-24 07:00:00,36.91,0.0,200.0,50.0,True,25.0
2025-03-24 08:00:00,42.33,0.0,200.0,50.0,True,25.0
2025-03-24 09:00:00,40.01,0.1,200.0,50.0,True,25.0
2025-03-24 10:00:00,40.08,6.1,200.0,50.0,True,25.0
2025-03-24 11:00:00,34.87,15.1,200.0,50.0,True,25.0
2025-03-24 12:00:00,35.31,27.6,200.0,50.0,True,25.0
2025-03-24 13:00:00,33.41,41.3,200.0,50.0,True,25.0
2025-03-24 14:00:00,36.64,49.6,200.0,50.0,True,25.0
2025-03-24 15:00:00,37.47,49.9,200.0,50.0,True,25.0
2025-03-24 16:00:00,44.46,37.9,200.0,50.0,True,25.0
2025-03-24 17:00:00,52.12,13.7,200.0,50.0,True,25.0
2025-03-24 18:00:00,60.67,0.0,200.0,50.0,True,25.0
2025-03-24 19:00:00,61.84,0.0,200.0,50.0,True,25.0
2025-03-24 20:00:00,56.32,0.0,200.0,50.0,True,25.0
2025-03-24 21:00:00,43.41,0.0,200.0,50.0,True,25.0
2025-03-24 22:00:00,35.3,0.0,200.0,50.0,True,25.0
2025-03-24 23:00:00,26.18,0.0,200.0,50.0,True,25.0
2025-03-25 00:00:00,22.44,0.0,200.0,50.0,True,25.0
2025-03-25 01:00:00,20.08,0.0,200.0,50.0,True,25.0
2025-03-25 02:00:00,19.95,0.0,200.0,50.0,True,25.0
2025-03-25 03:00:00,20.72,0.0,200.0,50.0,True,25.0
2025-03-25 04:00:00,21.76,0.0,200.0,50.0,True,25.0
2025-03-25 05:00:00,24.57,0.0,200.0,50.0,True,25.0
2025-03-25 06:00:00,28.03,0.0,200.0,50.0,True,25.0
2025-03-25 07:00:00,38.67,0.0,200.0,50.0,True,25.0
2025-03-25 08:00:00,41.33,0.0,200.0,50.0,True,25.0
2025-03-25 09:00:00,41.39,0.0,200.0,50.0,True,25.0
2025-03-25 10:00:00,38.92,1.6,200.0,50.0,True,25.0
2025-03-25 11:00:00,35.79,7.8,200.0,50.0,True,25.0
2025-03-25 12:00:00,36.0,19.4,200.0,50.0,True,25.0
2025-03-25 13:00:00,34.26,27.6,200.0,50.0,True,25.0
2025-03-25 14:00:00,33.09,30.6,200.0,50.0,True,25.0
2025-03-25 15:00:00,36.41,29.5,200.0,50.0,True,25.0
2025-03-25 16:00:00,42.28,16.6,200.0,50.0,True,25.0
2025-03-25 17:00:00,55.02,0.0,200.0,50.0,True,25.0
2025-03-25 18:00:00,59.14,0.0,200.0,50.0,True,25.0
2025-03-25 19:00:00,64.44,0.0,200.0,50.0,True,25.0
2025-03-25 20:00:00,55.42,0.0,200.0,50.0,True,25.0
2025-03-25 21:00:00,44.32,0.0,200.0,50.0,True,25.0
2025-03-25 22:00:00,35.81,0.0,200.0,50.0,True,25.0
2025-03-25 23:00:00,28.55,0.0,200.0,50.0,True,25.0
2025-03-26 00:00:00,24.41,0.0,200.0,50.0,True,25.0
2025-03-26 01:00:00,22.73,0.0,200.0,50.0,True,25.0
2025-03-26 02:00:00,20.22,0.0,200.0,50.0,True,25.0
2025-03-26 03:00:00,21.09,0.0,200.0,50.0,True,25.0
2025-03-26 04:00:00,21.47,0.0,200.0,50.0,True,25.0
2025-03-26 05:00:00,23.31,0.0,200.0,50.0,True,25.0
2025-03-26 06:00:00,29.34,0.0,200.0,50.0,True,25.0
2025-03-26 07:00:00,39.63,0.0,200.0,50.0,True,25.0
2025-03-26 08:00:00,42.48,3.7,200.0,50.0,True,25.0
2025-03-26 09:00:00,37.59,16.0,200.0,50.0,True,25.0
2025-03-26 10:00:00,39.42,29.5,200.0,50.0,True,25.0
2025-03-26 11:00:00,37.51,42.4,200.0,50.0,True,25.0
2025-03-26 12:00:00,34.25,55.2,200.0,50.0,True,25.0
2025-03-26 13:00:00,33.75,67.9,200.0,50.0,True,25.0
2025-03-26 14:00:00,34.84,74.3,200.0,50.0,True,25.0
2025-03-26 15:00:00,35.98,75.7,200.0,50.0,True,25.0
2025-03-26 16:00:00,43.35,64.9,200.0,50.0,True,25.0
2025-03-26 17:00:00,52.53,40.7,200.0,50.0,True,25.0
2025-03-26 18:00:00,60.08,14.1,200.0,50.0,True,25.0
2025-03-26 19:00:00,61.47,0.0,200.0,50.0,True,25.0
2025-03-26 20:00:00,57.41,0.0,200.0,50.0,True,25.0
2025-03-26 21:00:00,44.69,0.0,200.0,50.0,True,25.0
2025-03-26 22:00:00,35.79,0.0,200.0,50.0,True,25.0
2025-03-26 23:00:00,28.14,0.0,200.0,50.0,True,25.0
2025-03-27 00:00:00,25.34,0.0,200.0,50.0,True,25.0
2025-03-27 01:00:00,23.96,0.0,200.0,50.0,True,25.0
2025-03-27 02:00:00,23.24,0.0,200.0,50.0,True,25.0
2025-03-27 03:00:00,18.64,0.0,200.0,50.0,True,25.0
2025-03-27 04:00:00,21.57,0.0,200.0,50.0,True,25.0
2025-03-27 05:00:00,22.85,0.0,200.0,50.0,True,25.0
2025-03-27 06:00:00,33.12,0.0,200.0,50.0,True,25.0
2025-03-27 07:00:00,39.03,0.0,200.0,50.0,True,25.0
2025-03-27 08:00:00,43.64,1.2,200.0,50.0,True,25.0
2025-03-27 09:00:00,40.64,10.7,200.0,50.0,True,25.0
2025-03-27 10:00:00,35.14,25.4,200.0,50.0,True,25.0
2025-03-27 11:00:00,35.53,44.1,200.0,50.0,True,25.0
2025-03-27 12:00:00,33.83,63.9,200.0,50.0,True,25.0
2025-03-27 13:00:00,33.09,82.1,200.0,50.0,True,25.0
2025-03-27 14:00:00,35.08,94.9,200.0,50.0,True,25.0
2025-03-27 15:00:00,38.9,99.2,200.0,50.0,True,25.0
2025-03-27 16:00:00,40.62,93.5,200.0,50.0,True,25.0
2025-03-27 17:00:00,52.6,70.7,200.0,50.0,True,25.0
2025-03-27 18:00:00,59.6,44.1,200.0,50.0,True,25.0
2025-03-27 19:00:00,63.66,17.5,200.0,50.0,True,25.0
2025-03-27 20:00:00,57.25,0.0,200.0,50.0,True,25.0
2025-03-27 21:00:00,45.37,0.0,200.0,50.0,True,25.0
2025-03-27 22:00:00,34.92,0.0,200.0,50.0,True,25.0
2025-03-27 23:00:00,25.33,0.0,200.0,50.0,True,25.0
2025-03-28 00:00:00,24.47,0.0,200.0,50.0,True,25.0
2025-03-28 01:00:00,21.38,0.0,200.0,50.0,True,25.0
2025-03-28 02:00:00,20.15,0.0,200.0,50.0,True,25.0
2025-03-28 03:00:00,21.61,0.0,200.0,50.0,True,25.0
2025-03-28 04:00:00,21.45,0.0,200.0,50.0,True,25.0
2025-03-28 05:00:00,22.87,0.0,200.0,50.0,True,25.0
2025-03-28 06:00:00,28.41,0.0,200.0,50.0,True,25.0
2025-03-28 07:00:00,38.68,0.0,200.0,50.0,True,25.0
2025-03-28 08:00:00,42.23,0.0,200.0,50.0,True,25.0
2025-03-28 09:00:00,40.1,6.4,200.0,50.0,True,25.0
2025-03-28 10:00:00,36.8,21.0,200.0,50.0,True,25.0
2025-03-28 11:00:00,35.15,38.4,200.0,50.0,True,25.0
2025-03-28 12:00:00,33.7,55.2,200.0,50.0,True,25.0
2025-03-28 13:00:00,33.27,67.6,200.0,50.0,True,25.0
2025-03-28 14:00:00,34.55,76.2,200.0,50.0,True,25.0
2025-03-28 15:00:00,38.05,77.8,200.0,50.0,True,25.0
2025-03-28 16:00:00,43.57,68.1,200.0,50.0,True,25.0
2025-03-28 17:00:00,55.07,43.3,200.0,50.0,True,25.0
2025-03-28 18:00:00,61.11,16.7,200.0,50.0,True,25.0
2025-03-28 19:00:00,63.34,0.0,200.0,50.0,True,25.0
2025-03-28 20:00:00,57.01,0.0,200.0,50.0,True,25.0
2025-03-28 21:00:00,45.61,0.0,200.0,50.0,True,25.0
2025-03-28 22:00:00,35.09,0.0,200.0,50.0,True,25.0
2025-03-28 23:00:00,27.59,0.0,200.0,50.0,True,25.0
2025-03-29 00:00:00,21.77,0.0,200.0,50.0,True,25.0
2025-03-29 01:00:00,18.03,0.0,200.0,50.0,True,25.0
2025-03-29 02:00:00,19.43,0.0,200.0,50.0,True,25.0
2025-03-29 03:00:00,17.8,0.0,200.0,50.0,True,25.0
2025-03-29 04:00:00,16.39,0.0,200.0,50.0,True,25.0
2025-03-29 05:00:00,20.9,0.0,200.0,50.0,True,25.0
2025-03-29 06:00:00,24.03,0.0,200.0,50.0,True,25.0
2025-03-29 07:00:00,32.96,0.0,200.0,50.0,True,25.0
2025-03-29 08:00:00,36.61,6.6,200.0,50.0,True,25.0
2025-03-29 09:00:00,33.39,21.0,200.0,50.0,True,25.0
2025-03-29 10:00:00,33.54,41.5,200.0,50.0,True,25.0
2025-03-29 11:00:00,32.08,64.1,200.0,50.0,True,25.0
2025-03-29 12:00:00,31.31,87.0,200.0,50.0,True,25.0
2025-03-29 13:00:00,28.9,100.0,200.0,50.0,True,25.0
2025-03-29 14:00:00,30.73,100.0,200.0,50.0,True,25.0
2025-03-29 15:00:00,33.49,100.0,200.0,50.0,True,25.0
2025-03-29 16:00:00,37.9,95.9,200.0,50.0,True,25.0
2025-03-29 17:00:00,44.4,77.9,200.0,50.0,True,25.0
2025-03-29 18:00:00,52.67,51.3,200.0,50.0,True,25.0
2025-03-29 19:00:00,55.29,24.8,200.0,50.0,True,25.0
2025-03-29 20:00:00,48.48,0.0,200.0,50.0,True,25.0
2025-03-29 21:00:00,39.74,0.0,200.0,50.0,True,25.0
2025-03-29 22:00:00,30.32,0.0,200.0,50.0,True,25.0
2025-03-29 23:00:00,25.32,0.0,200.0,50.0,True,25.0
2025-03-30 00:00:00,20.8,0.0,200.0,50.0,True,25.0
2025-03-30 01:00:00,19.52,0.0,200.0,50.0,True,25.0
2025-03-30 02:00:00,18.52,0.0,200.0,50.0,True,25.0
2025-03-30 03:00:00,16.98,0.0,200.0,50.0,True,25.0
2025-03-30 04:00:00,17.17,0.0,200.0,50.0,True,25.0
2025-03-30 05:00:00,20.43,0.0,200.0,50.0,True,25.0
2025-03-30 06:00:00,26.03,0.0,200.0,50.0,True,25.0
2025-03-30 07:00:00,33.7,0.0,200.0,50.0,True,25.0
2025-03-30 08:00:00,38.52,5.2,200.0,50.0,True,25.0
2025-03-30 09:00:00,36.28,18.5,200.0,50.0,True,25.0
2025-03-30 10:00:00,35.04,37.4,200.0,50.0,True,25.0
2025-03-30 11:00:00,29.51,60.9,200.0,50.0,True,25.0
2025-03-30 12:00:00,32.25,84.0,200.0,50.0,True,25.0
2025-03-30 13:00:00,29.72,100.0,200.0,50.0,True,25.0
2025-03-30 14:00:00,30.84,100.0,200.0,50.0,True,25.0
2025-03-30 15:00:00,34.62,100.0,200.0,50.0,True,25.0
2025-03-30 16:00:00,38.37,96.1,200.0,50.0,True,25.0
2025-03-30 17:00:00,45.04,77.7,200.0,50.0,True,25.0
2025-03-30 18:00:00,54.46,51.1,200.0,50.0,True,25.0
2025-03-30 19:00:00,53.39,24.5,200.0,50.0,True,25.0
2025-03-30 20:00:00,48.34,0.0,200.0,50.0,True,25.0
2025-03-30 21:00:00,39.66,0.0,200.0,50.0,True,25.0
2025-03-30 22:00:00,29.89,0.0,200.0,50.0,True,25.0
2025-03-30 23:00:00,23.97,0.0,200.0,50.0,True,25.0
2025-03-31 00:00:00,23.45,0.0,200.0,50.0,True,25.0
2025-03-31 01:00:00,23.37,0.0,200.0,50.0,True,25.0
2025-03-31 02:00:00,21.58,0.0,200.0,50.0,True,25.0
2025-03-31 03:00:00,18.91,0.0,200.0,50.0,True,25.0
2025-03-31 04:00:00,20.16,0.0,200.0,50.0,True,25.0
2025-03-31 05:00:00,23.1,0.0,200.0,50.0,True,25.0
2025-03-31 06:00:00,28.54,0.0,200.0,50.0,True,25.0
2025-03-31 07:00:00,37.45,0.0,200.0,50.0,True,25.0
2025-03-31 08:00:00,40.37,0.5,200.0,50.0,True,25.0
2025-03-31 09:00:00,40.23,3.0,200.0,50.0,True,25.0
2025-03-31 10:00:00,37.52,14.8,200.0,50.0,True,25.0
2025-03-31 11:00:00,35.11,32.2,200.0,50.0,True,25.0
2025-03-31 12:00:00,35.02,48.9,200.0,50.0,True,25.0
2025-03-31 13:00:00,34.37,65.6,200.0,50.0,True,25.0
2025-03-31 14:00:00,34.14,77.8,200.0,50.0,True,25.0
2025-03-31 15:00:00,40.2,78.5,200.0,50.0,True,25.0
2025-03-31 16:00:00,46.16,67.5,200.0,50.0,True,25.0
2025-03-31 17:00:00,53.16,43.9,200.0,50.0,True,25.0
2025-03-31 18:00:00,59.25,17.3,200.0,50.0,True,25.0
2025-03-31 19:00:00,61.95,0.0,200.0,50.0,True,25.0
2025-03-31 20:00:00,54.72,0.0,200.0,50.0,True,25.0
2025-03-31 21:00:00,44.27,0.0,200.0,50.0,True,25.0
2025-03-31 22:00:00,32.42,0.0,200.0,50.0,True,25.0
2025-03-31 23:00:00,26.43,0.0,200.0,50.0,True,25.0
2025-04-01 00:00:00,22.05,0.0,200.0,50.0,True,25.0
2025-04-01 01:00:00,22.47,0.0,200.0,50.0,True,25.0
2025-04-01 02:00:00,20.09,0.0,200.0,50.0,True,25.0
2025-04-01 03:00:00,20.24,0.0,200.0,50.0,True,25.0
2025-04-01 04:00:00,21.89,0.0,200.0,50.0,True,25.0
2025-04-01 05:00:00,24.93,0.0,200.0,50.0,True,25.0
2025-04-01 06:00:00,28.53,0.0,200.0,50.0,True,25.0
2025-04-01 07:00:00,38.38,0.0,200.0,50.0,True,25.0
2025-04-01 08:00:00,42.04,0.3,200.0,50.0,True,25.0
2025-04-01 09:00:00,41.34,6.2,200.0,50.0,True,25.0
2025-04-01 10:00:00,38.95,14.8,200.0,50.0,True,25.0
2025-04-01 11:00:00,37.76,27.5,200.0,50.0,True,25.0
2025-04-01 12:00:00,32.39,41.8,200.0,50.0,True,25.0
2025-04-01 13:00:00,32.5,54.0,200.0,50.0,True,25.0
2025-04-01 14:00:00,35.62,62.4,200.0,50.0,True,25.0
2025-04-01 15:00:00,38.7,59.2,200.0,50.0,True,25.0
2025-04-01 16:00:00,43.28,49.5,200.0,50.0,True,25.0
2025-04-01 17:00:00,51.91,26.5,200.0,50.0,True,25.0
2025-04-01 18:00:00,60.67,0.0,200.0,50.0,True,25.0
2025-04-01 19:00:00,59.16,0.0,200.0,50.0,True,25.0
2025-04-01 20:00:00,57.05,0.0,200.0,50.0,True,25.0
2025-04-01 21:00:00,45.35,0.0,200.0,50.0,True,25.0
2025-04-01 22:00:00,33.8,0.0,200.0,50.0,True,25.0
2025-04-01 23:00:00,27.75,0.0,200.0,50.0,True,25.0
2025-04-02 00:00:00,23.03,0.0,200.0,50.0,True,25.0
2025-04-02 01:00:00,21.72,0.0,200.0,50.0,True,25.0
2025-04-02 02:00:00,20.9,0.0,200.0,50.0,True,25.0
2025-04-02 03:00:00,20.77,0.0,200.0,50.0,True,25.0
2025-04-02 04:00:00,21.15,0.0,200.0,50.0,True,25.0
2025-04-02 05:00:00,21.2,0.0,200.0,50.0,True,25.0
2025-04-02 06:00:00,27.24,0.0,200.0,50.0,True,25.0
2025-04-02 07:00:00,36.64,0.0,200.0,50.0,True,25.0
2025-04-02 08:00:00,42.11,0.3,200.0,50.0,True,25.0
2025-04-02 09:00:00,40.42,9.4,200.0,50.0,True,25.0
2025-04-02 10:00:00,39.95,22.2,200.0,50.0,True,25.0
2025-04-02 11:00:00,34.92,41.0,200.0,50.0,True,25.0
2025-04-02 12:00:00,35.9,57.0,200.0,50.0,True,25.0
2025-04-02 13:00:00,30.92,74.2,200.0,50.0,True,25.0
2025-04-02 14:00:00,34.35,86.2,200.0,50.0,True,25.0
2025-04-02 15:00:00,38.24,89.0,200.0,50.0,True,25.0
2025-04-02 16:00:00,43.66,77.7,200.0,50.0,True,25.0
2025-04-02 17:00:00,52.03,54.8,200.0,50.0,True,25.0
2025-04-02 18:00:00,59.77,28.2,200.0,50.0,True,25.0
2025-04-02 19:00:00,59.95,1.6,200.0,50.0,True,25.0
2025-04-02 20:00:00,57.05,0.0,200.0,50.0,True,25.0
2025-04-02 21:00:00,45.47,0.0,200.0,50.0,True,25.0
2025-04-02 22:00:00,34.77,0.0,200.0,50.0,True,25.0
2025-04-02 23:00:00,26.77,0.0,200.0,50.0,True,25.0
2025-04-03 00:00:00,23.06,0.0,200.0,50.0,True,25.0
2025-04-03 01:00:00,22.28,0.0,200.0,50.0,True,25.0
2025-04-03 02:00:00,22.84,0.0,200.0,50.0,True,25.0
2025-04-03 03:00:00,18.17,0.0,200.0,50.0,True,25.0
2025-04-03 04:00:00,19.19,0.0,200.0,50.0,True,25.0
2025-04-03 05:00:00,23.77,0.0,200.0,50.0,True,25.0
2025-04-03 06:00:00,28.47,0.0,200.0,50.0,True,25.0
2025-04-03 07:00:00,38.03,0.0,200.0,50.0,True,25.0
2025-04-03 08:00:00,41.47,0.0,200.0,50.0,True,25.0
2025-04-03 09:00:00,40.44,5.9,200.0,50.0,True,25.0
2025-04-03 10:00:00,37.54,12.8,200.0,50.0,True,25.0
2025-04-03 11:00:00,34.63,23.8,200.0,50.0,True,25.0
2025-04-03 12:00:00,33.33,35.2,200.0,50.0,True,25.0
2025-04-03 13:00:00,33.0,47.9,200.0,50.0,True,25.0
2025-04-03 14:00:00,32.77,54.9,200.0,50.0,True,25.0
2025-04-03 15:00:00,37.84,54.9,200.0,50.0,True,25.0
2025-04-03 16:00:00,43.37,45.5,200.0,50.0,True,25.0
2025-04-03 17:00:00,51.89,22.2,200.0,50.0,True,25.0
2025-04-03 18:00:00,59.79,0.0,200.0,50.0,True,25.0
2025-04-03 19:00:00,59.4,0.0,200.0,50.0,True,25.0
2025-04-03 20:00:00,54.78,0.0,200.0,50.0,True,25.0
2025-04-03 21:00:00,43.73,0.0,200.0,50.0,True,25.0
2025-04-03 22:00:00,35.33,0.0,200.0,50.0,True,25.0
2025-04-03 23:00:00,29.83,0.0,200.0,50.0,True,25.0
2025-04-04 00:00:00,22.36,0.0,200.0,50.0,True,25.0
2025-04-04 01:00:00,21.33,0.0,200.0,50.0,True,25.0
2025-04-04 02:00:00,20.06,0.0,200.0,50.0,True,25.0
2025-04-04 03:00:00,20.08,0.0,200.0,50.0,True,25.0
2025-04-04 04:00:00,20.16,0.0,200.0,50.0,True,25.0
2025-04-04 05:00:00,23.76,0.0,200.0,50.0,True,25.0
2025-04-04 06:00:00,29.62,0.0,200.0,50.0,True,25.0
2025-04-04 07:00:00,36.36,0.0,200.0,50.0,True,25.0
2025-04-04 08:00:00,41.75,3.0,200.0,50.0,True,25.0
2025-04-04 09:00:00,37.47,14.6,200.0,50.0,True,25.0
2025-04-04 10:00:00,37.52,27.8,200.0,50.0,True,25.0
2025-04-04 11:00:00,35.64,47.0,200.0,50.0,True,25.0
2025-04-04 12:00:00,33.95,64.1,200.0,50.0,True,25.0
2025-04-04 13:00:00,32.77,78.8,200.0,50.0,True,25.0
2025-04-04 14:00:00,33.63,90.4,200.0,50.0,True,25.0
2025-04-04 15:00:00,37.51,94.9,200.0,50.0,True,25.0
2025-04-04 16:00:00,43.51,87.6,200.0,50.0,True,25.0
2025-04-04 17:00:00,52.55,65.3,200.0,50.0,True,25.0
2025-04-04 18:00:00,59.58,38.7,200.0,50.0,True,25.0
2025-04-04 19:00:00,60.55,12.2,200.0,50.0,True,25.0
2025-04-04 20:00:00,57.13,0.0,200.0,50.0,True,25.0
2025-04-04 21:00:00,46.86,0.0,200.0,50.0,True,25.0
2025-04-04 22:00:00,32.68,0.0,200.0,50.0,True,25.0
2025-04-04 23:00:00,27.22,0.0,200.0,50.0,True,25.0
2025-04-05 00:00:00,20.01,0.0,200.0,50.0,True,25.0
2025-04-05 01:00:00,20.1,0.0,200.0,50.0,True,25.0
2025-04-05 02:00:00,18.34,0.0,200.0,50.0,True,25.0
2025-04-05 03:00:00,17.47,0.0,200.0,50.0,True,25.0
2025-04-05 04:00:00,18.95,0.0,200.0,50.0,True,25.0
2025-04-05 05:00:00,20.22,0.0,200.0,50.0,True,25.0
2025-04-05 06:00:00,27.33,0.0,200.0,50.0,True,25.0
2025-04-05 07:00:00,33.84,0.0,200.0,50.0,True,25.0
2025-04-05 08:00:00,37.52,6.9,200.0,50.0,True,25.0
2025-04-05 09:00:00,34.55,22.3,200.0,50.0,True,25.0
2025-04-05 10:00:00,33.09,42.8,200.0,50.0,True,25.0
2025-04-05 11:00:00,32.62,64.9,200.0,50.0,True,25.0
2025-04-05 12:00:00,30.92,88.4,200.0,50.0,True,25.0
2025-04-05 13:00:00,27.62,100.0,200.0,50.0,True,25.0
2025-04-05 14:00:00,30.22,100.0,200.0,50.0,True,25.0
2025-04-05 15:00:00,33.8,100.0,200.0,50.0,True,25.0
2025-04-05 16:00:00,37.82,96.8,200.0,50.0,True,25.0
2025-04-05 17:00:00,46.35,78.8,200.0,50.0,True,25.0
2025-04-05 18:00:00,52.12,52.2,200.0,50.0,True,25.0
2025-04-05 19:00:00,51.11,25.6,200.0,50.0,True,25.0
2025-04-05 20:00:00,47.49,0.3,200.0,50.0,True,25.0
2025-04-05 21:00:00,40.73,0.0,200.0,50.0,True,25.0
2025-04-05 22:00:00,29.77,0.0,200.0,50.0,True,25.0
2025-04-05 23:00:00,23.97,0.0,200.0,50.0,True,25.0
2025-04-06 00:00:00,20.54,0.0,200.0,50.0,True,25.0
2025-04-06 01:00:00,17.97,0.0,200.0,50.0,True,25.0
2025-04-06 02:00:00,17.77,0.0,200.0,50.0,True,25.0
2025-04-06 03:00:00,17.77,0.0,200.0,50.0,True,25.0
2025-04-06 04:00:00,18.84,0.0,200.0,50.0,True,25.0
2025-04-06 05:00:00,23.17,0.0,200.0,50.0,True,25.0
2025-04-06 06:00:00,24.71,0.0,200.0,50.0,True,25.0
2025-04-06 07:00:00,35.18,0.0,200.0,50.0,True,25.0
2025-04-06 08:00:00,35.31,6.3,200.0,50.0,True,25.0
2025-04-06 09:00:00,35.35,18.0,200.0,50.0,True,25.0
2025-04-06 10:00:00,33.39,31.0,200.0,50.0,True,25.0
2025-04-06 11:00:00,31.45,43.2,200.0,50.0,True,25.0
2025-04-06 12:00:00,30.01,57.5,200.0,50.0,True,25.0
2025-04-06 13:00:00,28.32,73.0,200.0,50.0,True,25.0
2025-04-06 14:00:00,31.1,85.4,200.0,50.0,True,25.0
2025-04-06 15:00:00,32.17,89.6,200.0,50.0,True,25.0
2025-04-06 16:00:00,38.3,82.8,200.0,50.0,True,25.0
2025-04-06 17:00:00,46.73,62.7,200.0,50.0,True,25.0
2025-04-06 18:00:00,53.8,36.1,200.0,50.0,True,25.0
2025-04-06 19:00:00,54.88,9.6,200.0,50.0,True,25.0
2025-04-06 20:00:00,49.67,0.0,200.0,50.0,True,25.0
2025-04-06 21:00:00,38.73,0.0,200.0,50.0,True,25.0
2025-04-06 22:00:00,29.08,0.0,200.0,50.0,True,25.0
2025-04-06 23:00:00,22.33,0.0,200.0,50.0,True,25.0
2025-04-07 00:00:00,21.82,0.0,200.0,50.0,True,25.0
2025-04-07 01:00:00,21.51,0.0,200.0,50.0,True,25.0
2025-04-07 02:00:00,19.92,0.0,200.0,50.0,True,25.0
2025-04-07 03:00:00,21.16,0.0,200.0,50.0,True,25.0
2025-04-07 04:00:00,20.1,0.0,200.0,50.0,True,25.0
2025-04-07 05:00:00,23.42,0.0,200.0,50.0,True,25.0
2025-04-07 06:00:00,28.36,0.0,200.0,50.0,True,25.0
2025-04-07 07:00:00,35.96,0.0,200.0,50.0,True,25.0
2025-04-07 08:00:00,42.53,0.0,200.0,50.0,True,25.0
2025-04-07 09:00:00,40.27,0.0,200.0,50.0,True,25.0
2025-04-07 10:00:00,38.62,0.0,200.0,50.0,True,25.0
2025-04-07 11:00:00,36.56,0.0,200.0,50.0,True,25.0
2025-04-07 12:00:00,33.15,0.0,200.0,50.0,True,25.0
2025-04-07 13:00:00,32.09,0.0,200.0,50.0,True,25.0
2025-04-07 14:00:00,34.6,0.0,200.0,50.0,True,25.0
2025-04-07 15:00:00,39.49,0.0,200.0,50.0,True,25.0
2025-04-07 16:00:00,43.48,0.0,200.0,50.0,True,25.0
2025-04-07 17:00:00,53.16,0.0,200.0,50.0,True,25.0
2025-04-07 18:00:00,58.52,0.0,200.0,50.0,True,25.0
2025-04-07 19:00:00,62.26,0.0,200.0,50.0,True,25.0
2025-04-07 20:00:00,55.06,0.0,200.0,50.0,True,25.0
2025-04-07 21:00:00,45.1,0.0,200.0,50.0,True,25.0
2025-04-07 22:00:00,33.62,0.0,200.0,50.0,True,25.0
2025-04-07 23:00:00,27.95,0.0,200.0,50.0,True,25.0
2025-04-08 00:00:00,24.35,0.0,200.0,50.0,True,25.0
2025-04-08 01:00:00,19.7,0.0,200.0,50.0,True,25.0
2025-04-08 02:00:00,22.35,0.0,200.0,50.0,True,25.0
2025-04-08 03:00:00,22.54,0.0,200.0,50.0,True,25.0
2025-04-08 04:00:00,20.33,0.0,200.0,50.0,True,25.0
2025-04-08 05:00:00,23.11,0.0,200.0,50.0,True,25.0
2025-04-08 06:00:00,30.12,0.0,200.0,50.0,True,25.0
2025-04-08 07:00:00,37.66,0.0,200.0,50.0,True,25.0
2025-04-08 08:00:00,41.16,0.0,200.0,50.0,True,25.0
2025-04-08 09:00:00,41.65,1.9,200.0,50.0,True,25.0
2025-04-08 10:00:00,35.96,10.7,200.0,50.0,True,25.0
2025-04-08 11:00:00,34.84,23.4,200.0,50.0,True,25.0
2025-04-08 12:00:00,34.5,34.6,200.0,50.0,True,25.0
2025-04-08 13:00:00,30.98,44.0,200.0,50.0,True,25.0
2025-04-08 14:00:00,33.55,47.9,200.0,50.0,True,25.0
2025-04-08 15:00:00,37.12,47.3,200.0,50.0,True,25.0
2025-04-08 16:00:00,44.1,38.4,200.0,50.0,True,25.0
2025-04-08 17:00:00,52.73,15.5,200.0,50.0,True,25.0
2025-04-08 18:00:00,57.04,0.0,200.0,50.0,True,25.0
2025-04-08 19:00:00,60.01,0.0,200.0,50.0,True,25.0
2025-04-08 20:00:00,54.65,0.0,200.0,50.0,True,25.0
2025-04-08 21:00:00,44.48,0.0,200.0,50.0,True,25.0
2025-04-08 22:00:00,32.68,0.0,200.0,50.0,True,25.0
2025-04-08 23:00:00,27.39,0.0,200.0,50.0,True,25.0
2025-04-09 00:00:00,22.39,0.0,200.0,50.0,True,25.0
2025-04-09 01:00:00,22.15,0.0,200.0,50.0,True,25.0
2025-04-09 02:00:00,20.72,0.0,200.0,50.0,True,25.0
2025-04-09 03:00:00,18.49,0.0,200.0,50.0,True,25.0
2025-04-09 04:00:00,22.39,0.0,200.0,50.0,True,25.0
2025-04-09 05:00:00,24.93,0.0,200.0,50.0,True,25.0
2025-04-09 06:00:00,28.93,0.0,200.0,50.0,True,25.0
2025-04-09 07:00:00,37.23,0.0,200.0,50.0,True,25.0
2025-04-09 08:00:00,39.82,0.9,200.0,50.0,True,25.0
2025-04-09 09:00:00,40.59,9.0,200.0,50.0,True,25.0
2025-04-09 10:00:00,38.51,24.9,200.0,50.0,True,25.0
2025-04-09 11:00:00,34.76,41.4,200.0,50.0,True,25.0
2025-04-09 12:00:00,33.12,59.6,200.0,50.0,True,25.0
2025-04-09 13:00:00,33.42,71.1,200.0,50.0,True,25.0
2025-04-09 14:00:00,32.54,79.3,200.0,50.0,True,25.0
2025-04-09 15:00:00,36.77,82.2,200.0,50.0,True,25.0
2025-04-09 16:00:00,41.63,75.5,200.0,50.0,True,25.0
2025-04-09 17:00:00,50.6,54.4,200.0,50.0,True,25.0
2025-04-09 18:00:00,58.09,27.8,200.0,50.0,True,25.0
2025-04-09 19:00:00,61.83,1.2,200.0,50.0,True,25.0
2025-04-09 20:00:00,53.28,0.0,200.0,50.0,True,25.0
2025-04-09 21:00:00,45.19,0.0,200.0,50.0,True,25.0
2025-04-09 22:00:00,34.26,0.0,200.0,50.0,True,25.0
2025-04-09 23:00:00,27.96,0.0,200.0,50.0,True,25.0
2025-04-10 00:00:00,23.5,0.0,200.0,50.0,True,25.0
2025-04-10 01:00:00,20.95,0.0,200.0,50.0,True,25.0
2025-04-10 02:00:00,19.71,0.0,200.0,50.0,True,25.0
2025-04-10 03:00:00,20.81,0.0,200.0,50.0,True,25.0
2025-04-10 04:00:00,21.29,0.0,200.0,50.0,True,25.0
2025-04-10 05:00:00,22.6,0.0,200.0,50.0,True,25.0
2025-04-10 06:00:00,29.63,0.0,200.0,50.0,True,25.0
2025-04-10 07:00:00,36.92,0.0,200.0,50.0,True,25.0
2025-04-10 08:00:00,41.02,1.8,200.0,50.0,True,25.0
2025-04-10 09:00:00,38.52,12.0,200.0,50.0,True,25.0
2025-04-10 10:00:00,38.1,25.9,200.0,50.0,True,25.0
2025-04-10 11:00:00,34.48,45.4,200.0,50.0,True,25.0
2025-04-10 12:00:00,33.53,62.0,200.0,50.0,True,25.0
2025-04-10 13:00:00,32.03,75.4,200.0,50.0,True,25.0
2025-04-10 14:00:00,34.21,86.7,200.0,50.0,True,25.0
2025-04-10 15:00:00,37.92,90.8,200.0,50.0,True,25.0
2025-04-10 16:00:00,41.48,85.2,200.0,50.0,True,25.0
2025-04-10 17:00:00,52.21,63.9,200.0,50.0,True,25.0
2025-04-10 18:00:00,57.09,37.4,200.0,50.0,True,25.0
2025-04-10 19:00:00,63.28,10.8,200.0,50.0,True,25.0
2025-04-10 20:00:00,54.68,0.0,200.0,50.0,True,25.0
2025-04-10 21:00:00,45.85,0.0,200.0,50.0,True,25.0
2025-04-10 22:00:00,34.13,0.0,200.0,50.0,True,25.0
2025-04-10 23:00:00,27.05,0.0,200.0,50.0,True,25.0
2025-04-11 00:00:00,21.75,0.0,200.0,50.0,True,25.0
2025-04-11 01:00:00,22.38,0.0,200.0,50.0,True,25.0
2025-04-11 02:00:00,20.71,0.0,200.0,50.0,True,25.0
2025-04-11 03:00:00,20.15,0.0,200.0,50.0,True,25.0
2025-04-11 04:00:00,20.55,0.0,200.0,50.0,True,25.0
2025-04-11 05:00:00,23.31,0.0,200.0,50.0,True,25.0
2025-04-11 06:00:00,27.43,0.0,200.0,50.0,True,25.0
2025-04-11 07:00:00,37.21,0.0,200.0,50.0,True,25.0
2025-04-11 08:00:00,40.45,5.9,200.0,50.0,True,25.0
2025-04-11 09:00:00,38.33,20.1,200.0,50.0,True,25.0
2025-04-11 10:00:00,37.56,39.8,200.0,50.0,True,25.0
2025-04-11 11:00:00,36.05,61.4,200.0,50.0,True,25.0
2025-04-11 12:00:00,34.13,83.7,200.0,50.0,True,25.0
2025-04-11 13:00:00,32.64,100.0,200.0,50.0,True,25.0
2025-04-11 14:00:00,34.33,100.0,200.0,50.0,True,25.0
2025-04-11 15:00:00,37.69,100.0,200.0,50.0,True,25.0
2025-04-11 16:00:00,42.85,95.0,200.0,50.0,True,25.0
2025-04-11 17:00:00,51.84,74.6,200.0,50.0,True,25.0
2025-04-11 18:00:00,60.18,48.0,200.0,50.0,True,25.0
2025-04-11 19:00:00,59.1,21.4,200.0,50.0,True,25.0
2025-04-11 20:00:00,54.82,0.0,200.0,50.0,True,25.0
2025-04-11 21:00:00,44.92,0.0,200.0,50.0,True,25.0
2025-04-11 22:00:00,31.93,0.0,200.0,50.0,True,25.0
2025-04-11 23:00:00,28.37,0.0,200.0,50.0,True,25.0
2025-04-12 00:00:00,20.64,0.0,200.0,50.0,True,25.0
2025-04-12 01:00:00,19.92,0.0,200.0,50.0,True,25.0
2025-04-12 02:00:00,19.49,0.0,200.0,50.0,True,25.0
2025-04-12 03:00:00,17.7,0.0,200.0,50.0,True,25.0
2025-04-12 04:00:00,15.47,0.0,200.0,50.0,True,25.0
2025-04-12 05:00:00,20.51,0.0,200.0,50.0,True,25.0
2025-04-12 06:00:00,25.28,0.0,200.0,50.0,True,25.0
2025-04-12 07:00:00,31.55,1.5,200.0,50.0,True,25.0
2025-04-12 08:00:00,33.83,10.7,200.0,50.0,True,25.0
2025-04-12 09:00:00,34.97,26.1,200.0,50.0,True,25.0
2025-04-12 10:00:00,31.35,48.0,200.0,50.0,True,25.0
2025-04-12 11:00:00,33.76,71.5,200.0,50.0,True,25.0
2025-04-12 12:00:00,30.04,95.0,200.0,50.0,True,25.0
2025-04-12 13:00:00,30.41,100.0,200.0,50.0,True,25.0
2025-04-12 14:00:00,29.76,100.0,200.0,50.0,True,25.0
2025-04-12 15:00:00,33.75,100.0,200.0,50.0,True,25.0
2025-04-12 16:00:00,37.61,98.6,200.0,50.0,True,25.0
2025-04-12 17:00:00,46.57,80.8,200.0,50.0,True,25.0
2025-04-12 18:00:00,49.18,54.6,200.0,50.0,True,25.0
2025-04-12 19:00:00,54.26,28.0,200.0,50.0,True,25.0
2025-04-12 20:00:00,49.3,1.8,200.0,50.0,True,25.0
2025-04-12 21:00:00,38.93,0.0,200.0,50.0,True,25.0
2025-04-12 22:00:00,29.23,0.0,200.0,50.0,True,25.0
2025-04-12 23:00:00,23.11,0.0,200.0,50.0,True,25.0
2025-04-13 00:00:00,20.64,0.0,200.0,50.0,True,25.0
2025-04-13 01:00:00,20.2,0.0,200.0,50.0,True,25.0
2025-04-13 02:00:00,17.48,0.0,200.0,50.0,True,25.0
2025-04-13 03:00:00,15.14,0.0,200.0,50.0,True,25.0
2025-04-13 04:00:00,21.1,0.0,200.0,50.0,True,25.0
2025-04-13 05:00:00,21.11,0.0,200.0,50.0,True,25.0
2025-04-13 06:00:00,24.52,0.0,200.0,50.0,True,25.0
2025-04-13 07:00:00,34.22,0.0,200.0,50.0,True,25.0
2025-04-13 08:00:00,37.04,7.2,200.0,50.0,True,25.0
2025-04-13 09:00:00,34.95,21.4,200.0,50.0,True,25.0
2025-04-13 10:00:00,32.23,40.9,200.0,50.0,True,25.0
2025-04-13 11:00:00,32.04,61.4,200.0,50.0,True,25.0
2025-04-13 12:00:00,30.98,81.7,200.0,50.0,True,25.0
2025-04-13 13:00:00,26.67,100.0,200.0,50.0,True,25.0
2025-04-13 14:00:00,29.94,100.0,200.0,50.0,True,25.0
2025-04-13 15:00:00,33.16,100.0,200.0,50.0,True,25.0
2025-04-13 16:00:00,37.8,96.2,200.0,50.0,True,25.0
2025-04-13 17:00:00,45.35,78.2,200.0,50.0,True,25.0
2025-04-13 18:00:00,52.96,51.6,200.0,50.0,True,25.0
2025-04-13 19:00:00,52.85,25.0,200.0,50.0,True,25.0
2025-04-13 20:00:00,48.41,0.0,200.0,50.0,True,25.0
2025-04-13 21:00:00,39.42,0.0,200.0,50.0,True,25.0
2025-04-13 22:00:00,29.46,0.0,200.0,50.0,True,25.0
2025-04-13 23:00:00,21.76,0.0,200.0,50.0,True,25.0
2025-04-14 00:00:00,23.29,0.0,200.0,50.0,True,25.0
2025-04-14 01:00:00,21.53,0.0,200.0,50.0,True,25.0
2025-04-14 02:00:00,20.11,0.0,200.0,50.0,True,25.0
2025-04-14 03:00:00,19.33,0.0,200.0,50.0,True,25.0
2025-04-14 04:00:00,16.74,0.0,200.0,50.0,True,25.0
2025-04-14 05:00:00,24.48,0.0,200.0,50.0,True,25.0
2025-04-14 06:00:00,29.43,0.0,200.0,50.0,True,25.0
2025-04-14 07:00:00,35.6,0.0,200.0,50.0,True,25.0
2025-04-14 08:00:00,39.94,3.7,200.0,50.0,True,25.0
2025-04-14 09:00:00,40.72,11.2,200.0,50.0,True,25.0
2025-04-14 10:00:00,35.82,20.4,200.0,50.0,True,25.0
2025-04-14 11:00:00,36.01,34.7,200.0,50.0,True,25.0
2025-04-14 12:00:00,33.07,53.0,200.0,50.0,True,25.0
2025-04-14 13:00:00,33.09,67.0,200.0,50.0,True,25.0
2025-04-14 14:00:00,33.72,78.2,200.0,50.0,True,25.0
2025-04-14 15:00:00,36.87,82.0,200.0,50.0,True,25.0
2025-04-14 16:00:00,42.99,75.3,200.0,50.0,True,25.0
2025-04-14 17:00:00,50.79,55.5,200.0,50.0,True,25.0
2025-04-14 18:00:00,56.33,28.9,200.0,50.0,True,25.0
2025-04-14 19:00:00,59.13,2.3,200.0,50.0,True,25.0
2025-04-14 20:00:00,53.67,0.0,200.0,50.0,True,25.0
2025-04-14 21:00:00,42.37,0.0,200.0,50.0,True,25.0
2025-04-14 22:00:00,34.11,0.0,200.0,50.0,True,25.0
2025-04-14 23:00:00,26.37,0.0,200.0,50.0,True,25.0
2025-04-15 00:00:00,23.42,0.0,200.0,50.0,True,25.0
2025-04-15 01:00:00,21.85,0.0,200.0,50.0,True,25.0
2025-04-15 02:00:00,21.43,0.0,200.0,50.0,True,25.0
2025-04-15 03:00:00,19.95,0.0,200.0,50.0,True,25.0
2025-04-15 04:00:00,19.34,0.0,200.0,50.0,True,25.0
2025-04-15 05:00:00,23.69,0.0,200.0,50.0,True,25.0
2025-04-15 06:00:00,28.57,0.0,200.0,50.0,True,25.0
2025-04-15 07:00:00,39.77,0.0,200.0,50.0,True,25.0
2025-04-15 08:00:00,40.69,3.8,200.0,50.0,True,25.0
2025-04-15 09:00:00,39.37,15.9,200.0,50.0,True,25.0
2025-04-15 10:00:00,37.03,27.0,200.0,50.0,True,25.0
2025-04-15 11:00:00,35.43,38.2,200.0,50.0,True,25.0
2025-04-15 12:00:00,33.58,54.7,200.0,50.0,True,25.0
2025-04-15 13:00:00,32.02,72.6,200.0,50.0,True,25.0
2025-04-15 14:00:00,33.82,84.4,200.0,50.0,True,25.0
2025-04-15 15:00:00,37.89,86.7,200.0,50.0,True,25.0
2025-04-15 16:00:00,41.95,78.5,200.0,50.0,True,25.0
2025-04-15 17:00:00,52.3,57.1,200.0,50.0,True,25.0
2025-04-15 18:00:00,59.23,30.5,200.0,50.0,True,25.0
2025-04-15 19:00:00,59.08,3.9,200.0,50.0,True,25.0
2025-04-15 20:00:00,53.68,0.0,200.0,50.0,True,25.0
2025-04-15 21:00:00,44.76,0.0,200.0,50.0,True,25.0
2025-04-15 22:00:00,32.9,0.0,200.0,50.0,True,25.0
2025-04-15 23:00:00,25.28,0.0,200.0,50.0,True,25.0
2025-04-16 00:00:00,25.02,0.0,200.0,50.0,True,25.0
2025-04-16 01:00:00,20.03,0.0,200.0,50.0,True,25.0
2025-04-16 02:00:00,18.65,0.0,200.0,50.0,True,25.0
2025-04-16 03:00:00,18.48,0.0,200.0,50.0,True,25.0
2025-04-16 04:00:00,20.76,0.0,200.0,50.0,True,25.0
2025-04-16 05:00:00,23.04,0.0,200.0,50.0,True,25.0
2025-04-16 06:00:00,30.52,0.0,200.0,50.0,True,25.0
2025-04-16 07:00:00,36.16,0.0,200.0,50.0,True,25.0
2025-04-16 08:00:00,40.9,0.0,200.0,50.0,True,25.0
2025-04-16 09:00:00,40.2,0.0,200.0,50.0,True,25.0
2025-04-16 10:00:00,36.29,0.0,200.0,50.0,True,25.0
2025-04-16 11:00:00,36.16,4.4,200.0,50.0,True,25.0
2025-04-16 12:00:00,31.35,9.7,200.0,50.0,True,25.0
2025-04-16 13:00:00,34.6,16.4,200.0,50.0,True,25.0
2025-04-16 14:00:00,34.74,19.6,200.0,50.0,True,25.0
2025-04-16 15:00:00,36.26,18.4,200.0,50.0,True,25.0
2025-04-16 16:00:00,43.37,5.7,200.0,50.0,True,25.0
2025-04-16 17:00:00,52.78,0.0,200.0,50.0,True,25.0
2025-04-16 18:00:00,56.72,0.0,200.0,50.0,True,25.0
2025-04-16 19:00:00,59.32,0.0,200.0,50.0,True,25.0
2025-04-16 20:00:00,56.35,0.0,200.0,50.0,True,25.0
2025-04-16 21:00:00,44.23,0.0,200.0,50.0,True,25.0
2025-04-16 22:00:00,34.07,0.0,200.0,50.0,True,25.0
2025-04-16 23:00:00,26.57,0.0,200.0,50.0,True,25.0
2025-04-17 00:00:00,23.99,0.0,200.0,50.0,True,25.0
2025-04-17 01:00:00,21.77,0.0,200.0,50.0,True,25.0
2025-04-17 02:00:00,20.58,0.0,200.0,50.0,True,25.0
2025-04-17 03:00:00,16.87,0.0,200.0,50.0,True,25.0
2025-04-17 04:00:00,21.22,0.0,200.0,50.0,True,25.0
2025-04-17 05:00:00,23.79,0.0,200.0,50.0,True,25.0
2025-04-17 06:00:00,26.72,0.0,200.0,50.0,True,25.0
2025-04-17 07:00:00,35.61,0.0,200.0,50.0,True,25.0
2025-04-17 08:00:00,41.17,2.3,200.0,50.0,True,25.0
2025-04-17 09:00:00,39.01,10.7,200.0,50.0,True,25.0
2025-04-17 10:00:00,34.65,27.7,200.0,50.0,True,25.0
2025-04-17 11:00:00,34.27,45.3,200.0,50.0,True,25.0
2025-04-17 12:00:00,33.87,68.0,200.0,50.0,True,25.0
2025-04-17 13:00:00,33.25,87.9,200.0,50.0,True,25.0
2025-04-17 14:00:00,32.79,100.0,200.0,50.0,True,25.0
2025-04-17 15:00:00,36.84,100.0,200.0,50.0,True,25.0
2025-04-17 16:00:00,41.25,95.5,200.0,50.0,True,25.0
2025-04-17 17:00:00,52.71,75.0,200.0,50.0,True,25.0
2025-04-17 18:00:00,58.38,48.4,200.0,50.0,True,25.0
2025-04-17 19:00:00,59.13,21.8,200.0,50.0,True,25.0
2025-04-17 20:00:00,53.26,0.0,200.0,50.0,True,25.0
2025-04-17 21:00:00,42.55,0.0,200.0,50.0,True,25.0
2025-04-17 22:00:00,35.67,0.0,200.0,50.0,True,25.0
2025-04-17 23:00:00,26.23,0.0,200.0,50.0,True,25.0
2025-04-18 00:00:00,22.4,0.0,200.0,50.0,True,25.0
2025-04-18 01:00:00,20.86,0.0,200.0,50.0,True,25.0
2025-04-18 02:00:00,19.66,0.0,200.0,50.0,True,25.0
2025-04-18 03:00:00,19.23,0.0,200.0,50.0,True,25.0
2025-04-18 04:00:00,20.46,0.0,200.0,50.0,True,25.0
2025-04-18 05:00:00,22.9,0.0,200.0,50.0,True,25.0
2025-04-18 06:00:00,26.64,0.0,200.0,50.0,True,25.0
2025-04-18 07:00:00,38.03,0.0,200.0,50.0,True,25.0
2025-04-18 08:00:00,39.81,6.6,200.0,50.0,True,25.0
2025-04-18 09:00:00,37.92,19.4,200.0,50.0,True,25.0
2025-04-18 10:00:00,36.11,40.2,200.0,50.0,True,25.0
2025-04-18 11:00:00,33.93,60.1,200.0,50.0,True,25.0
2025-04-18 12:00:00,33.76,79.8,200.0,50.0,True,25.0
2025-04-18 13:00:00,33.45,97.1,200.0,50.0,True,25.0
2025-04-18 14:00:00,32.57,100.0,200.0,50.0,True,25.0
2025-04-18 15:00:00,34.74,100.0,200.0,50.0,True,25.0
2025-04-18 16:00:00,41.0,93.8,200.0,50.0,True,25.0
2025-04-18 17:00:00,50.5,74.3,200.0,50.0,True,25.0
2025-04-18 18:00:00,56.6,47.7,200.0,50.0,True,25.0
2025-04-18 19:00:00,59.11,21.1,200.0,50.0,True,25.0
2025-04-18 20:00:00,53.89,0.0,200.0,50.0,True,25.0
2025-04-18 21:00:00,43.98,0.0,200.0,50.0,True,25.0
2025-04-18 22:00:00,31.69,0.0,200.0,50.0,True,25.0
2025-04-18 23:00:00,27.09,0.0,200.0,50.0,True,25.0
2025-04-19 00:00:00,22.09,0.0,200.0,50.0,True,25.0
2025-04-19 01:00:00,20.27,0.0,200.0,50.0,True,25.0
2025-04-19 02:00:00,17.23,0.0,200.0,50.0,True,25.0
2025-04-19 03:00:00,17.81,0.0,200.0,50.0,True,25.0
2025-04-19 04:00:00,18.59,0.0,200.0,50.0,True,25.0
2025-04-19 05:00:00,20.05,0.0,200.0,50.0,True,25.0
2025-04-19 06:00:00,24.95,0.0,200.0,50.0,True,25.0
2025-04-19 07:00:00,33.28,0.7,200.0,50.0,True,25.0
2025-04-19 08:00:00,36.62,9.8,200.0,50.0,True,25.0
2025-04-19 09:00:00,33.04,25.9,200.0,50.0,True,25.0
2025-04-19 10:00:00,33.36,46.6,200.0,50.0,True,25.0
2025-04-19 11:00:00,32.92,70.1,200.0,50.0,True,25.0
2025-04-19 12:00:00,30.43,93.6,200.0,50.0,True,25.0
2025-04-19 13:00:00,30.29,100.0,200.0,50.0,True,25.0
2025-04-19 14:00:00,26.27,100.0,200.0,50.0,True,25.0
2025-04-19 15:00:00,33.18,100.0,200.0,50.0,True,25.0
2025-04-19 16:00:00,37.42,98.3,200.0,50.0,True,25.0
2025-04-19 17:00:00,46.07,82.0,200.0,50.0,True,25.0
2025-04-19 18:00:00,49.67,55.6,200.0,50.0,True,25.0
2025-04-19 19:00:00,51.96,29.0,200.0,50.0,True,25.0
2025-04-19 20:00:00,49.01,2.9,200.0,50.0,True,25.0
2025-04-19 21:00:00,37.38,0.0,200.0,50.0,True,25.0
2025-04-19 22:00:00,29.66,0.0,200.0,50.0,True,25.0
2025-04-19 23:00:00,23.17,0.0,200.0,50.0,True,25.0
2025-04-20 00:00:00,19.83,0.0,200.0,50.0,True,25.0
2025-04-20 01:00:00,19.21,0.0,200.0,50.0,True,25.0
2025-04-20 02:00:00,16.56,0.0,200.0,50.0,True,25.0
2025-04-20 03:00:00,16.04,0.0,200.0,50.0,True,25.0
2025-04-20 04:00:00,17.74,0.0,200.0,50.0,True,25.0
2025-04-20 05:00:00,18.62,0.0,200.0,50.0,True,25.0
2025-04-20 06:00:00,26.17,0.0,200.0,50.0,True,25.0
2025-04-20 07:00:00,31.45,0.0,200.0,50.0,True,25.0
2025-04-20 08:00:00,36.44,0.0,200.0,50.0,True,25.0
2025-04-20 09:00:00,32.9,9.3,200.0,50.0,True,25.0
2025-04-20 10:00:00,33.25,19.8,200.0,50.0,True,25.0
2025-04-20 11:00:00,28.94,33.1,200.0,50.0,True,25.0
2025-04-20 12:00:00,31.01,47.8,200.0,50.0,True,25.0
2025-04-20 13:00:00,29.76,62.7,200.0,50.0,True,25.0
2025-04-20 14:00:00,28.66,73.5,200.0,50.0,True,25.0
2025-04-20 15:00:00,31.42,78.1,200.0,50.0,True,25.0
2025-04-20 16:00:00,37.59,72.5,200.0,50.0,True,25.0
2025-04-20 17:00:00,42.92,55.9,200.0,50.0,True,25.0
2025-04-20 18:00:00,50.97,29.3,200.0,50.0,True,25.0
2025-04-20 19:00:00,51.5,2.7,200.0,50.0,True,25.0
2025-04-20 20:00:00,47.54,0.0,200.0,50.0,True,25.0
2025-04-20 21:00:00,37.81,0.0,200.0,50.0,True,25.0
2025-04-20 22:00:00,28.36,0.0,200.0,50.0,True,25.0
2025-04-20 23:00:00,25.2,0.0,200.0,50.0,True,25.0
2025-04-21 00:00:00,23.7,0.0,200.0,50.0,True,25.0
2025-04-21 01:00:00,19.23,0.0,200.0,50.0,True,25.0
2025-04-21 02:00:00,19.26,0.0,200.0,50.0,True,25.0
2025-04-21 03:00:00,20.29,0.0,200.0,50.0,True,25.0
2025-04-21 04:00:00,21.47,0.0,200.0,50.0,True,25.0
2025-04-21 05:00:00,21.1,0.0,200.0,50.0,True,25.0
2025-04-21 06:00:00,28.85,0.0,200.0,50.0,True,25.0
2025-04-21 07:00:00,37.08,0.0,200.0,50.0,True,25.0
2025-04-21 08:00:00,37.94,6.9,200.0,50.0,True,25.0
2025-04-21 09:00:00,38.03,20.0,200.0,50.0,True,25.0
2025-04-21 10:00:00,36.6,37.7,200.0,50.0,True,25.0
2025-04-21 11:00:00,35.07,54.8,200.0,50.0,True,25.0
2025-04-21 12:00:00,31.68,73.7,200.0,50.0,True,25.0
2025-04-21 13:00:00,31.3,88.4,200.0,50.0,True,25.0
2025-04-21 14:00:00,32.52,99.9,200.0,50.0,True,25.0
2025-04-21 15:00:00,36.12,100.0,200.0,50.0,True,25.0
2025-04-21 16:00:00,41.4,94.1,200.0,50.0,True,25.0
2025-04-21 17:00:00,50.61,74.0,200.0,50.0,True,25.0
2025-04-21 18:00:00,58.15,47.4,200.0,50.0,True,25.0
2025-04-21 19:00:00,61.65,20.8,200.0,50.0,True,25.0
2025-04-21 20:00:00,55.32,0.0,200.0,50.0,True,25.0
2025-04-21 21:00:00,45.35,0.0,200.0,50.0,True,25.0
2025-04-21 22:00:00,32.69,0.0,200.0,50.0,True,25.0
2025-04-21 23:00:00,25.06,0.0,200.0,50.0,True,25.0
2025-04-22 00:00:00,23.74,0.0,200.0,50.0,True,25.0
2025-04-22 01:00:00,21.01,0.0,200.0,50.0,True,25.0
2025-04-22 02:00:00,21.2,0.0,200.0,50.0,True,25.0
2025-04-22 03:00:00,18.22,0.0,200.0,50.0,True,25.0
2025-04-22 04:00:00,21.1,0.0,200.0,50.0,True,25.0
2025-04-22 05:00:00,22.57,0.0,200.0,50.0,True,25.0
2025-04-22 06:00:00,27.48,0.0,200.0,50.0,True,25.0
2025-04-22 07:00:00,36.36,0.0,200.0,50.0,True,25.0
2025-04-22 08:00:00,40.89,0.0,200.0,50.0,True,25.0
2025-04-22 09:00:00,39.48,1.3,200.0,50.0,True,25.0
2025-04-22 10:00:00,36.36,9.1,200.0,50.0,True,25.0
2025-04-22 11:00:00,35.46,24.1,200.0,50.0,True,25.0
2025-04-22 12:00:00,33.7,38.6,200.0,50.0,True,25.0
2025-04-22 13:00:00,33.13,54.7,200.0,50.0,True,25.0
2025-04-22 14:00:00,34.48,64.5,200.0,50.0,True,25.0
2025-04-22 15:00:00,38.97,66.2,200.0,50.0,True,25.0
2025-04-22 16:00:00,41.5,57.7,200.0,50.0,True,25.0
2025-04-22 17:00:00,52.57,36.1,200.0,50.0,True,25.0
2025-04-22 18:00:00,57.97,9.5,200.0,50.0,True,25.0
2025-04-22 19:00:00,58.26,0.0,200.0,50.0,True,25.0
2025-04-22 20:00:00,53.54,0.0,200.0,50.0,True,25.0
2025-04-22 21:00:00,44.37,0.0,200.0,50.0,True,25.0
2025-04-22 22:00:00,34.16,0.0,200.0,50.0,True,25.0
2025-04-22 23:00:00,25.06,0.0,200.0,50.0,True,25.0
2025-04-23 00:00:00,21.9,0.0,200.0,50.0,True,25.0
2025-04-23 01:00:00,20.42,0.0,200.0,50.0,True,25.0
2025-04-23 02:00:00,19.33,0.0,200.0,50.0,True,25.0
2025-04-23 03:00:00,17.05,0.0,200.0,50.0,True,25.0
2025-04-23 04:00:00,17.7,0.0,200.0,50.0,True,25.0
2025-04-23 05:00:00,22.36,0.0,200.0,50.0,True,25.0
2025-04-23 06:00:00,28.39,0.0,200.0,50.0,True,25.0
2025-04-23 07:00:00,37.65,0.0,200.0,50.0,True,25.0
2025-04-23 08:00:00,38.74,0.0,200.0,50.0,True,25.0
2025-04-23 09:00:00,37.0,0.0,200.0,50.0,True,25.0
2025-04-23 10:00:00,36.23,0.0,200.0,50.0,True,25.0
2025-04-23 11:00:00,35.11,0.0,200.0,50.0,True,25.0
2025-04-23 12:00:00,34.56,0.0,200.0,50.0,True,25.0
2025-04-23 13:00:00,33.16,0.0,200.0,50.0,True,25.0
2025-04-23 14:00:00,32.91,0.0,200.0,50.0,True,25.0
2025-04-23 15:00:00,37.29,0.0,200.0,50.0,True,25.0
2025-04-23 16:00:00,41.11,0.0,200.0,50.0,True,25.0
2025-04-23 17:00:00,50.99,0.0,200.0,50.0,True,25.0
2025-04-23 18:00:00,57.85,0.0,200.0,50.0,True,25.0
2025-04-23 19:00:00,61.36,0.0,200.0,50.0,True,25.0
2025-04-23 20:00:00,55.01,0.0,200.0,50.0,True,25.0
2025-04-23 21:00:00,42.96,0.0,200.0,50.0,True,25.0
2025-04-23 22:00:00,32.44,0.0,200.0,50.0,True,25.0
2025-04-23 23:00:00,25.93,0.0,200.0,50.0,True,25.0
2025-04-24 00:00:00,20.98,0.0,200.0,50.0,True,25.0
2025-04-24 01:00:00,20.82,0.0,200.0,50.0,True,25.0
2025-04-24 02:00:00,20.22,0.0,200.0,50.0,True,25.0
2025-04-24 03:00:00,19.9,0.0,200.0,50.0,True,25.0
2025-04-24 04:00:00,21.13,0.0,200.0,50.0,True,25.0
2025-04-24 05:00:00,22.98,0.0,200.0,50.0,True,25.0
2025-04-24 06:00:00,26.18,0.0,200.0,50.0,True,25.0
2025-04-24 07:00:00,35.46,0.0,200.0,50.0,True,25.0
2025-04-24 08:00:00,39.71,2.1,200.0,50.0,True,25.0
2025-04-24 09:00:00,39.46,11.8,200.0,50.0,True,25.0
2025-04-24 10:00:00,37.67,28.5,200.0,50.0,True,25.0
2025-04-24 11:00:00,34.87,45.4,200.0,50.0,True,25.0
2025-04-24 12:00:00,36.24,57.2,200.0,50.0,True,25.0
2025-04-24 13:00:00,34.23,69.6,200.0,50.0,True,25.0
2025-04-24 14:00:00,34.9,75.3,200.0,50.0,True,25.0
2025-04-24 15:00:00,37.76,73.2,200.0,50.0,True,25.0
2025-04-24 16:00:00,42.75,64.6,200.0,50.0,True,25.0
2025-04-24 17:00:00,51.45,44.4,200.0,50.0,True,25.0
2025-04-24 18:00:00,55.86,17.8,200.0,50.0,True,25.0
2025-04-24 19:00:00,58.52,0.0,200.0,50.0,True,25.0
2025-04-24 20:00:00,54.24,0.0,200.0,50.0,True,25.0
2025-04-24 21:00:00,44.11,0.0,200.0,50.0,True,25.0
2025-04-24 22:00:00,33.26,0.0,200.0,50.0,True,25.0
2025-04-24 23:00:00,26.7,0.0,200.0,50.0,True,25.0
2025-04-25 00:00:00,20.37,0.0,200.0,50.0,True,25.0
2025-04-25 01:00:00,21.74,0.0,200.0,50.0,True,25.0
2025-04-25 02:00:00,20.51,0.0,200.0,50.0,True,25.0
2025-04-25 03:00:00,19.15,0.0,200.0,50.0,True,25.0
2025-04-25 04:00:00,21.54,0.0,200.0,50.0,True,25.0
2025-04-25 05:00:00,21.64,0.0,200.0,50.0,True,25.0
2025-04-25 06:00:00,27.9,0.0,200.0,50.0,True,25.0
2025-04-25 07:00:00,37.33,0.0,200.0,50.0,True,25.0
2025-04-25 08:00:00,39.49,7.0,200.0,50.0,True,25.0
2025-04-25 09:00:00,36.34,21.6,200.0,50.0,True,25.0
2025-04-25 10:00:00,35.6,41.5,200.0,50.0,True,25.0
2025-04-25 11:00:00,35.15,64.1,200.0,50.0,True,25.0
2025-04-25 12:00:00,33.17,87.6,200.0,50.0,True,25.0
2025-04-25 13:00:00,32.39,100.0,200.0,50.0,True,25.0
2025-04-25 14:00:00,32.67,100.0,200.0,50.0,True,25.0
2025-04-25 15:00:00,35.41,100.0,200.0,50.0,True,25.0
2025-04-25 16:00:00,42.44,94.6,200.0,50.0,True,25.0
2025-04-25 17:00:00,50.88,75.5,200.0,50.0,True,25.0
2025-04-25 18:00:00,58.89,48.9,200.0,50.0,True,25.0
2025-04-25 19:00:00,58.99,22.4,200.0,50.0,True,25.0
2025-04-25 20:00:00,52.17,0.0,200.0,50.0,True,25.0
2025-04-25 21:00:00,40.91,0.0,200.0,50.0,True,25.0
2025-04-25 22:00:00,32.98,0.0,200.0,50.0,True,25.0
2025-04-25 23:00:00,26.57,0.0,200.0,50.0,True,25.0
2025-04-26 00:00:00,19.9,0.0,200.0,50.0,True,25.0
2025-04-26 01:00:00,17.95,0.0,200.0,50.0,True,25.0
2025-04-26 02:00:00,16.1,0.0,200.0,50.0,True,25.0
2025-04-26 03:00:00,15.0,0.0,200.0,50.0,True,25.0
2025-04-26 04:00:00,18.45,0.0,200.0,50.0,True,25.0
2025-04-26 05:00:00,19.91,0.0,200.0,50.0,True,25.0
2025-04-26 06:00:00,24.41,0.0,200.0,50.0,True,25.0
2025-04-26 07:00:00,30.75,2.2,200.0,50.0,True,25.0
2025-04-26 08:00:00,34.55,11.6,200.0,50.0,True,25.0
2025-04-26 09:00:00,34.21,26.8,200.0,50.0,True,25.0
2025-04-26 10:00:00,32.95,47.3,200.0,50.0,True,25.0
2025-04-26 11:00:00,30.85,70.8,200.0,50.0,True,25.0
2025-04-26 12:00:00,31.15,94.3,200.0,50.0,True,25.0
2025-04-26 13:00:00,27.88,100.0,200.0,50.0,True,25.0
2025-04-26 14:00:00,31.04,100.0,200.0,50.0,True,25.0
2025-04-26 15:00:00,32.86,100.0,200.0,50.0,True,25.0
2025-04-26 16:00:00,37.39,100.0,200.0,50.0,True,25.0
2025-04-26 17:00:00,46.14,84.5,200.0,50.0,True,25.0
2025-04-26 18:00:00,50.49,57.9,200.0,50.0,True,25.0
2025-04-26 19:00:00,52.39,31.3,200.0,50.0,True,25.0
2025-04-26 20:00:00,46.66,6.5,200.0,50.0,True,25.0
2025-04-26 21:00:00,39.94,0.0,200.0,50.0,True,25.0
2025-04-26 22:00:00,29.9,0.0,200.0,50.0,True,25.0
2025-04-26 23:00:00,24.61,0.0,200.0,50.0,True,25.0
2025-04-27 00:00:00,20.46,0.0,200.0,50.0,True,25.0
2025-04-27 01:00:00,19.99,0.0,200.0,50.0,True,25.0
2025-04-27 02:00:00,17.14,0.0,200.0,50.0,True,25.0
2025-04-27 03:00:00,18.29,0.0,200.0,50.0,True,25.0
2025-04-27 04:00:00,17.56,0.0,200.0,50.0,True,25.0
2025-04-27 05:00:00,20.22,0.0,200.0,50.0,True,25.0
2025-04-27 06:00:00,25.76,0.0,200.0,50.0,True,25.0
2025-04-27 07:00:00,35.45,1.3,200.0,50.0,True,25.0
2025-04-27 08:00:00,36.75,11.3,200.0,50.0,True,25.0
2025-04-27 09:00:00,35.31,28.6,200.0,50.0,True,25.0
2025-04-27 10:00:00,32.01,51.6,200.0,50.0,True,25.0
2025-04-27 11:00:00,31.29,75.1,200.0,50.0,True,25.0
2025-04-27 12:00:00,29.43,98.6,200.0,50.0,True,25.0
2025-04-27 13:00:00,30.31,100.0,200.0,50.0,True,25.0
2025-04-27 14:00:00,29.37,100.0,200.0,50.0,True,25.0
2025-04-27 15:00:00,34.25,100.0,200.0,50.0,True,25.0
2025-04-27 16:00:00,35.76,100.0,200.0,50.0,True,25.0
2025-04-27 17:00:00,46.78,84.2,200.0,50.0,True,25.0
2025-04-27 18:00:00,50.29,57.6,200.0,50.0,True,25.0
2025-04-27 19:00:00,53.9,31.0,200.0,50.0,True,25.0
2025-04-27 20:00:00,47.17,5.9,200.0,50.0,True,25.0
2025-04-27 21:00:00,39.62,0.0,200.0,50.0,True,25.0
2025-04-27 22:00:00,28.39,0.0,200.0,50.0,True,25.0
2025-04-27 23:00:00,24.57,0.0,200.0,50.0,True,25.0
2025-04-28 00:00:00,24.03,0.0,200.0,50.0,True,25.0
2025-04-28 01:00:00,20.52,0.0,200.0,50.0,True,25.0
2025-04-28 02:00:00,21.23,0.0,200.0,50.0,True,25.0
2025-04-28 03:00:00,20.61,0.0,200.0,50.0,True,25.0
2025-04-28 04:00:00,19.43,0.0,200.0,50.0,True,25.0
2025-04-28 05:00:00,21.77,0.0,200.0,50.0,True,25.0
2025-04-28 06:00:00,27.04,0.0,200.0,50.0,True,25.0
2025-04-28 07:00:00,35.72,0.0,200.0,50.0,True,25.0
2025-04-28 08:00:00,39.43,2.8,200.0,50.0,True,25.0
2025-04-28 09:00:00,40.06,11.3,200.0,50.0,True,25.0
2025-04-28 10:00:00,37.85,24.8,200.0,50.0,True,25.0
2025-04-28 11:00:00,33.37,45.4,200.0,50.0,True,25.0
2025-04-28 12:00:00,33.02,67.0,200.0,50.0,True,25.0
2025-04-28 13:00:00,31.18,86.2,200.0,50.0,True,25.0
2025-04-28 14:00:00,34.67,99.1,200.0,50.0,True,25.0
2025-04-28 15:00:00,36.64,100.0,200.0,50.0,True,25.0
2025-04-28 16:00:00,40.63,97.4,200.0,50.0,True,25.0
2025-04-28 17:00:00,51.54,78.2,200.0,50.0,True,25.0
2025-04-28 18:00:00,59.15,51.6,200.0,50.0,True,25.0
2025-04-28 19:00:00,59.05,25.0,200.0,50.0,True,25.0
2025-04-28 20:00:00,54.56,0.0,200.0,50.0,True,25.0
2025-04-28 21:00:00,43.17,0.0,200.0,50.0,True,25.0
2025-04-28 22:00:00,35.13,0.0,200.0,50.0,True,25.0
2025-04-28 23:00:00,26.04,0.0,200.0,50.0,True,25.0
2025-04-29 00:00:00,22.19,0.0,200.0,50.0,True,25.0
2025-04-29 01:00:00,21.22,0.0,200.0,50.0,True,25.0
2025-04-29 02:00:00,20.32,0.0,200.0,50.0,True,25.0
2025-04-29 03:00:00,20.33,0.0,200.0,50.0,True,25.0
2025-04-29 04:00:00,22.03,0.0,200.0,50.0,True,25.0
2025-04-29 05:00:00,24.52,0.0,200.0,50.0,True,25.0
2025-04-29 06:00:00,27.91,0.0,200.0,50.0,True,25.0
2025-04-29 07:00:00,37.6,0.0,200.0,50.0,True,25.0
2025-04-29 08:00:00,42.57,0.0,200.0,50.0,True,25.0
2025-04-29 09:00:00,40.84,0.0,200.0,50.0,True,25.0
2025-04-29 10:00:00,36.19,0.0,200.0,50.0,True,25.0
2025-04-29 11:00:00,36.18,4.0,200.0,50.0,True,25.0
2025-04-29 12:00:00,34.2,8.6,200.0,50.0,True,25.0
2025-04-29 13:00:00,33.74,16.0,200.0,50.0,True,25.0
2025-04-29 14:00:00,35.18,21.3,200.0,50.0,True,25.0
2025-04-29 15:00:00,35.99,23.4,200.0,50.0,True,25.0
2025-04-29 16:00:00,41.73,16.0,200.0,50.0,True,25.0
2025-04-29 17:00:00,52.51,0.0,200.0,50.0,True,25.0
2025-04-29 18:00:00,58.7,0.0,200.0,50.0,True,25.0
2025-04-29 19:00:00,57.62,0.0,200.0,50.0,True,25.0
2025-04-29 20:00:00,52.97,0.0,200.0,50.0,True,25.0
2025-04-29 21:00:00,45.13,0.0,200.0,50.0,True,25.0
2025-04-29 22:00:00,34.7,0.0,200.0,50.0,True,25.0
2025-04-29 23:00:00,24.98,0.0,200.0,50.0,True,25.0
2025-04-30 00:00:00,24.41,0.0,200.0,50.0,True,25.0
2025-04-30 01:00:00,21.08,0.0,200.0,50.0,True,25.0
2025-04-30 02:00:00,19.38,0.0,200.0,50.0,True,25.0
2025-04-30 03:00:00,18.87,0.0,200.0,50.0,True,25.0
2025-04-30 04:00:00,19.14,0.0,200.0,50.0,True,25.0
2025-04-30 05:00:00,22.35,0.0,200.0,50.0,True,25.0
2025-04-30 06:00:00,26.18,0.0,200.0,50.0,True,25.0
2025-04-30 07:00:00,37.21,0.0,200.0,50.0,True,25.0
2025-04-30 08:00:00,41.56,3.1,200.0,50.0,True,25.0
2025-04-30 09:00:00,37.46,13.0,200.0,50.0,True,25.0
2025-04-30 10:00:00,37.32,28.7,200.0,50.0,True,25.0
2025-04-30 11:00:00,34.56,49.2,200.0,50.0,True,25.0
2025-04-30 12:00:00,34.55,70.3,200.0,50.0,True,25.0
2025-04-30 13:00:00,29.91,87.8,200.0,50.0,True,25.0
2025-04-30 14:00:00,34.6,100.0,200.0,50.0,True,25.0
2025-04-30 15:00:00,35.12,100.0,200.0,50.0,True,25.0
2025-04-30 16:00:00,42.38,96.7,200.0,50.0,True,25.0
2025-04-30 17:00:00,50.66,78.9,200.0,50.0,True,25.0
2025-04-30 18:00:00,58.18,52.3,200.0,50.0,True,25.0
2025-04-30 19:00:00,58.56,25.7,200.0,50.0,True,25.0
2025-04-30 20:00:00,57.06,0.0,200.0,50.0,True,25.0
2025-04-30 21:00:00,42.86,0.0,200.0,50.0,True,25.0
2025-04-30 22:00:00,32.3,0.0,200.0,50.0,True,25.0
2025-04-30 23:00:00,28.8,0.0,200.0,50.0,True,25.0
2025-05-01 00:00:00,23.52,0.0,200.0,50.0,True,25.0
2025-05-01 01:00:00,19.85,0.0,200.0,50.0,True,25.0
2025-05-01 02:00:00,20.48,0.0,200.0,50.0,True,25.0
2025-05-01 03:00:00,19.29,0.0,200.0,50.0,True,25.0
2025-05-01 04:00:00,18.61,0.0,200.0,50.0,True,25.0
2025-05-01 05:00:00,22.22,0.0,200.0,50.0,True,25.0
2025-05-01 06:00:00,28.44,0.0,200.0,50.0,True,25.0
2025-05-01 07:00:00,38.88,0.0,200.0,50.0,True,25.0
2025-05-01 08:00:00,40.7,7.5,200.0,50.0,True,25.0
2025-05-01 09:00:00,39.01,23.0,200.0,50.0,True,25.0
2025-05-01 10:00:00,36.39,44.3,200.0,50.0,True,25.0
2025-05-01 11:00:00,36.9,66.6,200.0,50.0,True,25.0
2025-05-01 12:00:00,34.89,90.1,200.0,50.0,True,25.0
2025-05-01 13:00:00,33.69,100.0,200.0,50.0,True,25.0
2025-05-01 14:00:00,33.94,100.0,200.0,50.0,True,25.0
2025-05-01 15:00:00,35.45,100.0,200.0,50.0,True,25.0
2025-05-01 16:00:00,44.01,95.9,200.0,50.0,True,25.0
2025-05-01 17:00:00,51.67,76.8,200.0,50.0,True,25.0
2025-05-01 18:00:00,58.34,50.2,200.0,50.0,True,25.0
2025-05-01 19:00:00,61.03,23.6,200.0,50.0,True,25.0
2025-05-01 20:00:00,55.43,0.0,200.0,50.0,True,25.0
2025-05-01 21:00:00,43.2,0.0,200.0,50.0,True,25.0
2025-05-01 22:00:00,33.42,0.0,200.0,50.0,True,25.0
2025-05-01 23:00:00,24.4,0.0,200.0,50.0,True,25.0
2025-05-02 00:00:00,23.27,0.0,200.0,50.0,True,25.0
2025-05-02 01:00:00,22.98,0.0,200.0,50.0,True,25.0
2025-05-02 02:00:00,18.52,0.0,200.0,50.0,True,25.0
2025-05-02 03:00:00,19.76,0.0,200.0,50.0,True,25.0
2025-05-02 04:00:00,21.48,0.0,200.0,50.0,True,25.0
2025-05-02 05:00:00,24.15,0.0,200.0,50.0,True,25.0
2025-05-02 06:00:00,27.62,0.0,200.0,50.0,True,25.0
2025-05-02 07:00:00,36.1,0.0,200.0,50.0,True,25.0
2025-05-02 08:00:00,40.29,5.9,200.0,50.0,True,25.0
2025-05-02 09:00:00,40.64,18.7,200.0,50.0,True,25.0
2025-05-02 10:00:00,35.37,34.6,200.0,50.0,True,25.0
2025-05-02 11:00:00,34.18,50.2,200.0,50.0,True,25.0
2025-05-02 12:00:00,33.31,67.5,200.0,50.0,True,25.0
2025-05-02 13:00:00,31.62,82.4,200.0,50.0,True,25.0
2025-05-02 14:00:00,33.81,92.2,200.0,50.0,True,25.0
2025-05-02 15:00:00,39.12,92.2,200.0,50.0,True,25.0
2025-05-02 16:00:00,41.33,85.8,200.0,50.0,True,25.0
2025-05-02 17:00:00,51.51,65.8,200.0,50.0,True,25.0
2025-05-02 18:00:00,58.8,39.2,200.0,50.0,True,25.0
2025-05-02 19:00:00,60.19,12.6,200.0,50.0,True,25.0
2025-05-02 20:00:00,53.35,0.0,200.0,50.0,True,25.0
2025-05-02 21:00:00,43.79,0.0,200.0,50.0,True,25.0
2025-05-02 22:00:00,33.1,0.0,200.0,50.0,True,25.0
2025-05-02 23:00:00,27.49,0.0,200.0,50.0,True,25.0
2025-05-03 00:00:00,20.93,0.0,200.0,50.0,True,25.0
2025-05-03 01:00:00,16.99,0.0,200.0,50.0,True,25.0
2025-05-03 02:00:00,17.76,0.0,200.0,50.0,True,25.0
2025-05-03 03:00:00,16.68,0.0,200.0,50.0,True,25.0
2025-05-03 04:00:00,20.57,0.0,200.0,50.0,True,25.0
2025-05-03 05:00:00,20.77,0.0,200.0,50.0,True,25.0
2025-05-03 06:00:00,23.84,0.0,200.0,50.0,True,25.0
2025-05-03 07:00:00,32.06,0.0,200.0,50.0,True,25.0
2025-05-03 08:00:00,35.68,6.1,200.0,50.0,True,25.0
2025-05-03 09:00:00,35.0,19.1,200.0,50.0,True,25.0
2025-05-03 10:00:00,33.57,40.4,200.0,50.0,True,25.0
2025-05-03 11:00:00,31.66,63.9,200.0,50.0,True,25.0
2025-05-03 12:00:00,29.6,87.4,200.0,50.0,True,25.0
2025-05-03 13:00:00,28.74,100.0,200.0,50.0,True,25.0
2025-05-03 14:00:00,29.69,100.0,200.0,50.0,True,25.0
2025-05-03 15:00:00,30.85,100.0,200.0,50.0,True,25.0
2025-05-03 16:00:00,37.63,99.5,200.0,50.0,True,25.0
2025-05-03 17:00:00,44.86,85.7,200.0,50.0,True,25.0
2025-05-03 18:00:00,49.86,59.2,200.0,50.0,True,25.0
2025-05-03 19:00:00,56.31,32.6,200.0,50.0,True,25.0
2025-05-03 20:00:00,49.07,6.5,200.0,50.0,True,25.0
2025-05-03 21:00:00,39.29,0.0,200.0,50.0,True,25.0
2025-05-03 22:00:00,29.4,0.0,200.0,50.0,True,25.0
2025-05-03 23:00:00,24.44,0.0,200.0,50.0,True,25.0
2025-05-04 00:00:00,19.06,0.0,200.0,50.0,True,25.0
2025-05-04 01:00:00,18.51,0.0,200.0,50.0,True,25.0
2025-05-04 02:00:00,17.11,0.0,200.0,50.0,True,25.0
2025-05-04 03:00:00,18.17,0.0,200.0,50.0,True,25.0
2025-05-04 04:00:00,17.26,0.0,200.0,50.0,True,25.0
2025-05-04 05:00:00,21.78,0.0,200.0,50.0,True,25.0
2025-05-04 06:00:00,25.06,0.0,200.0,50.0,True,25.0
2025-05-04 07:00:00,33.97,2.1,200.0,50.0,True,25.0
2025-05-04 08:00:00,36.67,11.1,200.0,50.0,True,25.0
2025-05-04 09:00:00,35.89,27.0,200.0,50.0,True,25.0
2025-05-04 10:00:00,31.92,49.9,200.0,50.0,True,25.0
2025-05-04 11:00:00,32.56,73.4,200.0,50.0,True,25.0
2025-05-04 12:00:00,27.66,96.9,200.0,50.0,True,25.0
2025-05-04 13:00:00,29.0,100.0,200.0,50.0,True,25.0
2025-05-04 14:00:00,29.24,100.0,200.0,50.0,True,25.0
2025-05-04 15:00:00,31.36,100.0,200.0,50.0,True,25.0
2025-05-04 16:00:00,36.69,100.0,200.0,50.0,True,25.0
2025-05-04 17:00:00,44.86,86.3,200.0,50.0,True,25.0
2025-05-04 18:00:00,51.69,59.7,200.0,50.0,True,25.0
2025-05-04 19:00:00,52.87,33.1,200.0,50.0,True,25.0
2025-05-04 20:00:00,48.88,7.1,200.0,50.0,True,25.0
2025-05-04 21:00:00,38.34,0.0,200.0,50.0,True,25.0
2025-05-04 22:00:00,29.32,0.0,200.0,50.0,True,25.0
2025-05-04 23:00:00,23.26,0.0,200.0,50.0,True,25.0
2025-05-05 00:00:00,23.5,0.0,200.0,50.0,True,25.0
2025-05-05 01:00:00,22.51,0.0,200.0,50.0,True,25.0
2025-05-05 02:00:00,21.8,0.0,200.0,50.0,True,25.0
2025-05-05 03:00:00,19.99,0.0,200.0,50.0,True,25.0
2025-05-05 04:00:00,21.29,0.0,200.0,50.0,True,25.0
2025-05-05 05:00:00,23.66,0.0,200.0,50.0,True,25.0
2025-05-05 06:00:00,28.28,0.0,200.0,50.0,True,25.0
2025-05-05 07:00:00,38.69,0.0,200.0,50.0,True,25.0
2025-05-05 08:00:00,40.1,0.0,200.0,50.0,True,25.0
2025-05-05 09:00:00,36.95,6.8,200.0,50.0,True,25.0
2025-05-05 10:00:00,36.36,17.7,200.0,50.0,True,25.0
2025-05-05 11:00:00,37.5,26.9,200.0,50.0,True,25.0
2025-05-05 12:00:00,33.68,42.6,200.0,50.0,True,25.0
2025-05-05 13:00:00,33.28,48.3,200.0,50.0,True,25.0
2025-05-05 14:00:00,33.7,47.1,200.0,50.0,True,25.0
2025-05-05 15:00:00,38.29,39.2,200.0,50.0,True,25.0
2025-05-05 16:00:00,43.07,24.7,200.0,50.0,True,25.0
2025-05-05 17:00:00,51.86,1.7,200.0,50.0,True,25.0
2025-05-05 18:00:00,59.84,0.0,200.0,50.0,True,25.0
2025-05-05 19:00:00,60.34,0.0,200.0,50.0,True,25.0
2025-05-05 20:00:00,55.97,0.0,200.0,50.0,True,25.0
2025-05-05 21:00:00,44.57,0.0,200.0,50.0,True,25.0
2025-05-05 22:00:00,33.9,0.0,200.0,50.0,True,25.0
2025-05-05 23:00:00,25.88,0.0,200.0,50.0,True,25.0
2025-05-06 00:00:00,23.06,0.0,200.0,50.0,True,25.0
2025-05-06 01:00:00,20.88,0.0,200.0,50.0,True,25.0
2025-05-06 02:00:00,22.17,0.0,200.0,50.0,True,25.0
2025-05-06 03:00:00,17.71,0.0,200.0,50.0,True,25.0
2025-05-06 04:00:00,21.88,0.0,200.0,50.0,True,25.0
2025-05-06 05:00:00,21.23,0.0,200.0,50.0,True,25.0
2025-05-06 06:00:00,29.35,0.0,200.0,50.0,True,25.0
2025-05-06 07:00:00,36.67,0.0,200.0,50.0,True,25.0
2025-05-06 08:00:00,41.94,0.0,200.0,50.0,True,25.0
2025-05-06 09:00:00,39.32,3.0,200.0,50.0,True,25.0
2025-05-06 10:00:00,35.95,10.1,200.0,50.0,True,25.0
2025-05-06 11:00:00,37.51,14.0,200.0,50.0,True,25.0
2025-05-06 12:00:00,35.02,24.0,200.0,50.0,True,25.0
2025-05-06 13:00:00,33.61,36.4,200.0,50.0,True,25.0
2025-05-06 14:00:00,33.32,46.4,200.0,50.0,True,25.0
2025-05-06 15:00:00,38.65,45.1,200.0,50.0,True,25.0
2025-05-06 16:00:00,41.52,37.7,200.0,50.0,True,25.0
2025-05-06 17:00:00,49.35,20.4,200.0,50.0,True,25.0
2025-05-06 18:00:00,57.33,0.0,200.0,50.0,True,25.0
2025-05-06 19:00:00,59.89,0.0,200.0,50.0,True,25.0
2025-05-06 20:00:00,54.71,0.0,200.0,50.0,True,25.0
2025-05-06 21:00:00,44.33,0.0,200.0,50.0,True,25.0
2025-05-06 22:00:00,33.62,0.0,200.0,50.0,True,25.0
2025-05-06 23:00:00,26.13,0.0,200.0,50.0,True,25.0
2025-05-07 00:00:00,20.82,0.0,200.0,50.0,True,25.0
2025-05-07 01:00:00,21.79,0.0,200.0,50.0,True,25.0
2025-05-07 02:00:00,20.53,0.0,200.0,50.0,True,25.0
2025-05-07 03:00:00,18.93,0.0,200.0,50.0,True,25.0
2025-05-07 04:00:00,22.52,0.0,200.0,50.0,True,25.0
2025-05-07 05:00:00,23.07,0.0,200.0,50.0,True,25.0
2025-05-07 06:00:00,28.82,0.0,200.0,50.0,True,25.0
2025-05-07 07:00:00,38.69,0.3,200.0,50.0,True,25.0
2025-05-07 08:00:00,39.54,7.9,200.0,50.0,True,25.0
2025-05-07 09:00:00,39.5,21.5,200.0,50.0,True,25.0
2025-05-07 10:00:00,38.69,40.1,200.0,50.0,True,25.0
2025-05-07 11:00:00,35.83,59.7,200.0,50.0,True,25.0
2025-05-07 12:00:00,32.58,79.9,200.0,50.0,True,25.0
2025-05-07 13:00:00,32.48,97.9,200.0,50.0,True,25.0
2025-05-07 14:00:00,34.37,100.0,200.0,50.0,True,25.0
2025-05-07 15:00:00,35.21,100.0,200.0,50.0,True,25.0
2025-05-07 16:00:00,41.5,95.7,200.0,50.0,True,25.0
2025-05-07 17:00:00,54.48,75.5,200.0,50.0,True,25.0
2025-05-07 18:00:00,59.88,48.9,200.0,50.0,True,25.0
2025-05-07 19:00:00,62.87,22.3,200.0,50.0,True,25.0
2025-05-07 20:00:00,56.74,0.0,200.0,50.0,True,25.0
2025-05-07 21:00:00,45.39,0.0,200.0,50.0,True,25.0
2025-05-07 22:00:00,33.77,0.0,200.0,50.0,True,25.0
2025-05-07 23:00:00,27.41,0.0,200.0,50.0,True,25.0
2025-05-08 00:00:00,25.14,0.0,200.0,50.0,True,25.0
2025-05-08 01:00:00,22.59,0.0,200.0,50.0,True,25.0
2025-05-08 02:00:00,21.08,0.0,200.0,50.0,True,25.0
2025-05-08 03:00:00,19.59,0.0,200.0,50.0,True,25.0
2025-05-08 04:00:00,21.48,0.0,200.0,50.0,True,25.0
2025-05-08 05:00:00,22.76,0.0,200.0,50.0,True,25.0
2025-05-08 06:00:00,29.39,0.0,200.0,50.0,True,25.0
2025-05-08 07:00:00,36.96,0.0,200.0,50.0,True,25.0
2025-05-08 08:00:00,40.97,4.6,200.0,50.0,True,25.0
2025-05-08 09:00:00,38.36,15.5,200.0,50.0,True,25.0
2025-05-08 10:00:00,37.27,32.3,200.0,50.0,True,25.0
2025-05-08 11:00:00,35.17,52.8,200.0,50.0,True,25.0
2025-05-08 12:00:00,36.23,70.8,200.0,50.0,True,25.0
2025-05-08 13:00:00,32.04,88.2,200.0,50.0,True,25.0
2025-05-08 14:00:00,34.66,100.0,200.0,50.0,True,25.0
2025-05-08 15:00:00,36.66,100.0,200.0,50.0,True,25.0
2025-05-08 16:00:00,43.25,95.9,200.0,50.0,True,25.0
2025-05-08 17:00:00,52.54,77.6,200.0,50.0,True,25.0
2025-05-08 18:00:00,57.17,51.0,200.0,50.0,True,25.0
2025-05-08 19:00:00,59.51,24.4,200.0,50.0,True,25.0
2025-05-08 20:00:00,54.65,0.0,200.0,50.0,True,25.0
2025-05-08 21:00:00,43.43,0.0,200.0,50.0,True,25.0
2025-05-08 22:00:00,34.3,0.0,200.0,50.0,True,25.0
2025-05-08 23:00:00,27.29,0.0,200.0,50.0,True,25.0
2025-05-09 00:00:00,22.16,0.0,200.0,50.0,True,25.0
2025-05-09 01:00:00,21.78,0.0,200.0,50.0,True,25.0
2025-05-09 02:00:00,20.4,0.0,200.0,50.0,True,25.0
2025-05-09 03:00:00,19.71,0.0,200.0,50.0,True,25.0
2025-05-09 04:00:00,20.16,0.0,200.0,50.0,True,25.0
2025-05-09 05:00:00,24.02,0.0,200.0,50.0,True,25.0
2025-05-09 06:00:00,30.8,0.0,200.0,50.0,True,25.0
2025-05-09 07:00:00,38.78,0.0,200.0,50.0,True,25.0
2025-05-09 08:00:00,43.13,0.0,200.0,50.0,True,25.0
2025-05-09 09:00:00,37.97,6.4,200.0,50.0,True,25.0
2025-05-09 10:00:00,37.04,22.9,200.0,50.0,True,25.0
2025-05-09 11:00:00,36.73,42.7,200.0,50.0,True,25.0
2025-05-09 12:00:00,36.06,63.4,200.0,50.0,True,25.0
2025-05-09 13:00:00,33.95,81.9,200.0,50.0,True,25.0
2025-05-09 14:00:00,33.02,97.5,200.0,50.0,True,25.0
2025-05-09 15:00:00,37.33,100.0,200.0,50.0,True,25.0
2025-05-09 16:00:00,43.66,95.4,200.0,50.0,True,25.0
2025-05-09 17:00:00,52.08,77.4,200.0,50.0,True,25.0
2025-05-09 18:00:00,58.53,50.8,200.0,50.0,True,25.0
2025-05-09 19:00:00,60.94,24.2,200.0,50.0,True,25.0
2025-05-09 20:00:00,55.86,0.0,200.0,50.0,True,25.0
2025-05-09 21:00:00,43.76,0.0,200.0,50.0,True,25.0
2025-05-09 22:00:00,35.43,0.0,200.0,50.0,True,25.0
2025-05-09 23:00:00,26.51,0.0,200.0,50.0,True,25.0
2025-05-10 00:00:00,20.57,0.0,200.0,50.0,True,25.0
2025-05-10 01:00:00,20.31,0.0,200.0,50.0,True,25.0
2025-05-10 02:00:00,18.28,0.0,200.0,50.0,True,25.0
2025-05-10 03:00:00,18.65,0.0,200.0,50.0,True,25.0
2025-05-10 04:00:00,17.2,0.0,200.0,50.0,True,25.0
2025-05-10 05:00:00,21.17,0.0,200.0,50.0,True,25.0
2025-05-10 06:00:00,26.43,0.0,200.0,50.0,True,25.0
2025-05-10 07:00:00,32.37,3.4,200.0,50.0,True,25.0
2025-05-10 08:00:00,36.33,13.1,200.0,50.0,True,25.0
2025-05-10 09:00:00,34.77,29.3,200.0,50.0,True,25.0
2025-05-10 10:00:00,33.62,51.7,200.0,50.0,True,25.0
2025-05-10 11:00:00,32.35,75.2,200.0,50.0,True,25.0
2025-05-10 12:00:00,29.09,98.7,200.0,50.0,True,25.0
2025-05-10 13:00:00,29.16,100.0,200.0,50.0,True,25.0
2025-05-10 14:00:00,32.1,100.0,200.0,50.0,True,25.0
2025-05-10 15:00:00,34.63,100.0,200.0,50.0,True,25.0
2025-05-10 16:00:00,39.08,100.0,200.0,50.0,True,25.0
2025-05-10 17:00:00,45.85,86.0,200.0,50.0,True,25.0
2025-05-10 18:00:00,54.99,59.4,200.0,50.0,True,25.0
2025-05-10 19:00:00,55.26,32.8,200.0,50.0,True,25.0
2025-05-10 20:00:00,49.3,6.6,200.0,50.0,True,25.0
2025-05-10 21:00:00,39.99,0.0,200.0,50.0,True,25.0
2025-05-10 22:00:00,29.64,0.0,200.0,50.0,True,25.0
2025-05-10 23:00:00,24.3,0.0,200.0,50.0,True,25.0
2025-05-11 00:00:00,21.4,0.0,200.0,50.0,True,25.0
2025-05-11 01:00:00,19.94,0.0,200.0,50.0,True,25.0
2025-05-11 02:00:00,18.24,0.0,200.0,50.0,True,25.0
2025-05-11 03:00:00,15.74,0.0,200.0,50.0,True,25.0
2025-05-11 04:00:00,18.75,0.0,200.0,50.0,True,25.0
2025-05-11 05:00:00,21.54,0.0,200.0,50.0,True,25.0
2025-05-11 06:00:00,24.29,0.0,200.0,50.0,True,25.0
2025-05-11 07:00:00,33.31,2.6,200.0,50.0,True,25.0
2025-05-11 08:00:00,38.21,10.8,200.0,50.0,True,25.0
2025-05-11 09:00:00,33.57,27.4,200.0,50.0,True,25.0
2025-05-11 10:00:00,33.08,48.7,200.0,50.0,True,25.0
2025-05-11 11:00:00,33.61,72.2,200.0,50.0,True,25.0
2025-05-11 12:00:00,30.42,95.7,200.0,50.0,True,25.0
2025-05-11 13:00:00,28.65,100.0,200.0,50.0,True,25.0
2025-05-11 14:00:00,30.23,100.0,200.0,50.0,True,25.0
2025-05-11 15:00:00,34.41,100.0,200.0,50.0,True,25.0
2025-05-11 16:00:00,37.95,99.0,200.0,50.0,True,25.0
2025-05-11 17:00:00,46.87,84.3,200.0,50.0,True,25.0
2025-05-11 18:00:00,52.8,57.8,200.0,50.0,True,25.0
2025-05-11 19:00:00,54.49,31.2,200.0,50.0,True,25.0
2025-05-11 20:00:00,50.13,4.6,200.0,50.0,True,25.0
2025-05-11 21:00:00,39.43,0.0,200.0,50.0,True,25.0
2025-05-11 22:00:00,29.1,0.0,200.0,50.0,True,25.0
2025-05-11 23:00:00,24.44,0.0,200.0,50.0,True,25.0
2025-05-12 00:00:00,23.39,0.0,200.0,50.0,True,25.0
2025-05-12 01:00:00,21.2,0.0,200.0,50.0,True,25.0
2025-05-12 02:00:00,21.64,0.0,200.0,50.0,True,25.0
2025-05-12 03:00:00,21.46,0.0,200.0,50.0,True,25.0
2025-05-12 04:00:00,20.82,0.0,200.0,50.0,True,25.0
2025-05-12 05:00:00,23.56,0.0,200.0,50.0,True,25.0
2025-05-12 06:00:00,27.56,0.0,200.0,50.0,True,25.0
2025-05-12 07:00:00,37.77,0.0,200.0,50.0,True,25.0
2025-05-12 08:00:00,41.92,6.5,200.0,50.0,True,25.0
2025-05-12 09:00:00,39.82,20.0,200.0,50.0,True,25.0
2025-05-12 10:00:00,37.6,38.6,200.0,50.0,True,25.0
2025-05-12 11:00:00,37.09,60.7,200.0,50.0,True,25.0
2025-05-12 12:00:00,34.48,84.2,200.0,50.0,True,25.0
2025-05-12 13:00:00,36.43,100.0,200.0,50.0,True,25.0
2025-05-12 14:00:00,34.66,100.0,200.0,50.0,True,25.0
2025-05-12 15:00:00,34.74,100.0,200.0,50.0,True,25.0
2025-05-12 16:00:00,42.13,97.3,200.0,50.0,True,25.0
2025-05-12 17:00:00,53.16,78.5,200.0,50.0,True,25.0
2025-05-12 18:00:00,59.0,51.9,200.0,50.0,True,25.0
2025-05-12 19:00:00,60.88,25.4,200.0,50.0,True,25.0
2025-05-12 20:00:00,54.66,0.0,200.0,50.0,True,25.0
2025-05-12 21:00:00,44.71,0.0,200.0,50.0,True,25.0
2025-05-12 22:00:00,34.65,0.0,200.0,50.0,True,25.0
2025-05-12 23:00:00,27.63,0.0,200.0,50.0,True,25.0
2025-05-13 00:00:00,22.36,0.0,200.0,50.0,True,25.0
2025-05-13 01:00:00,22.73,0.0,200.0,50.0,True,25.0
2025-05-13 02:00:00,19.61,0.0,200.0,50.0,True,25.0
2025-05-13 03:00:00,20.48,0.0,200.0,50.0,True,25.0
2025-05-13 04:00:00,21.45,0.0,200.0,50.0,True,25.0
2025-05-13 05:00:00,22.46,0.0,200.0,50.0,True,25.0
2025-05-13 06:00:00,27.76,0.0,200.0,50.0,True,25.0
2025-05-13 07:00:00,38.55,0.9,200.0,50.0,True,25.0
2025-05-13 08:00:00,41.05,9.3,200.0,50.0,True,25.0
2025-05-13 09:00:00,39.68,23.9,200.0,50.0,True,25.0
2025-05-13 10:00:00,38.92,42.4,200.0,50.0,True,25.0
2025-05-13 11:00:00,36.85,64.9,200.0,50.0,True,25.0
2025-05-13 12:00:00,33.37,86.5,200.0,50.0,True,25.0
2025-05-13 13:00:00,33.31,100.0,200.0,50.0,True,25.0
2025-05-13 14:00:00,33.34,100.0,200.0,50.0,True,25.0
2025-05-13 15:00:00,39.14,100.0,200.0,50.0,True,25.0
2025-05-13 16:00:00,45.38,96.4,200.0,50.0,True,25.0
2025-05-13 17:00:00,51.59,78.5,200.0,50.0,True,25.0
2025-05-13 18:00:00,59.82,51.9,200.0,50.0,True,25.0
2025-05-13 19:00:00,62.78,25.3,200.0,50.0,True,25.0
2025-05-13 20:00:00,56.26,0.0,200.0,50.0,True,25.0
2025-05-13 21:00:00,46.02,0.0,200.0,50.0,True,25.0
2025-05-13 22:00:00,34.53,0.0,200.0,50.0,True,25.0
2025-05-13 23:00:00,25.94,0.0,200.0,50.0,True,25.0
2025-05-14 00:00:00,23.76,0.0,200.0,50.0,True,25.0
2025-05-14 01:00:00,23.15,0.0,200.0,50.0,True,25.0
2025-05-14 02:00:00,21.45,0.0,200.0,50.0,True,25.0
2025-05-14 03:00:00,21.93,0.0,200.0,50.0,True,25.0
2025-05-14 04:00:00,18.95,0.0,200.0,50.0,True,25.0
2025-05-14 05:00:00,24.07,0.0,200.0,50.0,True,25.0
2025-05-14 06:00:00,28.29,0.0,200.0,50.0,True,25.0
2025-05-14 07:00:00,37.1,0.5,200.0,50.0,True,25.0
2025-05-14 08:00:00,43.39,4.6,200.0,50.0,True,25.0
2025-05-14 09:00:00,39.66,15.7,200.0,50.0,True,25.0
2025-05-14 10:00:00,37.73,30.4,200.0,50.0,True,25.0
2025-05-14 11:00:00,36.75,44.5,200.0,50.0,True,25.0
2025-05-14 12:00:00,31.94,63.5,200.0,50.0,True,25.0
2025-05-14 13:00:00,35.05,80.6,200.0,50.0,True,25.0
2025-05-14 14:00:00,36.8,93.6,200.0,50.0,True,25.0
2025-05-14 15:00:00,39.25,98.6,200.0,50.0,True,25.0
2025-05-14 16:00:00,44.1,91.9,200.0,50.0,True,25.0
2025-05-14 17:00:00,52.43,72.0,200.0,50.0,True,25.0
2025-05-14 18:00:00,58.66,45.4,200.0,50.0,True,25.0
2025-05-14 19:00:00,63.2,18.8,200.0,50.0,True,25.0
2025-05-14 20:00:00,57.42,0.0,200.0,50.0,True,25.0
2025-05-14 21:00:00,45.96,0.0,200.0,50.0,True,25.0
2025-05-14 22:00:00,34.92,0.0,200.0,50.0,True,25.0
2025-05-14 23:00:00,27.61,0.0,200.0,50.0,True,25.0
2025-05-15 00:00:00,23.02,0.0,200.0,50.0,True,25.0
2025-05-15 01:00:00,24.84,0.0,200.0,50.0,True,25.0
2025-05-15 02:00:00,20.76,0.0,200.0,50.0,True,25.0
2025-05-15 03:00:00,19.5,0.0,200.0,50.0,True,25.0
2025-05-15 04:00:00,22.45,0.0,200.0,50.0,True,25.0
2025-05-15 05:00:00,23.62,0.0,200.0,50.0,True,25.0
2025-05-15 06:00:00,29.09,0.0,200.0,50.0,True,25.0
2025-05-15 07:00:00,39.91,0.0,200.0,50.0,True,25.0
2025-05-15 08:00:00,42.66,0.0,200.0,50.0,True,25.0
2025-05-15 09:00:00,40.91,5.3,200.0,50.0,True,25.0
2025-05-15 10:00:00,36.51,18.3,200.0,50.0,True,25.0
2025-05-15 11:00:00,36.87,30.1,200.0,50.0,True,25.0
2025-05-15 12:00:00,33.37,42.3,200.0,50.0,True,25.0
2025-05-15 13:00:00,32.93,53.3,200.0,50.0,True,25.0
2025-05-15 14:00:00,34.78,60.7,200.0,50.0,True,25.0
2025-05-15 15:00:00,38.17,64.8,200.0,50.0,True,25.0
2025-05-15 16:00:00,44.45,59.8,200.0,50.0,True,25.0
2025-05-15 17:00:00,53.69,39.5,200.0,50.0,True,25.0
2025-05-15 18:00:00,61.06,12.9,200.0,50.0,True,25.0
2025-05-15 19:00:00,60.25,0.0,200.0,50.0,True,25.0
2025-05-15 20:00:00,59.24,0.0,200.0,50.0,True,25.0
2025-05-15 21:00:00,45.46,0.0,200.0,50.0,True,25.0
2025-05-15 22:00:00,36.03,0.0,200.0,50.0,True,25.0
2025-05-15 23:00:00,24.28,0.0,200.0,50.0,True,25.0
2025-05-16 00:00:00,23.37,0.0,200.0,50.0,True,25.0
2025-05-16 01:00:00,20.12,0.0,200.0,50.0,True,25.0
2025-05-16 02:00:00,20.11,0.0,200.0,50.0,True,25.0
2025-05-16 03:00:00,20.11,0.0,200.0,50.0,True,25.0
2025-05-16 04:00:00,20.74,0.0,200.0,50.0,True,25.0
2025-05-16 05:00:00,25.27,0.0,200.0,50.0,True,25.0
2025-05-16 06:00:00,31.28,0.0,200.0,50.0,True,25.0
2025-05-16 07:00:00,37.11,0.8,200.0,50.0,True,25.0
2025-05-16 08:00:00,41.33,7.3,200.0,50.0,True,25.0
2025-05-16 09:00:00,38.85,22.5,200.0,50.0,True,25.0
2025-05-16 10:00:00,39.66,40.9,200.0,50.0,True,25.0
2025-05-16 11:00:00,36.64,63.5,200.0,50.0,True,25.0
2025-05-16 12:00:00,34.66,85.3,200.0,50.0,True,25.0
2025-05-16 13:00:00,33.91,100.0,200.0,50.0,True,25.0
2025-05-16 14:00:00,34.25,100.0,200.0,50.0,True,25.0
2025-05-16 15:00:00,37.24,100.0,200.0,50.0,True,25.0
2025-05-16 16:00:00,43.8,97.5,200.0,50.0,True,25.0
2025-05-16 17:00:00,52.53,80.3,200.0,50.0,True,25.0
2025-05-16 18:00:00,60.55,53.7,200.0,50.0,True,25.0
2025-05-16 19:00:00,60.0,27.1,200.0,50.0,True,25.0
2025-05-16 20:00:00,56.72,0.5,200.0,50.0,True,25.0
2025-05-16 21:00:00,44.73,0.0,200.0,50.0,True,25.0
2025-05-16 22:00:00,34.81,0.0,200.0,50.0,True,25.0
2025-05-16 23:00:00,28.42,0.0,200.0,50.0,True,25.0
2025-05-17 00:00:00,20.21,0.0,200.0,50.0,True,25.0
2025-05-17 01:00:00,20.71,0.0,200.0,50.0,True,25.0
2025-05-17 02:00:00,16.54,0.0,200.0,50.0,True,25.0
2025-05-17 03:00:00,19.52,0.0,200.0,50.0,True,25.0
2025-05-17 04:00:00,20.12,0.0,200.0,50.0,True,25.0
2025-05-17 05:00:00,19.81,0.0,200.0,50.0,True,25.0
2025-05-17 06:00:00,24.64,0.0,200.0,50.0,True,25.0
2025-05-17 07:00:00,31.93,3.8,200.0,50.0,True,25.0
2025-05-17 08:00:00,38.04,12.8,200.0,50.0,True,25.0
2025-05-17 09:00:00,34.94,29.3,200.0,50.0,True,25.0
2025-05-17 10:00:00,33.24,52.5,200.0,50.0,True,25.0
2025-05-17 11:00:00,30.77,76.0,200.0,50.0,True,25.0
2025-05-17 12:00:00,32.69,98.4,200.0,50.0,True,25.0
2025-05-17 13:00:00,28.38,100.0,200.0,50.0,True,25.0
2025-05-17 14:00:00,30.54,100.0,200.0,50.0,True,25.0
2025-05-17 15:00:00,33.99,100.0,200.0,50.0,True,25.0
2025-05-17 16:00:00,38.07,100.0,200.0,50.0,True,25.0
2025-05-17 17:00:00,45.85,86.5,200.0,50.0,True,25.0
2025-05-17 18:00:00,52.56,60.0,200.0,50.0,True,25.0
2025-05-17 19:00:00,55.28,33.4,200.0,50.0,True,25.0
2025-05-17 20:00:00,49.37,7.2,200.0,50.0,True,25.0
2025-05-17 21:00:00,42.1,0.0,200.0,50.0,True,25.0
2025-05-17 22:00:00,29.58,0.0,200.0,50.0,True,25.0
2025-05-17 23:00:00,25.0,0.0,200.0,50.0,True,25.0
2025-05-18 00:00:00,18.8,0.0,200.0,50.0,True,25.0
2025-05-18 01:00:00,18.37,0.0,200.0,50.0,True,25.0
2025-05-18 02:00:00,17.68,0.0,200.0,50.0,True,25.0
2025-05-18 03:00:00,16.37,0.0,200.0,50.0,True,25.0
2025-05-18 04:00:00,19.0,0.0,200.0,50.0,True,25.0
2025-05-18 05:00:00,20.78,0.0,200.0,50.0,True,25.0
2025-05-18 06:00:00,23.0,0.0,200.0,50.0,True,25.0
2025-05-18 07:00:00,36.17,1.4,200.0,50.0,True,25.0
2025-05-18 08:00:00,37.21,7.3,200.0,50.0,True,25.0
2025-05-18 09:00:00,35.39,22.7,200.0,50.0,True,25.0
2025-05-18 10:00:00,35.35,42.5,200.0,50.0,True,25.0
2025-05-18 11:00:00,33.36,63.2,200.0,50.0,True,25.0
2025-05-18 12:00:00,30.2,83.8,200.0,50.0,True,25.0
2025-05-18 13:00:00,27.25,100.0,200.0,50.0,True,25.0
2025-05-18 14:00:00,31.24,100.0,200.0,50.0,True,25.0
2025-05-18 15:00:00,32.62,100.0,200.0,50.0,True,25.0
2025-05-18 16:00:00,40.09,97.3,200.0,50.0,True,25.0
2025-05-18 17:00:00,45.71,82.1,200.0,50.0,True,25.0
2025-05-18 18:00:00,52.54,55.5,200.0,50.0,True,25.0
2025-05-18 19:00:00,53.07,28.9,200.0,50.0,True,25.0
2025-05-18 20:00:00,48.35,3.1,200.0,50.0,True,25.0
2025-05-18 21:00:00,40.08,0.0,200.0,50.0,True,25.0
2025-05-18 22:00:00,30.32,0.0,200.0,50.0,True,25.0
2025-05-18 23:00:00,23.56,0.0,200.0,50.0,True,25.0
2025-05-19 00:00:00,26.26,0.0,200.0,50.0,True,25.0
2025-05-19 01:00:00,22.69,0.0,200.0,50.0,True,25.0
2025-05-19 02:00:00,21.25,0.0,200.0,50.0,True,25.0
2025-05-19 03:00:00,16.83,0.0,200.0,50.0,True,25.0
2025-05-19 04:00:00,22.22,0.0,200.0,50.0,True,25.0
2025-05-19 05:00:00,27.39,0.0,200.0,50.0,True,25.0
2025-05-19 06:00:00,29.06,0.0,200.0,50.0,True,25.0
2025-05-19 07:00:00,37.47,0.0,200.0,50.0,True,25.0
2025-05-19 08:00:00,42.3,0.0,200.0,50.0,True,25.0
2025-05-19 09:00:00,38.55,3.6,200.0,50.0,True,25.0
2025-05-19 10:00:00,38.99,14.3,200.0,50.0,True,25.0
2025-05-19 11:00:00,38.41,26.7,200.0,50.0,True,25.0
2025-05-19 12:00:00,33.97,37.7,200.0,50.0,True,25.0
2025-05-19 13:00:00,32.91,47.4,200.0,50.0,True,25.0
2025-05-19 14:00:00,34.68,53.2,200.0,50.0,True,25.0
2025-05-19 15:00:00,37.84,54.5,200.0,50.0,True,25.0
2025-05-19 16:00:00,42.12,49.2,200.0,50.0,True,25.0
2025-05-19 17:00:00,52.62,28.9,200.0,50.0,True,25.0
2025-05-19 18:00:00,59.7,2.3,200.0,50.0,True,25.0
2025-05-19 19:00:00,63.88,0.0,200.0,50.0,True,25.0
2025-05-19 20:00:00,58.13,0.0,200.0,50.0,True,25.0
2025-05-19 21:00:00,47.44,0.0,200.0,50.0,True,25.0
2025-05-19 22:00:00,35.74,0.0,200.0,50.0,True,25.0
2025-05-19 23:00:00,27.7,0.0,200.0,50.0,True,25.0
2025-05-20 00:00:00,22.78,0.0,200.0,50.0,True,25.0
2025-05-20 01:00:00,23.59,0.0,200.0,50.0,True,25.0
2025-05-20 02:00:00,21.68,0.0,200.0,50.0,True,25.0
2025-05-20 03:00:00,18.67,0.0,200.0,50.0,True,25.0
2025-05-20 04:00:00,20.17,0.0,200.0,50.0,True,25.0
2025-05-20 05:00:00,22.31,0.0,200.0,50.0,True,25.0
2025-05-20 06:00:00,26.87,0.0,200.0,50.0,True,25.0
2025-05-20 07:00:00,38.96,0.0,200.0,50.0,True,25.0
2025-05-20 08:00:00,40.68,0.4,200.0,50.0,True,25.0
2025-05-20 09:00:00,39.42,1.2,200.0,50.0,True,25.0
2025-05-20 10:00:00,38.54,7.5,200.0,50.0,True,25.0
2025-05-20 11:00:00,36.44,11.8,200.0,50.0,True,25.0
2025-05-20 12:00:00,33.97,15.1,200.0,50.0,True,25.0
2025-05-20 13:00:00,35.55,18.0,200.0,50.0,True,25.0
2025-05-20 14:00:00,33.0,22.6,200.0,50.0,True,25.0
2025-05-20 15:00:00,36.72,22.8,200.0,50.0,True,25.0
2025-05-20 16:00:00,44.54,11.8,200.0,50.0,True,25.0
2025-05-20 17:00:00,52.41,0.0,200.0,50.0,True,25.0
2025-05-20 18:00:00,59.69,0.0,200.0,50.0,True,25.0
2025-05-20 19:00:00,61.03,0.0,200.0,50.0,True,25.0
2025-05-20 20:00:00,57.23,0.0,200.0,50.0,True,25.0
2025-05-20 21:00:00,46.1,0.0,200.0,50.0,True,25.0
2025-05-20 22:00:00,34.97,0.0,200.0,50.0,True,25.0
2025-05-20 23:00:00,26.8,0.0,200.0,50.0,True,25.0
2025-05-21 00:00:00,22.96,0.0,200.0,50.0,True,25.0
2025-05-21 01:00:00,21.83,0.0,200.0,50.0,True,25.0
2025-05-21 02:00:00,22.45,0.0,200.0,50.0,True,25.0
2025-05-21 03:00:00,22.08,0.0,200.0,50.0,True,25.0
2025-05-21 04:00:00,22.63,0.0,200.0,50.0,True,25.0
2025-05-21 05:00:00,24.47,0.0,200.0,50.0,True,25.0
2025-05-21 06:00:00,30.55,0.0,200.0,50.0,True,25.0
2025-05-21 07:00:00,37.13,0.0,200.0,50.0,True,25.0
2025-05-21 08:00:00,41.37,0.4,200.0,50.0,True,25.0
2025-05-21 09:00:00,41.02,4.1,200.0,50.0,True,25.0
2025-05-21 10:00:00,38.41,12.7,200.0,50.0,True,25.0
2025-05-21 11:00:00,37.12,25.7,200.0,50.0,True,25.0
2025-05-21 12:00:00,36.05,32.7,200.0,50.0,True,25.0
2025-05-21 13:00:00,34.77,32.5,200.0,50.0,True,25.0
2025-05-21 14:00:00,33.57,36.3,200.0,50.0,True,25.0
2025-05-21 15:00:00,38.57,36.2,200.0,50.0,True,25.0
2025-05-21 16:00:00,42.95,27.5,200.0,50.0,True,25.0
2025-05-21 17:00:00,52.3,7.9,200.0,50.0,True,25.0
2025-05-21 18:00:00,58.53,0.0,200.0,50.0,True,25.0
2025-05-21 19:00:00,62.58,0.0,200.0,50.0,True,25.0
2025-05-21 20:00:00,54.77,0.0,200.0,50.0,True,25.0
2025-05-21 21:00:00,46.37,0.0,200.0,50.0,True,25.0
2025-05-21 22:00:00,36.51,0.0,200.0,50.0,True,25.0
2025-05-21 23:00:00,28.17,0.0,200.0,50.0,True,25.0
2025-05-22 00:00:00,23.96,0.0,200.0,50.0,True,25.0
2025-05-22 01:00:00,23.9,0.0,200.0,50.0,True,25.0
2025-05-22 02:00:00,21.72,0.0,200.0,50.0,True,25.0
2025-05-22 03:00:00,19.19,0.0,200.0,50.0,True,25.0
2025-05-22 04:00:00,21.48,0.0,200.0,50.0,True,25.0
2025-05-22 05:00:00,26.25,0.0,200.0,50.0,True,25.0
2025-05-22 06:00:00,28.1,0.0,200.0,50.0,True,25.0
2025-05-22 07:00:00,36.95,0.0,200.0,50.0,True,25.0
2025-05-22 08:00:00,43.02,3.0,200.0,50.0,True,25.0
2025-05-22 09:00:00,40.18,11.7,200.0,50.0,True,25.0
2025-05-22 10:00:00,37.97,21.0,200.0,50.0,True,25.0
2025-05-22 11:00:00,35.26,36.3,200.0,50.0,True,25.0
2025-05-22 12:00:00,32.59,51.9,200.0,50.0,True,25.0
2025-05-22 13:00:00,32.08,62.1,200.0,50.0,True,25.0
2025-05-22 14:00:00,36.87,59.5,200.0,50.0,True,25.0
2025-05-22 15:00:00,38.6,55.5,200.0,50.0,True,25.0
2025-05-22 16:00:00,41.77,44.4,200.0,50.0,True,25.0
2025-05-22 17:00:00,54.73,21.0,200.0,50.0,True,25.0
2025-05-22 18:00:00,62.15,0.0,200.0,50.0,True,25.0
2025-05-22 19:00:00,63.98,0.0,200.0,50.0,True,25.0
2025-05-22 20:00:00,56.48,0.0,200.0,50.0,True,25.0
2025-05-22 21:00:00,45.64,0.0,200.0,50.0,True,25.0
2025-05-22 22:00:00,35.09,0.0,200.0,50.0,True,25.0
2025-05-22 23:00:00,29.26,0.0,200.0,50.0,True,25.0
2025-05-23 00:00:00,23.27,0.0,200.0,50.0,True,25.0
2025-05-23 01:00:00,21.19,0.0,200.0,50.0,True,25.0
2025-05-23 02:00:00,22.19,0.0,200.0,50.0,True,25.0
2025-05-23 03:00:00,21.7,0.0,200.0,50.0,True,25.0
2025-05-23 04:00:00,21.29,0.0,200.0,50.0,True,25.0
2025-05-23 05:00:00,24.74,0.0,200.0,50.0,True,25.0
2025-05-23 06:00:00,29.59,0.0,200.0,50.0,True,25.0
2025-05-23 07:00:00,38.36,1.1,200.0,50.0,True,25.0
2025-05-23 08:00:00,41.35,7.7,200.0,50.0,True,25.0
2025-05-23 09:00:00,39.12,21.7,200.0,50.0,True,25.0
2025-05-23 10:00:00,37.92,41.0,200.0,50.0,True,25.0
2025-05-23 11:00:00,35.65,64.5,200.0,50.0,True,25.0
2025-05-23 12:00:00,35.32,87.7,200.0,50.0,True,25.0
2025-05-23 13:00:00,35.33,100.0,200.0,50.0,True,25.0
2025-05-23 14:00:00,35.22,100.0,200.0,50.0,True,25.0
2025-05-23 15:00:00,37.56,100.0,200.0,50.0,True,25.0
2025-05-23 16:00:00,45.21,97.4,200.0,50.0,True,25.0
2025-05-23 17:00:00,53.74,80.4,200.0,50.0,True,25.0
2025-05-23 18:00:00,61.35,53.8,200.0,50.0,True,25.0
2025-05-23 19:00:00,61.97,27.2,200.0,50.0,True,25.0
2025-05-23 20:00:00,58.43,0.6,200.0,50.0,True,25.0
2025-05-23 21:00:00,47.38,0.0,200.0,50.0,True,25.0
2025-05-23 22:00:00,34.76,0.0,200.0,50.0,True,25.0
2025-05-23 23:00:00,28.48,0.0,200.0,50.0,True,25.0
2025-05-24 00:00:00,22.41,0.0,200.0,50.0,True,25.0
2025-05-24 01:00:00,18.91,0.0,200.0,50.0,True,25.0
2025-05-24 02:00:00,18.72,0.0,200.0,50.0,True,25.0
2025-05-24 03:00:00,17.94,0.0,200.0,50.0,True,25.0
2025-05-24 04:00:00,17.5,0.0,200.0,50.0,True,25.0
2025-05-24 05:00:00,21.62,0.0,200.0,50.0,True,25.0
2025-05-24 06:00:00,27.18,0.0,200.0,50.0,True,25.0
2025-05-24 07:00:00,33.9,1.6,200.0,50.0,True,25.0
2025-05-24 08:00:00,37.72,9.2,200.0,50.0,True,25.0
2025-05-24 09:00:00,37.37,24.7,200.0,50.0,True,25.0
2025-05-24 10:00:00,33.58,44.0,200.0,50.0,True,25.0
2025-05-24 11:00:00,32.88,64.8,200.0,50.0,True,25.0
2025-05-24 12:00:00,30.14,86.4,200.0,50.0,True,25.0
2025-05-24 13:00:00,29.13,100.0,200.0,50.0,True,25.0
2025-05-24 14:00:00,31.23,100.0,200.0,50.0,True,25.0
2025-05-24 15:00:00,34.36,100.0,200.0,50.0,True,25.0
2025-05-24 16:00:00,39.6,100.0,200.0,50.0,True,25.0
2025-05-24 17:00:00,47.14,85.8,200.0,50.0,True,25.0
2025-05-24 18:00:00,54.09,59.2,200.0,50.0,True,25.0
2025-05-24 19:00:00,57.16,32.6,200.0,50.0,True,25.0
2025-05-24 20:00:00,51.56,6.0,200.0,50.0,True,25.0
2025-05-24 21:00:00,40.96,0.0,200.0,50.0,True,25.0
2025-05-24 22:00:00,31.43,0.0,200.0,50.0,True,25.0
2025-05-24 23:00:00,23.98,0.0,200.0,50.0,True,25.0
2025-05-25 00:00:00,20.93,0.0,200.0,50.0,True,25.0
2025-05-25 01:00:00,20.09,0.0,200.0,50.0,True,25.0
2025-05-25 02:00:00,18.95,0.0,200.0,50.0,True,25.0
2025-05-25 03:00:00,18.82,0.0,200.0,50.0,True,25.0
2025-05-25 04:00:00,20.36,0.0,200.0,50.0,True,25.0
2025-05-25 05:00:00,21.0,0.0,200.0,50.0,True,25.0
2025-05-25 06:00:00,23.58,0.0,200.0,50.0,True,25.0
2025-05-25 07:00:00,36.56,0.0,200.0,50.0,True,25.0
2025-05-25 08:00:00,36.58,4.9,200.0,50.0,True,25.0
2025-05-25 09:00:00,35.97,19.2,200.0,50.0,True,25.0
2025-05-25 10:00:00,34.99,37.0,200.0,50.0,True,25.0
2025-05-25 11:00:00,34.18,57.6,200.0,50.0,True,25.0
2025-05-25 12:00:00,33.03,80.0,200.0,50.0,True,25.0
2025-05-25 13:00:00,29.45,100.0,200.0,50.0,True,25.0
2025-05-25 14:00:00,32.29,100.0,200.0,50.0,True,25.0
2025-05-25 15:00:00,34.35,100.0,200.0,50.0,True,25.0
2025-05-25 16:00:00,42.28,97.0,200.0,50.0,True,25.0
2025-05-25 17:00:00,48.43,82.4,200.0,50.0,True,25.0
2025-05-25 18:00:00,53.4,56.0,200.0,50.0,True,25.0
2025-05-25 19:00:00,54.28,29.4,200.0,50.0,True,25.0
2025-05-25 20:00:00,47.21,4.3,200.0,50.0,True,25.0
2025-05-25 21:00:00,41.42,0.0,200.0,50.0,True,25.0
2025-05-25 22:00:00,32.08,0.0,200.0,50.0,True,25.0
2025-05-25 23:00:00,25.26,0.0,200.0,50.0,True,25.0
2025-05-26 00:00:00,21.21,0.0,200.0,50.0,True,25.0
2025-05-26 01:00:00,20.67,0.0,200.0,50.0,True,25.0
2025-05-26 02:00:00,22.02,0.0,200.0,50.0,True,25.0
2025-05-26 03:00:00,22.48,0.0,200.0,50.0,True,25.0
2025-05-26 04:00:00,21.38,0.0,200.0,50.0,True,25.0
2025-05-26 05:00:00,25.34,0.0,200.0,50.0,True,25.0
2025-05-26 06:00:00,28.34,0.0,200.0,50.0,True,25.0
2025-05-26 07:00:00,39.07,0.5,200.0,50.0,True,25.0
2025-05-26 08:00:00,42.19,8.3,200.0,50.0,True,25.0
2025-05-26 09:00:00,42.09,21.8,200.0,50.0,True,25.0
2025-05-26 10:00:00,38.17,42.1,200.0,50.0,True,25.0
2025-05-26 11:00:00,38.98,62.6,200.0,50.0,True,25.0
2025-05-26 12:00:00,34.75,86.1,200.0,50.0,True,25.0
2025-05-26 13:00:00,32.73,100.0,200.0,50.0,True,25.0
2025-05-26 14:00:00,33.88,100.0,200.0,50.0,True,25.0
2025-05-26 15:00:00,38.07,100.0,200.0,50.0,True,25.0
2025-05-26 16:00:00,44.81,95.5,200.0,50.0,True,25.0
2025-05-26 17:00:00,52.88,78.0,200.0,50.0,True,25.0
2025-05-26 18:00:00,60.02,51.4,200.0,50.0,True,25.0
2025-05-26 19:00:00,63.92,24.8,200.0,50.0,True,25.0
2025-05-26 20:00:00,53.45,0.0,200.0,50.0,True,25.0
2025-05-26 21:00:00,45.7,0.0,200.0,50.0,True,25.0
2025-05-26 22:00:00,33.52,0.0,200.0,50.0,True,25.0
2025-05-26 23:00:00,26.69,0.0,200.0,50.0,True,25.0
2025-05-27 00:00:00,24.36,0.0,200.0,50.0,True,25.0
2025-05-27 01:00:00,21.97,0.0,200.0,50.0,True,25.0
2025-05-27 02:00:00,21.12,0.0,200.0,50.0,True,25.0
2025-05-27 03:00:00,21.79,0.0,200.0,50.0,True,25.0
2025-05-27 04:00:00,21.46,0.0,200.0,50.0,True,25.0
2025-05-27 05:00:00,26.23,0.0,200.0,50.0,True,25.0
2025-05-27 06:00:00,30.47,0.0,200.0,50.0,True,25.0
2025-05-27 07:00:00,37.71,0.0,200.0,50.0,True,25.0
2025-05-27 08:00:00,44.89,0.0,200.0,50.0,True,25.0
2025-05-27 09:00:00,41.06,8.2,200.0,50.0,True,25.0
2025-05-27 10:00:00,41.12,19.6,200.0,50.0,True,25.0
2025-05-27 11:00:00,36.7,33.9,200.0,50.0,True,25.0
2025-05-27 12:00:00,35.5,49.9,200.0,50.0,True,25.0
2025-05-27 13:00:00,34.58,63.4,200.0,50.0,True,25.0
2025-05-27 14:00:00,34.97,70.5,200.0,50.0,True,25.0
2025-05-27 15:00:00,40.4,73.6,200.0,50.0,True,25.0
2025-05-27 16:00:00,46.74,66.8,200.0,50.0,True,25.0
2025-05-27 17:00:00,50.93,50.2,200.0,50.0,True,25.0
2025-05-27 18:00:00,62.06,23.6,200.0,50.0,True,25.0
2025-05-27 19:00:00,61.86,0.0,200.0,50.0,True,25.0
2025-05-27 20:00:00,54.27,0.0,200.0,50.0,True,25.0
2025-05-27 21:00:00,46.9,0.0,200.0,50.0,True,25.0
2025-05-27 22:00:00,35.79,0.0,200.0,50.0,True,25.0
2025-05-27 23:00:00,28.58,0.0,200.0,50.0,True,25.0
2025-05-28 00:00:00,24.54,0.0,200.0,50.0,True,25.0
2025-05-28 01:00:00,23.29,0.0,200.0,50.0,True,25.0
2025-05-28 02:00:00,20.78,0.0,200.0,50.0,True,25.0
2025-05-28 03:00:00,20.7,0.0,200.0,50.0,True,25.0
2025-05-28 04:00:00,22.34,0.0,200.0,50.0,True,25.0
2025-05-28 05:00:00,25.72,0.0,200.0,50.0,True,25.0
2025-05-28 06:00:00,29.71,0.0,200.0,50.0,True,25.0
2025-05-28 07:00:00,38.67,0.0,200.0,50.0,True,25.0
2025-05-28 08:00:00,42.56,0.0,200.0,50.0,True,25.0
2025-05-28 09:00:00,39.34,0.0,200.0,50.0,True,25.0
2025-05-28 10:00:00,39.85,1.9,200.0,50.0,True,25.0
2025-05-28 11:00:00,35.32,9.2,200.0,50.0,True,25.0
2025-05-28 12:00:00,35.69,15.2,200.0,50.0,True,25.0
2025-05-28 13:00:00,34.21,15.7,200.0,50.0,True,25.0
2025-05-28 14:00:00,33.35,12.6,200.0,50.0,True,25.0
2025-05-28 15:00:00,37.13,8.9,200.0,50.0,True,25.0
2025-05-28 16:00:00,43.46,0.0,200.0,50.0,True,25.0
2025-05-28 17:00:00,53.34,0.0,200.0,50.0,True,25.0
2025-05-28 18:00:00,62.94,0.0,200.0,50.0,True,25.0
2025-05-28 19:00:00,62.89,0.0,200.0,50.0,True,25.0
2025-05-28 20:00:00,58.11,0.0,200.0,50.0,True,25.0
2025-05-28 21:00:00,47.86,0.0,200.0,50.0,True,25.0
2025-05-28 22:00:00,36.5,0.0,200.0,50.0,True,25.0
2025-05-28 23:00:00,27.79,0.0,200.0,50.0,True,25.0
2025-05-29 00:00:00,23.28,0.0,200.0,50.0,True,25.0
2025-05-29 01:00:00,22.87,0.0,200.0,50.0,True,25.0
2025-05-29 02:00:00,20.71,0.0,200.0,50.0,True,25.0
2025-05-29 03:00:00,22.59,0.0,200.0,50.0,True,25.0
2025-05-29 04:00:00,22.57,0.0,200.0,50.0,True,25.0
2025-05-29 05:00:00,24.38,0.0,200.0,50.0,True,25.0
2025-05-29 06:00:00,30.31,0.0,200.0,50.0,True,25.0
2025-05-29 07:00:00,39.19,0.4,200.0,50.0,True,25.0
2025-05-29 08:00:00,42.24,7.1,200.0,50.0,True,25.0
2025-05-29 09:00:00,41.43,20.9,200.0,50.0,True,25.0
2025-05-29 10:00:00,38.68,38.5,200.0,50.0,True,25.0
2025-05-29 11:00:00,39.44,58.8,200.0,50.0,True,25.0
2025-05-29 12:00:00,34.43,81.2,200.0,50.0,True,25.0
2025-05-29 13:00:00,34.76,100.0,200.0,50.0,True,25.0
2025-05-29 14:00:00,34.32,100.0,200.0,50.0,True,25.0
2025-05-29 15:00:00,38.02,100.0,200.0,50.0,True,25.0
2025-05-29 16:00:00,42.4,96.6,200.0,50.0,True,25.0
2025-05-29 17:00:00,54.31,78.0,200.0,50.0,True,25.0
2025-05-29 18:00:00,60.61,51.4,200.0,50.0,True,25.0
2025-05-29 19:00:00,64.4,24.8,200.0,50.0,True,25.0
2025-05-29 20:00:00,58.03,0.0,200.0,50.0,True,25.0
2025-05-29 21:00:00,46.57,0.0,200.0,50.0,True,25.0
2025-05-29 22:00:00,33.57,0.0,200.0,50.0,True,25.0
2025-05-29 23:00:00,28.54,0.0,200.0,50.0,True,25.0
2025-05-30 00:00:00,23.36,0.0,200.0,50.0,True,25.0
2025-05-30 01:00:00,20.58,0.0,200.0,50.0,True,25.0
2025-05-30 02:00:00,22.07,0.0,200.0,50.0,True,25.0
2025-05-30 03:00:00,18.93,0.0,200.0,50.0,True,25.0
2025-05-30 04:00:00,19.05,0.0,200.0,50.0,True,25.0
2025-05-30 05:00:00,25.71,0.0,200.0,50.0,True,25.0
2025-05-30 06:00:00,29.06,0.0,200.0,50.0,True,25.0
2025-05-30 07:00:00,36.93,1.7,200.0,50.0,True,25.0
2025-05-30 08:00:00,41.59,8.0,200.0,50.0,False,0.0
2025-05-30 09:00:00,40.02,23.0,200.0,50.0,False,0.0
2025-05-30 10:00:00,40.4,41.5,200.0,50.0,False,0.0
2025-05-30 11:00:00,35.17,64.5,200.0,50.0,False,0.0
2025-05-30 12:00:00,33.7,87.6,200.0,50.0,False,0.0
2025-05-30 13:00:00,35.37,100.0,200.0,50.0,False,0.0
2025-05-30 14:00:00,34.77,100.0,200.0,50.0,False,0.0
2025-05-30 15:00:00,39.3,100.0,200.0,50.0,False,0.0
2025-05-30 16:00:00,44.01,94.7,200.0,50.0,False,0.0
2025-05-30 17:00:00,56.31,75.9,200.0,50.0,True,25.0
2025-05-30 18:00:00,59.78,49.3,200.0,50.0,True,25.0
2025-05-30 19:00:00,63.52,22.7,200.0,50.0,True,25.0
2025-05-30 20:00:00,59.41,0.0,200.0,50.0,True,25.0
2025-05-30 21:00:00,46.01,0.0,200.0,50.0,True,25.0
2025-05-30 22:00:00,34.4,0.0,200.0,50.0,True,25.0
2025-05-30 23:00:00,28.79,0.0,200.0,50.0,True,25.0
2025-05-31 00:00:00,22.49,0.0,200.0,50.0,True,25.0
2025-05-31 01:00:00,18.69,0.0,200.0,50.0,True,25.0
2025-05-31 02:00:00,20.75,0.0,200.0,50.0,True,25.0
2025-05-31 03:00:00,18.07,0.0,200.0,50.0,True,25.0
2025-05-31 04:00:00,19.6,0.0,200.0,50.0,True,25.0
2025-05-31 05:00:00,23.07,0.0,200.0,50.0,True,25.0
2025-05-31 06:00:00,27.12,0.0,200.0,50.0,True,25.0
2025-05-31 07:00:00,34.38,1.1,200.0,50.0,True,25.0
2025-05-31 08:00:00,36.85,10.0,200.0,50.0,True,25.0
2025-05-31 09:00:00,39.27,24.2,200.0,50.0,True,25.0
2025-05-31 10:00:00,33.44,45.1,200.0,50.0,True,25.0
2025-05-31 11:00:00,33.13,67.6,200.0,50.0,True,25.0
2025-05-31 12:00:00,31.72,90.9,200.0,50.0,True,25.0
2025-05-31 13:00:00,30.8,100.0,200.0,50.0,True,25.0
2025-05-31 14:00:00,33.66,100.0,200.0,50.0,True,25.0
2025-05-31 15:00:00,34.44,100.0,200.0,50.0,True,25.0
2025-05-31 16:00:00,39.18,99.3,200.0,50.0,True,25.0
2025-05-31 17:00:00,49.35,83.8,200.0,50.0,True,25.0
2025-05-31 18:00:00,53.87,57.2,200.0,50.0,True,25.0
2025-05-31 19:00:00,56.72,30.6,200.0,50.0,True,25.0
2025-05-31 20:00:00,50.99,4.0,200.0,50.0,True,25.0
2025-05-31 21:00:00,42.04,0.0,200.0,50.0,True,25.0
2025-05-31 22:00:00,31.98,0.0,200.0,50.0,True,25.0
2025-05-31 23:00:00,24.08,0.0,200.0,50.0,True,25.0
2025-06-01 00:00:00,19.1,0.0,200.0,50.0,True,25.0
2025-06-01 01:00:00,17.66,0.0,200.0,50.0,True,25.0
2025-06-01 02:00:00,16.81,0.0,200.0,50.0,True,25.0
2025-06-01 03:00:00,17.92,0.0,200.0,50.0,True,25.0
2025-06-01 04:00:00,16.19,0.0,200.0,50.0,True,25.0
2025-06-01 05:00:00,21.12,0.0,200.0,50.0,True,25.0
2025-06-01 06:00:00,26.39,0.0,200.0,50.0,True,25.0
2025-06-01 07:00:00,35.45,3.8,200.0,50.0,True,25.0
2025-06-01 08:00:00,38.31,14.1,200.0,50.0,True,25.0
2025-06-01 09:00:00,37.15,29.7,200.0,50.0,True,25.0
2025-06-01 10:00:00,34.92,50.1,200.0,50.0,True,25.0
2025-06-01 11:00:00,32.4,73.6,200.0,50.0,True,25.0
2025-06-01 12:00:00,31.02,97.1,200.0,50.0,True,25.0
2025-06-01 13:00:00,29.14,100.0,200.0,50.0,True,25.0
2025-06-01 14:00:00,31.42,100.0,200.0,50.0,True,25.0
2025-06-01 15:00:00,32.53,100.0,200.0,50.0,True,25.0
2025-06-01 16:00:00,40.62,99.6,200.0,50.0,True,25.0
2025-06-01 17:00:00,46.39,86.5,200.0,50.0,True,25.0
2025-06-01 18:00:00,54.28,59.9,200.0,50.0,True,25.0
2025-06-01 19:00:00,56.12,33.3,200.0,50.0,True,25.0
2025-06-01 20:00:00,52.22,6.7,200.0,50.0,True,25.0
2025-06-01 21:00:00,38.97,0.0,200.0,50.0,True,25.0
2025-06-01 22:00:00,30.76,0.0,200.0,50.0,True,25.0
2025-06-01 23:00:00,25.25,0.0,200.0,50.0,True,25.0
2025-06-02 00:00:00,26.35,0.0,200.0,50.0,True,25.0
2025-06-02 01:00:00,22.34,0.0,200.0,50.0,True,25.0
2025-06-02 02:00:00,20.92,0.0,200.0,50.0,True,25.0
2025-06-02 03:00:00,22.95,0.0,200.0,50.0,True,25.0
2025-06-02 04:00:00,22.6,0.0,200.0,50.0,True,25.0
2025-06-02 05:00:00,25.9,0.0,200.0,50.0,True,25.0
2025-06-02 06:00:00,28.39,0.0,200.0,50.0,True,25.0
2025-06-02 07:00:00,39.79,0.0,200.0,50.0,True,25.0
2025-06-02 08:00:00,41.6,3.6,200.0,50.0,True,25.0
2025-06-02 09:00:00,39.47,17.0,200.0,50.0,True,25.0
2025-06-02 10:00:00,39.87,34.5,200.0,50.0,True,25.0
2025-06-02 11:00:00,38.09,49.4,200.0,50.0,True,25.0
2025-06-02 12:00:00,34.86,66.1,200.0,50.0,True,25.0
2025-06-02 13:00:00,36.04,81.4,200.0,50.0,True,25.0
2025-06-02 14:00:00,35.0,92.4,200.0,50.0,True,25.0
2025-06-02 15:00:00,38.85,97.1,200.0,50.0,True,25.0
2025-06-02 16:00:00,44.72,89.6,200.0,50.0,True,25.0
2025-06-02 17:00:00,53.8,70.7,200.0,50.0,True,25.0
2025-06-02 18:00:00,63.08,44.1,200.0,50.0,True,25.0
2025-06-02 19:00:00,62.17,17.5,200.0,50.0,True,25.0
2025-06-02 20:00:00,56.92,0.0,200.0,50.0,True,25.0
2025-06-02 21:00:00,45.2,0.0,200.0,50.0,True,25.0
2025-06-02 22:00:00,37.7,0.0,200.0,50.0,True,25.0
2025-06-02 23:00:00,27.59,0.0,200.0,50.0,True,25.0
2025-06-03 00:00:00,23.35,0.0,200.0,50.0,True,25.0
2025-06-03 01:00:00,22.06,0.0,200.0,50.0,True,25.0
2025-06-03 02:00:00,22.68,0.0,200.0,50.0,True,25.0
2025-06-03 03:00:00,21.34,0.0,200.0,50.0,True,25.0
2025-06-03 04:00:00,20.97,0.0,200.0,50.0,True,25.0
2025-06-03 05:00:00,23.8,0.0,200.0,50.0,True,25.0
2025-06-03 06:00:00,28.13,0.0,200.0,50.0,True,25.0
2025-06-03 07:00:00,39.38,0.0,200.0,50.0,True,25.0
2025-06-03 08:00:00,44.49,0.0,200.0,50.0,True,25.0
2025-06-03 09:00:00,40.39,0.0,200.0,50.0,True,25.0
2025-06-03 10:00:00,39.98,0.0,200.0,50.0,True,25.0
2025-06-03 11:00:00,36.65,0.0,200.0,50.0,True,25.0
2025-06-03 12:00:00,34.17,0.0,200.0,50.0,True,25.0
2025-06-03 13:00:00,35.18,0.0,200.0,50.0,True,25.0
2025-06-03 14:00:00,38.3,0.0,200.0,50.0,True,25.0
2025-06-03 15:00:00,39.87,0.0,200.0,50.0,True,25.0
2025-06-03 16:00:00,44.32,0.0,200.0,50.0,True,25.0
2025-06-03 17:00:00,53.74,0.0,200.0,50.0,True,25.0
2025-06-03 18:00:00,63.92,0.0,200.0,50.0,True,25.0
2025-06-03 19:00:00,63.86,0.0,200.0,50.0,True,25.0
2025-06-03 20:00:00,56.97,0.0,200.0,50.0,True,25.0
2025-06-03 21:00:00,46.61,0.0,200.0,50.0,True,25.0
2025-06-03 22:00:00,35.74,0.0,200.0,50.0,True,25.0
2025-06-03 23:00:00,28.58,0.0,200.0,50.0,True,25.0
2025-06-04 00:00:00,26.12,0.0,200.0,50.0,True,25.0
2025-06-04 01:00:00,23.97,0.0,200.0,50.0,True,25.0
2025-06-04 02:00:00,21.93,0.0,200.0,50.0,True,25.0
2025-06-04 03:00:00,20.52,0.0,200.0,50.0,True,25.0
2025-06-04 04:00:00,22.16,0.0,200.0,50.0,True,25.0
2025-06-04 05:00:00,23.58,0.0,200.0,50.0,True,25.0
2025-06-04 06:00:00,31.09,0.0,200.0,50.0,True,25.0
2025-06-04 07:00:00,39.02,0.0,200.0,50.0,True,25.0
2025-06-04 08:00:00,43.59,0.0,200.0,50.0,True,25.0
2025-06-04 09:00:00,43.19,0.0,200.0,50.0,True,25.0
2025-06-04 10:00:00,39.93,2.1,200.0,50.0,True,25.0
2025-06-04 11:00:00,37.67,1.9,200.0,50.0,True,25.0
2025-06-04 12:00:00,34.9,2.7,200.0,50.0,True,25.0
2025-06-04 13:00:00,34.31,3.5,200.0,50.0,True,25.0
2025-06-04 14:00:00,34.16,7.9,200.0,50.0,True,25.0
2025-06-04 15:00:00,39.9,7.8,200.0,50.0,True,25.0
2025-06-04 16:00:00,42.31,0.0,200.0,50.0,True,25.0
2025-06-04 17:00:00,55.38,0.0,200.0,50.0,True,25.0
2025-06-04 18:00:00,62.58,0.0,200.0,50.0,True,25.0
2025-06-04 19:00:00,63.69,0.0,200.0,50.0,True,25.0
2025-06-04 20:00:00,57.32,0.0,200.0,50.0,True,25.0
2025-06-04 21:00:00,46.72,0.0,200.0,50.0,True,25.0
2025-06-04 22:00:00,33.4,0.0,200.0,50.0,True,25.0
2025-06-04 23:00:00,29.03,0.0,200.0,50.0,True,25.0
2025-06-05 00:00:00,24.14,0.0,200.0,50.0,True,25.0
2025-06-05 01:00:00,24.28,0.0,200.0,50.0,True,25.0
2025-06-05 02:00:00,22.18,0.0,200.0,50.0,True,25.0
2025-06-05 03:00:00,20.87,0.0,200.0,50.0,True,25.0
2025-06-05 04:00:00,22.19,0.0,200.0,50.0,True,25.0
2025-06-05 05:00:00,23.16,0.0,200.0,50.0,True,25.0
2025-06-05 06:00:00,29.41,0.0,200.0,50.0,True,25.0
2025-06-05 07:00:00,39.47,0.0,200.0,50.0,True,25.0
2025-06-05 08:00:00,42.69,4.4,200.0,50.0,True,25.0
2025-06-05 09:00:00,40.49,18.8,200.0,50.0,True,25.0
2025-06-05 10:00:00,38.97,36.7,200.0,50.0,True,25.0
2025-06-05 11:00:00,37.49,57.5,200.0,50.0,True,25.0
2025-06-05 12:00:00,38.35,78.2,200.0,50.0,True,25.0
2025-06-05 13:00:00,34.05,98.2,200.0,50.0,True,25.0
2025-06-05 14:00:00,34.75,100.0,200.0,50.0,True,25.0
2025-06-05 15:00:00,39.13,100.0,200.0,50.0,True,25.0
2025-06-05 16:00:00,46.73,96.3,200.0,50.0,True,25.0
2025-06-05 17:00:00,56.17,78.1,200.0,50.0,True,25.0
2025-06-05 18:00:00,64.11,51.5,200.0,50.0,True,25.0
2025-06-05 19:00:00,63.72,24.9,200.0,50.0,True,25.0
2025-06-05 20:00:00,58.8,0.0,200.0,50.0,True,25.0
2025-06-05 21:00:00,45.54,0.0,200.0,50.0,True,25.0
2025-06-05 22:00:00,35.14,0.0,200.0,50.0,True,25.0
2025-06-05 23:00:00,26.74,0.0,200.0,50.0,True,25.0
2025-06-06 00:00:00,24.93,0.0,200.0,50.0,True,25.0
2025-06-06 01:00:00,22.53,0.0,200.0,50.0,True,25.0
2025-06-06 02:00:00,22.01,0.0,200.0,50.0,True,25.0
2025-06-06 03:00:00,19.6,0.0,200.0,50.0,True,25.0
2025-06-06 04:00:00,22.76,0.0,200.0,50.0,True,25.0
2025-06-06 05:00:00,21.47,0.0,200.0,50.0,True,25.0
2025-06-06 06:00:00,29.68,0.0,200.0,50.0,True,25.0
2025-06-06 07:00:00,39.23,1.0,200.0,50.0,True,25.0
2025-06-06 08:00:00,40.68,7.5,200.0,50.0,True,25.0
2025-06-06 09:00:00,41.69,20.2,200.0,50.0,True,25.0
2025-06-06 10:00:00,39.15,38.2,200.0,50.0,True,25.0
2025-06-06 11:00:00,38.15,60.0,200.0,50.0,True,25.0
2025-06-06 12:00:00,38.01,81.5,200.0,50.0,True,25.0
2025-06-06 13:00:00,34.87,100.0,200.0,50.0,True,25.0
2025-06-06 14:00:00,36.77,100.0,200.0,50.0,True,25.0
2025-06-06 15:00:00,41.01,100.0,200.0,50.0,True,25.0
2025-06-06 16:00:00,45.57,94.9,200.0,50.0,True,25.0
2025-06-06 17:00:00,53.31,76.9,200.0,50.0,True,25.0
2025-06-06 18:00:00,59.87,50.3,200.0,50.0,True,25.0
2025-06-06 19:00:00,64.17,23.7,200.0,50.0,True,25.0
2025-06-06 20:00:00,57.61,0.0,200.0,50.0,True,25.0
2025-06-06 21:00:00,48.39,0.0,200.0,50.0,True,25.0
2025-06-06 22:00:00,35.04,0.0,200.0,50.0,True,25.0
2025-06-06 23:00:00,28.09,0.0,200.0,50.0,True,25.0
2025-06-07 00:00:00,20.07,0.0,200.0,50.0,True,25.0
2025-06-07 01:00:00,19.4,0.0,200.0,50.0,True,25.0
2025-06-07 02:00:00,18.02,0.0,200.0,50.0,True,25.0
2025-06-07 03:00:00,17.14,0.0,200.0,50.0,True,25.0
2025-06-07 04:00:00,19.09,0.0,200.0,50.0,True,25.0
2025-06-07 05:00:00,20.73,0.0,200.0,50.0,True,25.0
2025-06-07 06:00:00,29.57,0.0,200.0,50.0,True,25.0
2025-06-07 07:00:00,35.67,2.3,200.0,50.0,True,25.0
2025-06-07 08:00:00,39.27,11.8,200.0,50.0,True,25.0
2025-06-07 09:00:00,36.19,28.8,200.0,50.0,True,25.0
2025-06-07 10:00:00,34.8,49.4,200.0,50.0,True,25.0
2025-06-07 11:00:00,32.5,72.9,200.0,50.0,True,25.0
2025-06-07 12:00:00,34.52,95.6,200.0,50.0,True,25.0
2025-06-07 13:00:00,30.25,100.0,200.0,50.0,True,25.0
2025-06-07 14:00:00,30.64,100.0,200.0,50.0,True,25.0
2025-06-07 15:00:00,33.77,100.0,200.0,50.0,True,25.0
2025-06-07 16:00:00,40.03,100.0,200.0,50.0,True,25.0
2025-06-07 17:00:00,49.58,85.5,200.0,50.0,True,25.0
2025-06-07 18:00:00,55.79,58.9,200.0,50.0,True,25.0
2025-06-07 19:00:00,55.23,32.3,200.0,50.0,True,25.0
2025-06-07 20:00:00,50.24,5.7,200.0,50.0,True,25.0
2025-06-07 21:00:00,42.77,0.0,200.0,50.0,True,25.0
2025-06-07 22:00:00,33.89,0.0,200.0,50.0,True,25.0
2025-06-07 23:00:00,24.59,0.0,200.0,50.0,True,25.0
2025-06-08 00:00:00,22.93,0.0,200.0,50.0,True,25.0
2025-06-08 01:00:00,18.07,0.0,200.0,50.0,True,25.0
2025-06-08 02:00:00,18.16,0.0,200.0,50.0,True,25.0
2025-06-08 03:00:00,16.97,0.0,200.0,50.0,True,25.0
2025-06-08 04:00:00,19.67,0.0,200.0,50.0,True,25.0
2025-06-08 05:00:00,21.27,0.0,200.0,50.0,True,25.0
2025-06-08 06:00:00,26.73,0.0,200.0,50.0,True,25.0
2025-06-08 07:00:00,36.17,2.2,200.0,50.0,True,25.0
2025-06-08 08:00:00,37.23,12.2,200.0,50.0,True,25.0
2025-06-08 09:00:00,36.47,28.7,200.0,50.0,True,25.0
2025-06-08 10:00:00,33.1,50.7,200.0,50.0,True,25.0
2025-06-08 11:00:00,34.45,74.2,200.0,50.0,True,25.0
2025-06-08 12:00:00,32.72,97.7,200.0,50.0,True,25.0
2025-06-08 13:00:00,30.85,100.0,200.0,50.0,True,25.0
2025-06-08 14:00:00,31.55,100.0,200.0,50.0,True,25.0
2025-06-08 15:00:00,34.1,100.0,200.0,50.0,True,25.0
2025-06-08 16:00:00,37.99,100.0,200.0,50.0,True,25.0
2025-06-08 17:00:00,48.3,86.4,200.0,50.0,True,25.0
2025-06-08 18:00:00,55.45,59.8,200.0,50.0,True,25.0
2025-06-08 19:00:00,58.62,33.2,200.0,50.0,True,25.0
2025-06-08 20:00:00,50.76,6.6,200.0,50.0,True,25.0
2025-06-08 21:00:00,41.64,0.0,200.0,50.0,True,25.0
2025-06-08 22:00:00,32.74,0.0,200.0,50.0,True,25.0
2025-06-08 23:00:00,26.17,0.0,200.0,50.0,True,25.0
2025-06-09 00:00:00,23.7,0.0,200.0,50.0,True,25.0
2025-06-09 01:00:00,22.23,0.0,200.0,50.0,True,25.0
2025-06-09 02:00:00,21.18,0.0,200.0,50.0,True,25.0
2025-06-09 03:00:00,19.6,0.0,200.0,50.0,True,25.0
2025-06-09 04:00:00,23.58,0.0,200.0,50.0,True,25.0
2025-06-09 05:00:00,24.52,0.0,200.0,50.0,True,25.0
2025-06-09 06:00:00,29.99,0.0,200.0,50.0,True,25.0
2025-06-09 07:00:00,39.78,0.9,200.0,50.0,True,25.0
2025-06-09 08:00:00,43.31,7.0,200.0,50.0,True,25.0
2025-06-09 09:00:00,41.1,18.9,200.0,50.0,True,25.0
2025-06-09 10:00:00,38.57,38.2,200.0,50.0,True,25.0
2025-06-09 11:00:00,39.48,57.0,200.0,50.0,True,25.0
2025-06-09 12:00:00,35.04,74.2,200.0,50.0,True,25.0
2025-06-09 13:00:00,33.48,90.3,200.0,50.0,True,25.0
2025-06-09 14:00:00,35.63,100.0,200.0,50.0,True,25.0
2025-06-09 15:00:00,42.07,100.0,200.0,50.0,True,25.0
2025-06-09 16:00:00,44.14,93.8,200.0,50.0,True,25.0
2025-06-09 17:00:00,55.38,75.7,200.0,50.0,True,25.0
2025-06-09 18:00:00,61.75,49.1,200.0,50.0,True,25.0
2025-06-09 19:00:00,64.22,22.5,200.0,50.0,True,25.0
2025-06-09 20:00:00,59.39,0.0,200.0,50.0,True,25.0
2025-06-09 21:00:00,44.94,0.0,200.0,50.0,True,25.0
2025-06-09 22:00:00,34.65,0.0,200.0,50.0,True,25.0
2025-06-09 23:00:00,29.29,0.0,200.0,50.0,True,25.0
2025-06-10 00:00:00,24.59,0.0,200.0,50.0,True,25.0
2025-06-10 01:00:00,22.84,0.0,200.0,50.0,True,25.0
2025-06-10 02:00:00,22.69,0.0,200.0,50.0,True,25.0
2025-06-10 03:00:00,19.64,0.0,200.0,50.0,True,25.0
2025-06-10 04:00:00,23.1,0.0,200.0,50.0,True,25.0
2025-06-10 05:00:00,25.45,0.0,200.0,50.0,True,25.0
2025-06-10 06:00:00,30.4,0.0,200.0,50.0,True,25.0
2025-06-10 07:00:00,40.09,0.0,200.0,50.0,True,25.0
2025-06-10 08:00:00,44.69,0.0,200.0,50.0,True,25.0
2025-06-10 09:00:00,40.7,6.8,200.0,50.0,True,25.0
2025-06-10 10:00:00,40.32,17.9,200.0,50.0,True,25.0
2025-06-10 11:00:00,39.74,30.2,200.0,50.0,True,25.0
2025-06-10 12:00:00,36.53,38.3,200.0,50.0,True,25.0
2025-06-10 13:00:00,34.37,50.6,200.0,50.0,True,25.0
2025-06-10 14:00:00,38.54,57.3,200.0,50.0,True,25.0
2025-06-10 15:00:00,39.8,59.0,200.0,50.0,True,25.0
2025-06-10 16:00:00,46.85,52.5,200.0,50.0,True,25.0
2025-06-10 17:00:00,54.08,33.2,200.0,50.0,True,25.0
2025-06-10 18:00:00,63.39,6.6,200.0,50.0,True,25.0
2025-06-10 19:00:00,63.34,0.0,200.0,50.0,True,25.0
2025-06-10 20:00:00,58.74,0.0,200.0,50.0,True,25.0
2025-06-10 21:00:00,46.33,0.0,200.0,50.0,True,25.0
2025-06-10 22:00:00,38.04,0.0,200.0,50.0,True,25.0
2025-06-10 23:00:00,27.97,0.0,200.0,50.0,True,25.0
2025-06-11 00:00:00,23.16,0.0,200.0,50.0,True,25.0
2025-06-11 01:00:00,22.72,0.0,200.0,50.0,True,25.0
2025-06-11 02:00:00,22.5,0.0,200.0,50.0,True,25.0
2025-06-11 03:00:00,20.69,0.0,200.0,50.0,True,25.0
2025-06-11 04:00:00,20.88,0.0,200.0,50.0,True,25.0
2025-06-11 05:00:00,25.74,0.0,200.0,50.0,True,25.0
2025-06-11 06:00:00,31.66,0.0,200.0,50.0,True,25.0
2025-06-11 07:00:00,37.59,0.1,200.0,50.0,True,25.0
2025-06-11 08:00:00,42.28,6.2,200.0,50.0,True,25.0
2025-06-11 09:00:00,41.26,19.3,200.0,50.0,True,25.0
2025-06-11 10:00:00,38.93,38.5,200.0,50.0,True,25.0
2025-06-11 11:00:00,38.31,59.6,200.0,50.0,True,25.0
2025-06-11 12:00:00,38.01,79.1,200.0,50.0,True,25.0
2025-06-11 13:00:00,34.21,97.7,200.0,50.0,True,25.0
2025-06-11 14:00:00,37.69,100.0,200.0,50.0,True,25.0
2025-06-11 15:00:00,37.81,100.0,200.0,50.0,True,25.0
2025-06-11 16:00:00,45.77,95.4,200.0,50.0,True,25.0
2025-06-11 17:00:00,53.93,77.9,200.0,50.0,True,25.0
2025-06-11 18:00:00,62.75,51.3,200.0,50.0,True,25.0
2025-06-11 19:00:00,61.95,24.7,200.0,50.0,True,25.0
2025-06-11 20:00:00,56.87,0.0,200.0,50.0,True,25.0
2025-06-11 21:00:00,47.67,0.0,200.0,50.0,True,25.0
2025-06-11 22:00:00,35.04,0.0,200.0,50.0,True,25.0
2025-06-11 23:00:00,27.87,0.0,200.0,50.0,True,25.0
2025-06-12 00:00:00,26.72,0.0,200.0,50.0,True,25.0
2025-06-12 01:00:00,22.8,0.0,200.0,50.0,True,25.0
2025-06-12 02:00:00,22.96,0.0,200.0,50.0,True,25.0
2025-06-12 03:00:00,19.84,0.0,200.0,50.0,True,25.0
2025-06-12 04:00:00,20.27,0.0,200.0,50.0,True,25.0
2025-06-12 05:00:00,24.42,0.0,200.0,50.0,True,25.0
2025-06-12 06:00:00,28.39,0.0,200.0,50.0,True,25.0
2025-06-12 07:00:00,38.77,1.5,200.0,50.0,True,25.0
2025-06-12 08:00:00,43.67,6.8,200.0,50.0,True,25.0
2025-06-12 09:00:00,41.36,17.7,200.0,50.0,True,25.0
2025-06-12 10:00:00,40.01,31.8,200.0,50.0,True,25.0
2025-06-12 11:00:00,38.44,48.3,200.0,50.0,True,25.0
2025-06-12 12:00:00,34.4,67.2,200.0,50.0,True,25.0
2025-06-12 13:00:00,33.57,85.2,200.0,50.0,True,25.0
2025-06-12 14:00:00,33.22,96.2,200.0,50.0,True,25.0
2025-06-12 15:00:00,39.16,100.0,200.0,50.0,True,25.0
2025-06-12 16:00:00,46.15,92.4,200.0,50.0,True,25.0
2025-06-12 17:00:00,56.49,72.2,200.0,50.0,True,25.0
2025-06-12 18:00:00,62.47,45.6,200.0,50.0,True,25.0
2025-06-12 19:00:00,65.77,19.0,200.0,50.0,True,25.0
2025-06-12 20:00:00,58.93,0.0,200.0,50.0,True,25.0
2025-06-12 21:00:00,47.28,0.0,200.0,50.0,True,25.0
2025-06-12 22:00:00,35.1,0.0,200.0,50.0,True,25.0
2025-06-12 23:00:00,25.43,0.0,200.0,50.0,True,25.0
2025-06-13 00:00:00,26.01,0.0,200.0,50.0,True,25.0
2025-06-13 01:00:00,22.59,0.0,200.0,50.0,True,25.0
2025-06-13 02:00:00,23.57,0.0,200.0,50.0,True,25.0
2025-06-13 03:00:00,19.63,0.0,200.0,50.0,True,25.0
2025-06-13 04:00:00,24.81,0.0,200.0,50.0,True,25.0
2025-06-13 05:00:00,24.24,0.0,200.0,50.0,True,25.0
2025-06-13 06:00:00,29.38,0.0,200.0,50.0,True,25.0
2025-06-13 07:00:00,39.39,0.1,200.0,50.0,True,25.0
2025-06-13 08:00:00,43.63,3.0,200.0,50.0,True,25.0
2025-06-13 09:00:00,41.45,12.5,200.0,50.0,True,25.0
2025-06-13 10:00:00,39.03,28.1,200.0,50.0,True,25.0
2025-06-13 11:00:00,35.59,48.2,200.0,50.0,True,25.0
2025-06-13 12:00:00,34.91,69.1,200.0,50.0,True,25.0
2025-06-13 13:00:00,36.03,89.0,200.0,50.0,True,25.0
2025-06-13 14:00:00,34.82,100.0,200.0,50.0,True,25.0
2025-06-13 15:00:00,37.59,100.0,200.0,50.0,True,25.0
2025-06-13 16:00:00,44.04,97.5,200.0,50.0,True,25.0
2025-06-13 17:00:00,54.64,79.7,200.0,50.0,True,25.0
2025-06-13 18:00:00,61.39,53.1,200.0,50.0,True,25.0
2025-06-13 19:00:00,63.85,26.5,200.0,50.0,True,25.0
2025-06-13 20:00:00,57.57,0.0,200.0,50.0,True,25.0
2025-06-13 21:00:00,48.41,0.0,200.0,50.0,True,25.0
2025-06-13 22:00:00,36.46,0.0,200.0,50.0,True,25.0
2025-06-13 23:00:00,30.98,0.0,200.0,50.0,True,25.0
2025-06-14 00:00:00,21.16,0.0,200.0,50.0,True,25.0
2025-06-14 01:00:00,19.61,0.0,200.0,50.0,True,25.0
2025-06-14 02:00:00,20.71,0.0,200.0,50.0,True,25.0
2025-06-14 03:00:00,18.76,0.0,200.0,50.0,True,25.0
2025-06-14 04:00:00,18.16,0.0,200.0,50.0,True,25.0
2025-06-14 05:00:00,22.29,0.0,200.0,50.0,True,25.0
2025-06-14 06:00:00,27.08,0.0,200.0,50.0,True,25.0
2025-06-14 07:00:00,32.77,4.2,200.0,50.0,True,25.0
2025-06-14 08:00:00,37.47,14.3,200.0,50.0,True,25.0
2025-06-14 09:00:00,36.81,31.4,200.0,50.0,True,25.0
2025-06-14 10:00:00,36.66,51.9,200.0,50.0,True,25.0
2025-06-14 11:00:00,34.1,75.1,200.0,50.0,True,25.0
2025-06-14 12:00:00,30.92,98.6,200.0,50.0,True,25.0
2025-06-14 13:00:00,29.75,100.0,200.0,50.0,True,25.0
2025-06-14 14:00:00,32.55,100.0,200.0,50.0,True,25.0
2025-06-14 15:00:00,32.01,100.0,200.0,50.0,True,25.0
2025-06-14 16:00:00,38.94,100.0,200.0,50.0,True,25.0
2025-06-14 17:00:00,49.92,85.4,200.0,50.0,True,25.0
2025-06-14 18:00:00,55.24,58.9,200.0,50.0,True,25.0
2025-06-14 19:00:00,55.63,32.3,200.0,50.0,True,25.0
2025-06-14 20:00:00,50.11,5.7,200.0,50.0,True,25.0
2025-06-14 21:00:00,42.58,0.0,200.0,50.0,True,25.0
2025-06-14 22:00:00,31.69,0.0,200.0,50.0,True,25.0
2025-06-14 23:00:00,24.68,0.0,200.0,50.0,True,25.0
2025-06-15 00:00:00,22.09,0.0,200.0,50.0,True,25.0
2025-06-15 01:00:00,20.17,0.0,200.0,50.0,True,25.0
2025-06-15 02:00:00,19.41,0.0,200.0,50.0,True,25.0
2025-06-15 03:00:00,16.72,0.0,200.0,50.0,True,25.0
2025-06-15 04:00:00,18.08,0.0,200.0,50.0,True,25.0
2025-06-15 05:00:00,22.54,0.0,200.0,50.0,True,25.0
2025-06-15 06:00:00,27.3,0.0,200.0,50.0,True,25.0
2025-06-15 07:00:00,35.41,2.8,200.0,50.0,True,25.0
2025-06-15 08:00:00,37.58,10.4,200.0,50.0,True,25.0
2025-06-15 09:00:00,37.54,22.2,200.0,50.0,True,25.0
2025-06-15 10:00:00,34.51,39.1,200.0,50.0,True,25.0
2025-06-15 11:00:00,34.85,61.2,200.0,50.0,True,25.0
2025-06-15 12:00:00,30.73,83.2,200.0,50.0,True,25.0
2025-06-15 13:00:00,30.0,100.0,200.0,50.0,True,25.0
2025-06-15 14:00:00,31.45,100.0,200.0,50.0,True,25.0
2025-06-15 15:00:00,35.97,100.0,200.0,50.0,True,25.0
2025-06-15 16:00:00,39.91,98.3,200.0,50.0,True,25.0
2025-06-15 17:00:00,48.32,82.6,200.0,50.0,True,25.0
2025-06-15 18:00:00,54.46,56.0,200.0,50.0,True,25.0
2025-06-15 19:00:00,56.92,29.4,200.0,50.0,True,25.0
2025-06-15 20:00:00,51.52,2.8,200.0,50.0,True,25.0
2025-06-15 21:00:00,40.67,0.0,200.0,50.0,True,25.0
2025-06-15 22:00:00,31.78,0.0,200.0,50.0,True,25.0
2025-06-15 23:00:00,25.15,0.0,200.0,50.0,True,25.0
2025-06-16 00:00:00,27.43,0.0,200.0,50.0,True,25.0
2025-06-16 01:00:00,21.99,0.0,200.0,50.0,True,25.0
2025-06-16 02:00:00,20.96,0.0,200.0,50.0,True,25.0
2025-06-16 03:00:00,21.16,0.0,200.0,50.0,True,25.0
2025-06-16 04:00:00,20.77,0.0,200.0,50.0,True,25.0
2025-06-16 05:00:00,23.33,0.0,200.0,50.0,True,25.0
2025-06-16 06:00:00,28.57,0.0,200.0,50.0,True,25.0
2025-06-16 07:00:00,38.83,0.0,200.0,50.0,True,25.0
2025-06-16 08:00:00,42.65,2.2,200.0,50.0,True,25.0
2025-06-16 09:00:00,40.11,9.0,200.0,50.0,True,25.0
2025-06-16 10:00:00,39.46,22.6,200.0,50.0,True,25.0
2025-06-16 11:00:00,35.03,40.0,200.0,50.0,True,25.0
2025-06-16 12:00:00,36.56,59.9,200.0,50.0,True,25.0
2025-06-16 13:00:00,34.17,77.5,200.0,50.0,True,25.0
2025-06-16 14:00:00,35.48,87.8,200.0,50.0,True,25.0
2025-06-16 15:00:00,40.46,89.4,200.0,50.0,True,25.0
2025-06-16 16:00:00,45.89,82.9,200.0,50.0,True,25.0
2025-06-16 17:00:00,54.15,64.1,200.0,50.0,True,25.0
2025-06-16 18:00:00,63.02,37.5,200.0,50.0,True,25.0
2025-06-16 19:00:00,66.23,10.9,200.0,50.0,True,25.0
2025-06-16 20:00:00,57.48,0.0,200.0,50.0,True,25.0
2025-06-16 21:00:00,48.24,0.0,200.0,50.0,True,25.0
2025-06-16 22:00:00,34.64,0.0,200.0,50.0,True,25.0
2025-06-16 23:00:00,29.81,0.0,200.0,50.0,True,25.0
2025-06-17 00:00:00,23.78,0.0,200.0,50.0,True,25.0
2025-06-17 01:00:00,21.84,0.0,200.0,50.0,True,25.0
2025-06-17 02:00:00,23.36,0.0,200.0,50.0,True,25.0
2025-06-17 03:00:00,21.71,0.0,200.0,50.0,True,25.0
2025-06-17 04:00:00,21.17,0.0,200.0,50.0,True,25.0
2025-06-17 05:00:00,24.79,0.0,200.0,50.0,True,25.0
2025-06-17 06:00:00,29.47,0.0,200.0,50.0,True,25.0
2025-06-17 07:00:00,37.88,0.0,200.0,50.0,True,25.0
2025-06-17 08:00:00,43.81,3.7,200.0,50.0,True,25.0
2025-06-17 09:00:00,41.26,13.5,200.0,50.0,True,25.0
2025-06-17 10:00:00,38.66,26.3,200.0,50.0,True,25.0
2025-06-17 11:00:00,39.47,41.4,200.0,50.0,True,25.0
2025-06-17 12:00:00,34.91,52.8,200.0,50.0,True,25.0
2025-06-17 13:00:00,35.04,65.0,200.0,50.0,True,25.0
2025-06-17 14:00:00,37.3,76.9,200.0,50.0,True,25.0
2025-06-17 15:00:00,39.49,79.9,200.0,50.0,True,25.0
2025-06-17 16:00:00,44.6,74.0,200.0,50.0,True,25.0
2025-06-17 17:00:00,55.31,54.9,200.0,50.0,True,25.0
2025-06-17 18:00:00,63.08,28.3,200.0,50.0,True,25.0
2025-06-17 19:00:00,65.48,1.7,200.0,50.0,True,25.0
2025-06-17 20:00:00,60.99,0.0,200.0,50.0,True,25.0
2025-06-17 21:00:00,46.83,0.0,200.0,50.0,True,25.0
2025-06-17 22:00:00,36.24,0.0,200.0,50.0,True,25.0
2025-06-17 23:00:00,26.9,0.0,200.0,50.0,True,25.0
2025-06-18 00:00:00,25.46,0.0,200.0,50.0,True,25.0
2025-06-18 01:00:00,22.98,0.0,200.0,50.0,True,25.0
2025-06-18 02:00:00,21.79,0.0,200.0,50.0,True,25.0
2025-06-18 03:00:00,20.12,0.0,200.0,50.0,True,25.0
2025-06-18 04:00:00,21.58,0.0,200.0,50.0,True,25.0
2025-06-18 05:00:00,24.94,0.0,200.0,50.0,True,25.0
2025-06-18 06:00:00,29.19,0.0,200.0,50.0,True,25.0
2025-06-18 07:00:00,39.46,0.0,200.0,50.0,True,25.0
2025-06-18 08:00:00,43.64,3.7,200.0,50.0,True,25.0
2025-06-18 09:00:00,39.88,11.4,200.0,50.0,True,25.0
2025-06-18 10:00:00,38.57,26.4,200.0,50.0,True,25.0
2025-06-18 11:00:00,37.14,43.1,200.0,50.0,True,25.0
2025-06-18 12:00:00,37.92,55.9,200.0,50.0,True,25.0
2025-06-18 13:00:00,33.9,69.0,200.0,50.0,True,25.0
2025-06-18 14:00:00,35.97,76.8,200.0,50.0,True,25.0
2025-06-18 15:00:00,38.58,71.7,200.0,50.0,True,25.0
2025-06-18 16:00:00,44.59,59.6,200.0,50.0,True,25.0
2025-06-18 17:00:00,53.28,37.6,200.0,50.0,True,25.0
2025-06-18 18:00:00,63.4,11.0,200.0,50.0,True,25.0
2025-06-18 19:00:00,62.9,0.0,200.0,50.0,True,25.0
2025-06-18 20:00:00,59.89,0.0,200.0,50.0,True,25.0
2025-06-18 21:00:00,47.98,0.0,200.0,50.0,True,25.0
2025-06-18 22:00:00,35.95,0.0,200.0,50.0,True,25.0
2025-06-18 23:00:00,29.58,0.0,200.0,50.0,True,25.0
2025-06-19 00:00:00,28.4,0.0,200.0,50.0,True,25.0
2025-06-19 01:00:00,23.35,0.0,200.0,50.0,True,25.0
2025-06-19 02:00:00,20.68,0.0,200.0,50.0,True,25.0
2025-06-19 03:00:00,22.67,0.0,200.0,50.0,True,25.0
2025-06-19 04:00:00,22.24,0.0,200.0,50.0,True,25.0
2025-06-19 05:00:00,27.21,0.0,200.0,50.0,True,25.0
2025-06-19 06:00:00,29.77,0.0,200.0,50.0,True,25.0
2025-06-19 07:00:00,41.4,0.0,200.0,50.0,True,25.0
2025-06-19 08:00:00,43.66,0.0,200.0,50.0,True,25.0
2025-06-19 09:00:00,44.95,2.7,200.0,50.0,True,25.0
2025-06-19 10:00:00,39.53,10.5,200.0,50.0,True,25.0
2025-06-19 11:00:00,41.57,17.1,200.0,50.0,True,25.0
2025-06-19 12:00:00,36.6,30.2,200.0,50.0,True,25.0
2025-06-19 13:00:00,35.95,37.9,200.0,50.0,True,25.0
2025-06-19 14:00:00,38.11,40.9,200.0,50.0,True,25.0
2025-06-19 15:00:00,38.92,40.7,200.0,50.0,True,25.0
2025-06-19 16:00:00,46.72,33.0,200.0,50.0,True,25.0
2025-06-19 17:00:00,54.7,13.4,200.0,50.0,True,25.0
2025-06-19 18:00:00,62.83,0.0,200.0,50.0,True,25.0
2025-06-19 19:00:00,64.64,0.0,200.0,50.0,True,25.0
2025-06-19 20:00:00,59.53,0.0,200.0,50.0,True,25.0
2025-06-19 21:00:00,48.09,0.0,200.0,50.0,True,25.0
2025-06-19 22:00:00,35.38,0.0,200.0,50.0,True,25.0
2025-06-19 23:00:00,28.62,0.0,200.0,50.0,True,25.0
2025-06-20 00:00:00,21.9,0.0,200.0,50.0,True,25.0
2025-06-20 01:00:00,23.99,0.0,200.0,50.0,True,25.0
2025-06-20 02:00:00,24.07,0.0,200.0,50.0,True,25.0
2025-06-20 03:00:00,21.13,0.0,200.0,50.0,True,25.0
2025-06-20 04:00:00,20.11,0.0,200.0,50.0,True,25.0
2025-06-20 05:00:00,25.59,0.0,200.0,50.0,True,25.0
2025-06-20 06:00:00,29.48,0.0,200.0,50.0,True,25.0
2025-06-20 07:00:00,40.12,0.0,200.0,50.0,True,25.0
2025-06-20 08:00:00,44.52,3.0,200.0,50.0,True,25.0
2025-06-20 09:00:00,42.45,13.1,200.0,50.0,True,25.0
2025-06-20 10:00:00,41.19,30.7,200.0,50.0,True,25.0
2025-06-20 11:00:00,38.17,49.8,200.0,50.0,True,25.0
2025-06-20 12:00:00,36.31,68.4,200.0,50.0,True,25.0
2025-06-20 13:00:00,35.84,84.9,200.0,50.0,True,25.0
2025-06-20 14:00:00,36.01,95.4,200.0,50.0,True,25.0
2025-06-20 15:00:00,39.07,100.0,200.0,50.0,True,25.0
2025-06-20 16:00:00,46.14,94.8,200.0,50.0,True,25.0
2025-06-20 17:00:00,53.74,77.3,200.0,50.0,True,25.0
2025-06-20 18:00:00,62.6,50.7,200.0,50.0,True,25.0
2025-06-20 19:00:00,62.94,24.1,200.0,50.0,True,25.0
2025-06-20 20:00:00,58.23,0.0,200.0,50.0,True,25.0
2025-06-20 21:00:00,46.88,0.0,200.0,50.0,True,25.0
2025-06-20 22:00:00,34.92,0.0,200.0,50.0,True,25.0
2025-06-20 23:00:00,29.82,0.0,200.0,50.0,True,25.0
2025-06-21 00:00:00,22.97,0.0,200.0,50.0,True,25.0
2025-06-21 01:00:00,21.66,0.0,200.0,50.0,True,25.0
2025-06-21 02:00:00,19.18,0.0,200.0,50.0,True,25.0
2025-06-21 03:00:00,17.89,0.0,200.0,50.0,True,25.0
2025-06-21 04:00:00,20.37,0.0,200.0,50.0,True,25.0
2025-06-21 05:00:00,21.91,0.0,200.0,50.0,True,25.0
2025-06-21 06:00:00,26.92,0.0,200.0,50.0,True,25.0
2025-06-21 07:00:00,32.09,4.4,200.0,50.0,True,25.0
2025-06-21 08:00:00,39.39,12.2,200.0,50.0,True,25.0
2025-06-21 09:00:00,37.56,27.8,200.0,50.0,True,25.0
2025-06-21 10:00:00,35.13,46.8,200.0,50.0,True,25.0
2025-06-21 11:00:00,34.44,68.6,200.0,50.0,True,25.0
2025-06-21 12:00:00,32.51,90.8,200.0,50.0,True,25.0
2025-06-21 13:00:00,29.95,100.0,200.0,50.0,True,25.0
2025-06-21 14:00:00,31.53,100.0,200.0,50.0,True,25.0
2025-06-21 15:00:00,33.93,100.0,200.0,50.0,True,25.0
2025-06-21 16:00:00,41.91,99.5,200.0,50.0,True,25.0
2025-06-21 17:00:00,49.7,84.6,200.0,50.0,True,25.0
2025-06-21 18:00:00,54.24,58.4,200.0,50.0,True,25.0
2025-06-21 19:00:00,57.63,31.8,200.0,50.0,True,25.0
2025-06-21 20:00:00,52.21,5.2,200.0,50.0,True,25.0
2025-06-21 21:00:00,41.01,0.0,200.0,50.0,True,25.0
2025-06-21 22:00:00,31.94,0.0,200.0,50.0,True,25.0
2025-06-21 23:00:00,26.13,0.0,200.0,50.0,True,25.0
2025-06-22 00:00:00,22.9,0.0,200.0,50.0,True,25.0
2025-06-22 01:00:00,22.89,0.0,200.0,50.0,True,25.0
2025-06-22 02:00:00,19.54,0.0,200.0,50.0,True,25.0
2025-06-22 03:00:00,18.13,0.0,200.0,50.0,True,25.0
2025-06-22 04:00:00,20.1,0.0,200.0,50.0,True,25.0
2025-06-22 05:00:00,21.55,0.0,200.0,50.0,True,25.0
2025-06-22 06:00:00,26.09,0.0,200.0,50.0,True,25.0
2025-06-22 07:00:00,34.05,0.8,200.0,50.0,True,25.0
2025-06-22 08:00:00,34.4,7.9,200.0,50.0,True,25.0
2025-06-22 09:00:00,37.72,18.4,200.0,50.0,True,25.0
2025-06-22 10:00:00,33.2,32.4,200.0,50.0,True,25.0
2025-06-22 11:00:00,32.44,50.2,200.0,50.0,True,25.0
2025-06-22 12:00:00,32.17,66.1,200.0,50.0,True,25.0
2025-06-22 13:00:00,30.43,78.0,200.0,50.0,True,25.0
2025-06-22 14:00:00,34.4,85.7,200.0,50.0,True,25.0
2025-06-22 15:00:00,33.35,89.0,200.0,50.0,True,25.0
2025-06-22 16:00:00,42.88,83.4,200.0,50.0,True,25.0
2025-06-22 17:00:00,50.22,67.8,200.0,50.0,True,25.0
2025-06-22 18:00:00,56.35,41.2,200.0,50.0,True,25.0
2025-06-22 19:00:00,58.66,14.6,200.0,50.0,True,25.0
2025-06-22 20:00:00,52.4,0.0,200.0,50.0,True,25.0
2025-06-22 21:00:00,39.82,0.0,200.0,50.0,True,25.0
2025-06-22 22:00:00,32.43,0.0,200.0,50.0,True,25.0
2025-06-22 23:00:00,23.34,0.0,200.0,50.0,True,25.0
2025-06-23 00:00:00,24.12,0.0,200.0,50.0,True,25.0
2025-06-23 01:00:00,22.76,0.0,200.0,50.0,True,25.0
2025-06-23 02:00:00,21.0,0.0,200.0,50.0,True,25.0
2025-06-23 03:00:00,22.08,0.0,200.0,50.0,True,25.0
2025-06-23 04:00:00,21.83,0.0,200.0,50.0,True,25.0
2025-06-23 05:00:00,25.25,0.0,200.0,50.0,True,25.0
2025-06-23 06:00:00,30.46,0.0,200.0,50.0,True,25.0
2025-06-23 07:00:00,40.14,0.0,200.0,50.0,True,25.0
2025-06-23 08:00:00,42.74,2.7,200.0,50.0,True,25.0
2025-06-23 09:00:00,40.49,11.4,200.0,50.0,True,25.0
2025-06-23 10:00:00,39.81,24.2,200.0,50.0,True,25.0
2025-06-23 11:00:00,36.93,42.3,200.0,50.0,True,25.0
2025-06-23 12:00:00,37.86,62.0,200.0,50.0,True,25.0
2025-06-23 13:00:00,33.39,79.5,200.0,50.0,True,25.0
2025-06-23 14:00:00,38.99,91.5,200.0,50.0,True,25.0
2025-06-23 15:00:00,40.35,96.7,200.0,50.0,True,25.0
2025-06-23 16:00:00,45.79,90.1,200.0,50.0,True,25.0
2025-06-23 17:00:00,54.58,71.1,200.0,50.0,True,25.0
2025-06-23 18:00:00,63.63,44.5,200.0,50.0,True,25.0
2025-06-23 19:00:00,64.5,17.9,200.0,50.0,True,25.0
2025-06-23 20:00:00,59.4,0.0,200.0,50.0,True,25.0
2025-06-23 21:00:00,48.62,0.0,200.0,50.0,True,25.0
2025-06-23 22:00:00,36.99,0.0,200.0,50.0,True,25.0
2025-06-23 23:00:00,30.05,0.0,200.0,50.0,True,25.0
2025-06-24 00:00:00,25.42,0.0,200.0,50.0,True,25.0
2025-06-24 01:00:00,21.73,0.0,200.0,50.0,True,25.0
2025-06-24 02:00:00,19.61,0.0,200.0,50.0,True,25.0
2025-06-24 03:00:00,21.22,0.0,200.0,50.0,True,25.0
2025-06-24 04:00:00,22.38,0.0,200.0,50.0,True,25.0
2025-06-24 05:00:00,27.09,0.0,200.0,50.0,True,25.0
2025-06-24 06:00:00,30.35,0.0,200.0,50.0,True,25.0
2025-06-24 07:00:00,40.47,0.1,200.0,50.0,True,25.0
2025-06-24 08:00:00,44.76,4.6,200.0,50.0,True,25.0
2025-06-24 09:00:00,42.54,16.4,200.0,50.0,True,25.0
2025-06-24 10:00:00,41.03,28.2,200.0,50.0,True,25.0
2025-06-24 11:00:00,37.13,44.5,200.0,50.0,True,25.0
2025-06-24 12:00:00,35.04,64.1,200.0,50.0,True,25.0
2025-06-24 13:00:00,34.73,81.1,200.0,50.0,True,25.0
2025-06-24 14:00:00,33.6,94.1,200.0,50.0,True,25.0
2025-06-24 15:00:00,39.97,97.5,200.0,50.0,True,25.0
2025-06-24 16:00:00,44.95,91.2,200.0,50.0,True,25.0
2025-06-24 17:00:00,55.65,72.3,200.0,50.0,True,25.0
2025-06-24 18:00:00,62.57,45.7,200.0,50.0,True,25.0
2025-06-24 19:00:00,63.58,19.1,200.0,50.0,True,25.0
2025-06-24 20:00:00,60.65,0.0,200.0,50.0,True,25.0
2025-06-24 21:00:00,47.74,0.0,200.0,50.0,True,25.0
2025-06-24 22:00:00,37.24,0.0,200.0,50.0,True,25.0
2025-06-24 23:00:00,28.81,0.0,200.0,50.0,True,25.0
2025-06-25 00:00:00,25.35,0.0,200.0,50.0,True,25.0
2025-06-25 01:00:00,21.25,0.0,200.0,50.0,True,25.0
2025-06-25 02:00:00,23.66,0.0,200.0,50.0,True,25.0
2025-06-25 03:00:00,22.03,0.0,200.0,50.0,True,25.0
2025-06-25 04:00:00,22.1,0.0,200.0,50.0,True,25.0
2025-06-25 05:00:00,25.14,0.0,200.0,50.0,True,25.0
2025-06-25 06:00:00,31.72,0.0,200.0,50.0,True,25.0
2025-06-25 07:00:00,39.6,0.8,200.0,50.0,True,25.0
2025-06-25 08:00:00,41.96,8.5,200.0,50.0,True,25.0
2025-06-25 09:00:00,41.53,22.4,200.0,50.0,True,25.0
2025-06-25 10:00:00,40.23,40.8,200.0,50.0,True,25.0
2025-06-25 11:00:00,38.1,62.6,200.0,50.0,True,25.0
2025-06-25 12:00:00,37.82,82.6,200.0,50.0,True,25.0
2025-06-25 13:00:00,33.94,100.0,200.0,50.0,True,25.0
2025-06-25 14:00:00,35.24,100.0,200.0,50.0,True,25.0
2025-06-25 15:00:00,38.78,100.0,200.0,50.0,True,25.0
2025-06-25 16:00:00,46.29,93.5,200.0,50.0,True,25.0
2025-06-25 17:00:00,53.47,75.0,200.0,50.0,True,25.0
2025-06-25 18:00:00,63.83,48.4,200.0,50.0,True,25.0
2025-06-25 19:00:00,63.72,21.8,200.0,50.0,True,25.0
2025-06-25 20:00:00,58.19,0.0,200.0,50.0,True,25.0
2025-06-25 21:00:00,49.8,0.0,200.0,50.0,True,25.0
2025-06-25 22:00:00,37.71,0.0,200.0,50.0,True,25.0
2025-06-25 23:00:00,28.75,0.0,200.0,50.0,True,25.0
2025-06-26 00:00:00,23.24,0.0,200.0,50.0,True,25.0
2025-06-26 01:00:00,25.32,0.0,200.0,50.0,True,25.0
2025-06-26 02:00:00,21.9,0.0,200.0,50.0,True,25.0
2025-06-26 03:00:00,21.29,0.0,200.0,50.0,True,25.0
2025-06-26 04:00:00,23.23,0.0,200.0,50.0,True,25.0
2025-06-26 05:00:00,22.45,0.0,200.0,50.0,True,25.0
2025-06-26 06:00:00,29.77,0.0,200.0,50.0,True,25.0
2025-06-26 07:00:00,39.99,0.0,200.0,50.0,True,25.0
2025-06-26 08:00:00,44.05,3.6,200.0,50.0,True,25.0
2025-06-26 09:00:00,40.42,11.6,200.0,50.0,True,25.0
2025-06-26 10:00:00,40.47,27.9,200.0,50.0,True,25.0
2025-06-26 11:00:00,38.21,47.5,200.0,50.0,True,25.0
2025-06-26 12:00:00,38.26,64.5,200.0,50.0,True,25.0
2025-06-26 13:00:00,36.32,80.7,200.0,50.0,True,25.0
2025-06-26 14:00:00,35.94,91.2,200.0,50.0,True,25.0
2025-06-26 15:00:00,39.84,93.9,200.0,50.0,True,25.0
2025-06-26 16:00:00,47.02,88.6,200.0,50.0,True,25.0
2025-06-26 17:00:00,55.68,69.4,200.0,50.0,True,25.0
2025-06-26 18:00:00,61.33,42.8,200.0,50.0,True,25.0
2025-06-26 19:00:00,67.4,16.2,200.0,50.0,True,25.0
2025-06-26 20:00:00,57.97,0.0,200.0,50.0,True,25.0
2025-06-26 21:00:00,50.68,0.0,200.0,50.0,True,25.0
2025-06-26 22:00:00,36.77,0.0,200.0,50.0,True,25.0
2025-06-26 23:00:00,27.86,0.0,200.0,50.0,True,25.0
2025-06-27 00:00:00,21.99,0.0,200.0,50.0,True,25.0
2025-06-27 01:00:00,23.85,0.0,200.0,50.0,True,25.0
2025-06-27 02:00:00,20.29,0.0,200.0,50.0,True,25.0
2025-06-27 03:00:00,21.44,0.0,200.0,50.0,True,25.0
2025-06-27 04:00:00,24.47,0.0,200.0,50.0,True,25.0
2025-06-27 05:00:00,23.46,0.0,200.0,50.0,True,25.0
2025-06-27 06:00:00,31.44,0.0,200.0,50.0,True,25.0
2025-06-27 07:00:00,39.13,0.5,200.0,50.0,True,25.0
2025-06-27 08:00:00,45.28,5.6,200.0,50.0,True,25.0
2025-06-27 09:00:00,42.09,19.5,200.0,50.0,True,25.0
2025-06-27 10:00:00,40.08,37.7,200.0,50.0,True,25.0
2025-06-27 11:00:00,39.64,58.4,200.0,50.0,True,25.0
2025-06-27 12:00:00,37.03,79.7,200.0,50.0,True,25.0
2025-06-27 13:00:00,34.17,100.0,200.0,50.0,True,25.0
2025-06-27 14:00:00,38.43,100.0,200.0,50.0,True,25.0
2025-06-27 15:00:00,38.26,100.0,200.0,50.0,True,25.0
2025-06-27 16:00:00,46.16,97.0,200.0,50.0,True,25.0
2025-06-27 17:00:00,54.39,80.4,200.0,50.0,True,25.0
2025-06-27 18:00:00,61.23,53.8,200.0,50.0,True,25.0
2025-06-27 19:00:00,63.57,27.2,200.0,50.0,True,25.0
2025-06-27 20:00:00,59.14,0.6,200.0,50.0,True,25.0
2025-06-27 21:00:00,48.16,0.0,200.0,50.0,True,25.0
2025-06-27 22:00:00,37.55,0.0,200.0,50.0,True,25.0
2025-06-27 23:00:00,30.42,0.0,200.0,50.0,True,25.0
2025-06-28 00:00:00,22.19,0.0,200.0,50.0,True,25.0
2025-06-28 01:00:00,19.65,0.0,200.0,50.0,True,25.0
2025-06-28 02:00:00,20.75,0.0,200.0,50.0,True,25.0
2025-06-28 03:00:00,17.76,0.0,200.0,50.0,True,25.0
2025-06-28 04:00:00,17.59,0.0,200.0,50.0,True,25.0
2025-06-28 05:00:00,22.99,0.0,200.0,50.0,True,25.0
2025-06-28 06:00:00,28.49,0.0,200.0,50.0,True,25.0
2025-06-28 07:00:00,34.33,4.4,200.0,50.0,True,25.0
2025-06-28 08:00:00,41.03,12.3,200.0,50.0,True,25.0
2025-06-28 09:00:00,37.69,27.9,200.0,50.0,True,25.0
2025-06-28 10:00:00,35.83,50.1,200.0,50.0,True,25.0
2025-06-28 11:00:00,33.01,73.5,200.0,50.0,True,25.0
2025-06-28 12:00:00,33.17,96.6,200.0,50.0,True,25.0
2025-06-28 13:00:00,29.11,100.0,200.0,50.0,True,25.0
2025-06-28 14:00:00,31.54,100.0,200.0,50.0,True,25.0
2025-06-28 15:00:00,34.43,100.0,200.0,50.0,True,25.0
2025-06-28 16:00:00,38.79,100.0,200.0,50.0,True,25.0
2025-06-28 17:00:00,49.8,85.5,200.0,50.0,True,25.0
2025-06-28 18:00:00,55.9,58.9,200.0,50.0,True,25.0
2025-06-28 19:00:00,58.14,32.3,200.0,50.0,True,25.0
2025-06-28 20:00:00,51.79,5.7,200.0,50.0,True,25.0
2025-06-28 21:00:00,43.22,0.0,200.0,50.0,True,25.0
2025-06-28 22:00:00,32.04,0.0,200.0,50.0,True,25.0
2025-06-28 23:00:00,24.66,0.0,200.0,50.0,True,25.0
2025-06-29 00:00:00,21.11,0.0,200.0,50.0,True,25.0
2025-06-29 01:00:00,17.81,0.0,200.0,50.0,True,25.0
2025-06-29 02:00:00,20.92,0.0,200.0,50.0,True,25.0
2025-06-29 03:00:00,19.77,0.0,200.0,50.0,True,25.0
2025-06-29 04:00:00,23.03,0.0,200.0,50.0,True,25.0
2025-06-29 05:00:00,21.47,0.0,200.0,50.0,True,25.0
2025-06-29 06:00:00,26.12,0.0,200.0,50.0,True,25.0
2025-06-29 07:00:00,33.29,4.4,200.0,50.0,True,25.0
2025-06-29 08:00:00,39.85,13.2,200.0,50.0,True,25.0
2025-06-29 09:00:00,37.89,29.8,200.0,50.0,True,25.0
2025-06-29 10:00:00,37.2,51.5,200.0,50.0,True,25.0
2025-06-29 11:00:00,32.55,75.0,200.0,50.0,True,25.0
2025-06-29 12:00:00,32.83,98.0,200.0,50.0,True,25.0
2025-06-29 13:00:00,30.33,100.0,200.0,50.0,True,25.0
2025-06-29 14:00:00,33.58,100.0,200.0,50.0,True,25.0
2025-06-29 15:00:00,35.98,100.0,200.0,50.0,True,25.0
2025-06-29 16:00:00,38.52,100.0,200.0,50.0,True,25.0
2025-06-29 17:00:00,48.64,86.1,200.0,50.0,True,25.0
2025-06-29 18:00:00,53.19,60.7,200.0,50.0,True,25.0
2025-06-29 19:00:00,55.81,34.1,200.0,50.0,True,25.0
2025-06-29 20:00:00,50.84,7.5,200.0,50.0,True,25.0
2025-06-29 21:00:00,41.3,0.0,200.0,50.0,True,25.0
2025-06-29 22:00:00,31.65,0.0,200.0,50.0,True,25.0
2025-06-29 23:00:00,25.44,0.0,200.0,50.0,True,25.0
2025-06-30 00:00:00,25.01,0.0,200.0,50.0,True,25.0
2025-06-30 01:00:00,22.93,0.0,200.0,50.0,True,25.0
2025-06-30 02:00:00,22.59,0.0,200.0,50.0,True,25.0
2025-06-30 03:00:00,19.54,0.0,200.0,50.0,True,25.0
2025-06-30 04:00:00,22.28,0.0,200.0,50.0,True,25.0
2025-06-30 05:00:00,26.59,0.0,200.0,50.0,True,25.0
2025-06-30 06:00:00,30.41,0.0,200.0,50.0,True,25.0
2025-06-30 07:00:00,40.77,0.0,200.0,50.0,True,25.0
2025-06-30 08:00:00,44.48,0.1,200.0,50.0,True,25.0
2025-06-30 09:00:00,43.12,8.1,200.0,50.0,True,25.0
2025-06-30 10:00:00,40.52,18.5,200.0,50.0,True,25.0
2025-06-30 11:00:00,39.28,34.3,200.0,50.0,True,25.0
2025-06-30 12:00:00,36.96,49.8,200.0,50.0,True,25.0
2025-06-30 13:00:00,35.99,62.8,200.0,50.0,True,25.0
2025-06-30 14:00:00,36.88,72.3,200.0,50.0,True,25.0
2025-06-30 15:00:00,38.97,76.5,200.0,50.0,True,25.0
2025-06-30 16:00:00,44.51,73.3,200.0,50.0,True,25.0
2025-06-30 17:00:00,55.06,54.8,200.0,50.0,True,25.0
2025-06-30 18:00:00,65.0,28.2,200.0,50.0,True,25.0
2025-06-30 19:00:00,64.84,1.6,200.0,50.0,True,25.0
2025-06-30 20:00:00,59.68,0.0,200.0,50.0,True,25.0
2025-06-30 21:00:00,45.47,0.0,200.0,50.0,True,25.0
2025-06-30 22:00:00,36.58,0.0,200.0,50.0,True,25.0
2025-06-30 23:00:00,28.8,0.0,200.0,50.0,True,25.0
2025-07-01 00:00:00,21.68,0.0,200.0,50.0,True,25.0
2025-07-01 01:00:00,23.32,0.0,200.0,50.0,True,25.0
2025-07-01 02:00:00,20.22,0.0,200.0,50.0,True,25.0
2025-07-01 03:00:00,20.19,0.0,200.0,50.0,True,25.0
2025-07-01 04:00:00,23.4,0.0,200.0,50.0,True,25.0
2025-07-01 05:00:00,25.07,0.0,200.0,50.0,True,25.0
2025-07-01 06:00:00,30.09,0.0,200.0,50.0,True,25.0
2025-07-01 07:00:00,39.56,0.0,200.0,50.0,True,25.0
2025-07-01 08:00:00,43.53,4.6,200.0,50.0,True,25.0
2025-07-01 09:00:00,42.31,16.4,200.0,50.0,True,25.0
2025-07-01 10:00:00,38.76,34.0,200.0,50.0,True,25.0
2025-07-01 11:00:00,39.63,49.1,200.0,50.0,True,25.0
2025-07-01 12:00:00,34.99,66.2,200.0,50.0,True,25.0
2025-07-01 13:00:00,33.15,81.3,200.0,50.0,True,25.0
2025-07-01 14:00:00,37.56,88.3,200.0,50.0,True,25.0
2025-07-01 15:00:00,39.67,88.9,200.0,50.0,True,25.0
2025-07-01 16:00:00,46.03,79.3,200.0,50.0,True,25.0
2025-07-01 17:00:00,56.3,57.8,200.0,50.0,True,25.0
2025-07-01 18:00:00,62.31,31.2,200.0,50.0,True,25.0
2025-07-01 19:00:00,65.25,4.6,200.0,50.0,True,25.0
2025-07-01 20:00:00,60.12,0.0,200.0,50.0,True,25.0
2025-07-01 21:00:00,49.83,0.0,200.0,50.0,True,25.0
2025-07-01 22:00:00,35.76,0.0,200.0,50.0,True,25.0
2025-07-01 23:00:00,28.16,0.0,200.0,50.0,True,25.0
2025-07-02 00:00:00,25.57,0.0,200.0,50.0,True,25.0
2025-07-02 01:00:00,23.23,0.0,200.0,50.0,True,25.0
2025-07-02 02:00:00,22.05,0.0,200.0,50.0,True,25.0
2025-07-02 03:00:00,22.98,0.0,200.0,50.0,True,25.0
2025-07-02 04:00:00,20.2,0.0,200.0,50.0,True,25.0
2025-07-02 05:00:00,23.19,0.0,200.0,50.0,True,25.0
2025-07-02 06:00:00,28.64,0.0,200.0,50.0,True,25.0
2025-07-02 07:00:00,41.66,0.0,200.0,50.0,True,25.0
2025-07-02 08:00:00,44.67,0.0,200.0,50.0,True,25.0
2025-07-02 09:00:00,40.49,0.0,200.0,50.0,True,25.0
2025-07-02 10:00:00,40.07,0.0,200.0,50.0,True,25.0
2025-07-02 11:00:00,38.27,3.1,200.0,50.0,True,25.0
2025-07-02 12:00:00,33.74,7.3,200.0,50.0,True,25.0
2025-07-02 13:00:00,35.47,8.9,200.0,50.0,True,25.0
2025-07-02 14:00:00,34.98,10.0,200.0,50.0,True,25.0
2025-07-02 15:00:00,41.07,3.5,200.0,50.0,True,25.0
2025-07-02 16:00:00,44.59,0.0,200.0,50.0,True,25.0
2025-07-02 17:00:00,55.8,0.0,200.0,50.0,True,25.0
2025-07-02 18:00:00,64.76,0.0,200.0,50.0,True,25.0
2025-07-02 19:00:00,66.29,0.0,200.0,50.0,True,25.0
2025-07-02 20:00:00,59.98,0.0,200.0,50.0,True,25.0
2025-07-02 21:00:00,47.78,0.0,200.0,50.0,True,25.0
2025-07-02 22:00:00,34.59,0.0,200.0,50.0,True,25.0
2025-07-02 23:00:00,28.2,0.0,200.0,50.0,True,25.0
2025-07-03 00:00:00,24.64,0.0,200.0,50.0,True,25.0
2025-07-03 01:00:00,22.64,0.0,200.0,50.0,True,25.0
2025-07-03 02:00:00,20.39,0.0,200.0,50.0,True,25.0
2025-07-03 03:00:00,21.6,0.0,200.0,50.0,True,25.0
2025-07-03 04:00:00,20.81,0.0,200.0,50.0,True,25.0
2025-07-03 05:00:00,26.77,0.0,200.0,50.0,True,25.0
2025-07-03 06:00:00,30.84,0.0,200.0,50.0,True,25.0
2025-07-03 07:00:00,41.42,0.0,200.0,50.0,True,25.0
2025-07-03 08:00:00,45.22,0.5,200.0,50.0,True,25.0
2025-07-03 09:00:00,44.65,4.1,200.0,50.0,True,25.0
2025-07-03 10:00:00,40.46,15.7,200.0,50.0,True,25.0
2025-07-03 11:00:00,37.86,29.8,200.0,50.0,True,25.0
2025-07-03 12:00:00,35.96,44.1,200.0,50.0,True,25.0
2025-07-03 13:00:00,37.05,54.5,200.0,50.0,True,25.0
2025-07-03 14:00:00,34.82,63.6,200.0,50.0,True,25.0
2025-07-03 15:00:00,39.19,65.7,200.0,50.0,True,25.0
2025-07-03 16:00:00,46.27,57.2,200.0,50.0,True,25.0
2025-07-03 17:00:00,55.39,36.5,200.0,50.0,True,25.0
2025-07-03 18:00:00,64.4,9.9,200.0,50.0,True,25.0
2025-07-03 19:00:00,63.54,0.0,200.0,50.0,True,25.0
2025-07-03 20:00:00,59.32,0.0,200.0,50.0,True,25.0
2025-07-03 21:00:00,47.68,0.0,200.0,50.0,True,25.0
2025-07-03 22:00:00,35.12,0.0,200.0,50.0,True,25.0
2025-07-03 23:00:00,29.8,0.0,200.0,50.0,True,25.0
2025-07-04 00:00:00,24.81,0.0,200.0,50.0,True,25.0
2025-07-04 01:00:00,22.84,0.0,200.0,50.0,True,25.0
2025-07-04 02:00:00,21.25,0.0,200.0,50.0,True,25.0
2025-07-04 03:00:00,20.64,0.0,200.0,50.0,True,25.0
2025-07-04 04:00:00,21.01,0.0,200.0,50.0,True,25.0
2025-07-04 05:00:00,25.96,0.0,200.0,50.0,True,25.0
2025-07-04 06:00:00,31.91,0.0,200.0,50.0,True,25.0
2025-07-04 07:00:00,42.28,0.0,200.0,50.0,True,25.0
2025-07-04 08:00:00,44.61,5.9,200.0,50.0,True,25.0
2025-07-04 09:00:00,41.77,21.1,200.0,50.0,True,25.0
2025-07-04 10:00:00,39.7,39.0,200.0,50.0,True,25.0
2025-07-04 11:00:00,38.93,60.5,200.0,50.0,True,25.0
2025-07-04 12:00:00,36.67,82.6,200.0,50.0,True,25.0
2025-07-04 13:00:00,35.07,100.0,200.0,50.0,True,25.0
2025-07-04 14:00:00,36.11,100.0,200.0,50.0,True,25.0
2025-07-04 15:00:00,41.66,100.0,200.0,50.0,True,25.0
2025-07-04 16:00:00,45.49,96.7,200.0,50.0,True,25.0
2025-07-04 17:00:00,57.21,77.7,200.0,50.0,True,25.0
2025-07-04 18:00:00,63.48,51.1,200.0,50.0,True,25.0
2025-07-04 19:00:00,64.74,24.5,200.0,50.0,True,25.0
2025-07-04 20:00:00,58.49,0.0,200.0,50.0,True,25.0
2025-07-04 21:00:00,47.74,0.0,200.0,50.0,True,25.0
2025-07-04 22:00:00,37.03,0.0,200.0,50.0,True,25.0
2025-07-04 23:00:00,28.3,0.0,200.0,50.0,True,25.0
2025-07-05 00:00:00,22.96,0.0,200.0,50.0,True,25.0
2025-07-05 01:00:00,19.74,0.0,200.0,50.0,True,25.0
2025-07-05 02:00:00,19.43,0.0,200.0,50.0,True,25.0
2025-07-05 03:00:00,17.02,0.0,200.0,50.0,True,25.0
2025-07-05 04:00:00,20.25,0.0,200.0,50.0,True,25.0
2025-07-05 05:00:00,21.62,0.0,200.0,50.0,True,25.0
2025-07-05 06:00:00,28.9,0.0,200.0,50.0,True,25.0
2025-07-05 07:00:00,36.29,2.4,200.0,50.0,True,25.0
2025-07-05 08:00:00,38.92,10.9,200.0,50.0,True,25.0
2025-07-05 09:00:00,38.6,24.7,200.0,50.0,True,25.0
2025-07-05 10:00:00,35.93,44.4,200.0,50.0,True,25.0
2025-07-05 11:00:00,34.97,66.1,200.0,50.0,True,25.0
2025-07-05 12:00:00,31.03,87.9,200.0,50.0,True,25.0
2025-07-05 13:00:00,31.61,100.0,200.0,50.0,True,25.0
2025-07-05 14:00:00,32.67,100.0,200.0,50.0,True,25.0
2025-07-05 15:00:00,33.59,100.0,200.0,50.0,True,25.0
2025-07-05 16:00:00,42.32,97.0,200.0,50.0,True,25.0
2025-07-05 17:00:00,47.55,83.2,200.0,50.0,True,25.0
2025-07-05 18:00:00,54.14,57.0,200.0,50.0,True,25.0
2025-07-05 19:00:00,53.97,30.4,200.0,50.0,True,25.0
2025-07-05 20:00:00,52.89,3.8,200.0,50.0,True,25.0
2025-07-05 21:00:00,40.22,0.0,200.0,50.0,True,25.0
2025-07-05 22:00:00,31.45,0.0,200.0,50.0,True,25.0
2025-07-05 23:00:00,26.32,0.0,200.0,50.0,True,25.0
2025-07-06 00:00:00,22.18,0.0,200.0,50.0,True,25.0
2025-07-06 01:00:00,19.51,0.0,200.0,50.0,True,25.0
2025-07-06 02:00:00,17.68,0.0,200.0,50.0,True,25.0
2025-07-06 03:00:00,18.44,0.0,200.0,50.0,True,25.0
2025-07-06 04:00:00,20.61,0.0,200.0,50.0,True,25.0
2025-07-06 05:00:00,22.79,0.0,200.0,50.0,True,25.0
2025-07-06 06:00:00,29.16,0.0,200.0,50.0,True,25.0
2025-07-06 07:00:00,34.68,0.0,200.0,50.0,True,25.0
2025-07-06 08:00:00,37.26,2.9,200.0,50.0,True,25.0
2025-07-06 09:00:00,37.52,10.9,200.0,50.0,True,25.0
2025-07-06 10:00:00,35.71,21.9,200.0,50.0,True,25.0
2025-07-06 11:00:00,33.77,35.2,200.0,50.0,True,25.0
2025-07-06 12:00:00,31.19,50.5,200.0,50.0,True,25.0
2025-07-06 13:00:00,27.89,66.5,200.0,50.0,True,25.0
2025-07-06 14:00:00,30.87,81.1,200.0,50.0,True,25.0
2025-07-06 15:00:00,36.13,86.1,200.0,50.0,True,25.0
2025-07-06 16:00:00,40.87,83.2,200.0,50.0,True,25.0
2025-07-06 17:00:00,50.13,66.9,200.0,50.0,True,25.0
2025-07-06 18:00:00,56.14,40.3,200.0,50.0,True,25.0
2025-07-06 19:00:00,58.29,13.7,200.0,50.0,True,25.0
2025-07-06 20:00:00,53.26,0.0,200.0,50.0,True,25.0
2025-07-06 21:00:00,42.24,0.0,200.0,50.0,True,25.0
2025-07-06 22:00:00,32.12,0.0,200.0,50.0,True,25.0
2025-07-06 23:00:00,21.84,0.0,200.0,50.0,True,25.0
2025-07-07 00:00:00,24.17,0.0,200.0,50.0,True,25.0
2025-07-07 01:00:00,22.3,0.0,200.0,50.0,True,25.0
2025-07-07 02:00:00,22.14,0.0,200.0,50.0,True,25.0
2025-07-07 03:00:00,20.0,0.0,200.0,50.0,True,25.0
2025-07-07 04:00:00,23.39,0.0,200.0,50.0,True,25.0
2025-07-07 05:00:00,23.9,0.0,200.0,50.0,True,25.0
2025-07-07 06:00:00,32.04,0.0,200.0,50.0,True,25.0
2025-07-07 07:00:00,39.16,0.0,200.0,50.0,True,25.0
2025-07-07 08:00:00,43.43,5.7,200.0,50.0,True,25.0
2025-07-07 09:00:00,41.41,15.8,200.0,50.0,True,25.0
2025-07-07 10:00:00,39.72,33.9,200.0,50.0,True,25.0
2025-07-07 11:00:00,39.81,54.7,200.0,50.0,True,25.0
2025-07-07 12:00:00,36.08,77.5,200.0,50.0,True,25.0
2025-07-07 13:00:00,34.96,97.9,200.0,50.0,True,25.0
2025-07-07 14:00:00,35.58,100.0,200.0,50.0,True,25.0
2025-07-07 15:00:00,40.0,100.0,200.0,50.0,True,25.0
2025-07-07 16:00:00,46.33,97.4,200.0,50.0,True,25.0
2025-07-07 17:00:00,55.41,80.3,200.0,50.0,True,25.0
2025-07-07 18:00:00,63.17,53.7,200.0,50.0,True,25.0
2025-07-07 19:00:00,66.48,27.1,200.0,50.0,True,25.0
2025-07-07 20:00:00,59.84,0.5,200.0,50.0,True,25.0
2025-07-07 21:00:00,46.61,0.0,200.0,50.0,True,25.0
2025-07-07 22:00:00,36.37,0.0,200.0,50.0,True,25.0
2025-07-07 23:00:00,28.15,0.0,200.0,50.0,True,25.0
2025-07-08 00:00:00,25.59,0.0,200.0,50.0,True,25.0
2025-07-08 01:00:00,23.17,0.0,200.0,50.0,True,25.0
2025-07-08 02:00:00,23.63,0.0,200.0,50.0,True,25.0
2025-07-08 03:00:00,20.24,0.0,200.0,50.0,True,25.0
2025-07-08 04:00:00,22.04,0.0,200.0,50.0,True,25.0
2025-07-08 05:00:00,23.69,0.0,200.0,50.0,True,25.0
2025-07-08 06:00:00,30.67,0.0,200.0,50.0,True,25.0
2025-07-08 07:00:00,38.48,0.0,200.0,50.0,True,25.0
2025-07-08 08:00:00,44.55,1.6,200.0,50.0,True,25.0
2025-07-08 09:00:00,42.18,7.0,200.0,50.0,True,25.0
2025-07-08 10:00:00,40.51,14.7,200.0,50.0,True,25.0
2025-07-08 11:00:00,39.35,17.0,200.0,50.0,True,25.0
2025-07-08 12:00:00,36.76,17.0,200.0,50.0,True,25.0
2025-07-08 13:00:00,33.8,13.6,200.0,50.0,True,25.0
2025-07-08 14:00:00,35.82,14.4,200.0,50.0,True,25.0
2025-07-08 15:00:00,40.23,7.2,200.0,50.0,True,25.0
2025-07-08 16:00:00,45.69,0.0,200.0,50.0,True,25.0
2025-07-08 17:00:00,55.44,0.0,200.0,50.0,True,25.0
2025-07-08 18:00:00,65.32,0.0,200.0,50.0,True,25.0
2025-07-08 19:00:00,65.41,0.0,200.0,50.0,True,25.0
2025-07-08 20:00:00,59.99,0.0,200.0,50.0,True,25.0
2025-07-08 21:00:00,45.6,0.0,200.0,50.0,True,25.0
2025-07-08 22:00:00,37.38,0.0,200.0,50.0,True,25.0
2025-07-08 23:00:00,32.23,0.0,200.0,50.0,True,25.0
2025-07-09 00:00:00,26.59,0.0,200.0,50.0,True,25.0
2025-07-09 01:00:00,22.52,0.0,200.0,50.0,True,25.0
2025-07-09 02:00:00,25.02,0.0,200.0,50.0,True,25.0
2025-07-09 03:00:00,21.16,0.0,200.0,50.0,True,25.0
2025-07-09 04:00:00,22.65,0.0,200.0,50.0,True,25.0
2025-07-09 05:00:00,24.65,0.0,200.0,50.0,True,25.0
2025-07-09 06:00:00,30.38,0.0,200.0,50.0,True,25.0
2025-07-09 07:00:00,37.64,0.0,200.0,50.0,True,25.0
2025-07-09 08:00:00,45.13,0.0,200.0,50.0,True,25.0
2025-07-09 09:00:00,41.9,4.8,200.0,50.0,True,25.0
2025-07-09 10:00:00,40.11,14.0,200.0,50.0,True,25.0
2025-07-09 11:00:00,38.75,25.0,200.0,50.0,True,25.0
2025-07-09 12:00:00,36.0,37.8,200.0,50.0,True,25.0
2025-07-09 13:00:00,35.66,48.2,200.0,50.0,True,25.0
2025-07-09 14:00:00,37.94,51.4,200.0,50.0,True,25.0
2025-07-09 15:00:00,40.83,47.3,200.0,50.0,True,25.0
2025-07-09 16:00:00,45.92,34.2,200.0,50.0,True,25.0
2025-07-09 17:00:00,55.56,11.9,200.0,50.0,True,25.0
2025-07-09 18:00:00,63.63,0.0,200.0,50.0,True,25.0
2025-07-09 19:00:00,64.31,0.0,200.0,50.0,True,25.0
2025-07-09 20:00:00,59.8,0.0,200.0,50.0,True,25.0
2025-07-09 21:00:00,48.85,0.0,200.0,50.0,True,25.0
2025-07-09 22:00:00,36.6,0.0,200.0,50.0,True,25.0
2025-07-09 23:00:00,28.31,0.0,200.0,50.0,True,25.0
2025-07-10 00:00:00,24.64,0.0,200.0,50.0,True,25.0
2025-07-10 01:00:00,23.84,0.0,200.0,50.0,True,25.0
2025-07-10 02:00:00,20.97,0.0,200.0,50.0,True,25.0
2025-07-10 03:00:00,20.16,0.0,200.0,50.0,True,25.0
2025-07-10 04:00:00,20.36,0.0,200.0,50.0,True,25.0
2025-07-10 05:00:00,25.02,0.0,200.0,50.0,True,25.0
2025-07-10 06:00:00,31.78,0.0,200.0,50.0,True,25.0
2025-07-10 07:00:00,41.95,0.1,200.0,50.0,True,25.0
2025-07-10 08:00:00,46.05,4.4,200.0,50.0,True,25.0
2025-07-10 09:00:00,41.45,17.0,200.0,50.0,True,25.0
2025-07-10 10:00:00,40.65,33.9,200.0,50.0,True,25.0
2025-07-10 11:00:00,37.95,54.3,200.0,50.0,True,25.0
2025-07-10 12:00:00,38.49,74.6,200.0,50.0,True,25.0
2025-07-10 13:00:00,36.92,94.8,200.0,50.0,True,25.0
2025-07-10 14:00:00,36.71,100.0,200.0,50.0,True,25.0
2025-07-10 15:00:00,39.61,100.0,200.0,50.0,True,25.0
2025-07-10 16:00:00,41.98,98.8,200.0,50.0,True,25.0
2025-07-10 17:00:00,54.01,81.3,200.0,50.0,True,25.0
2025-07-10 18:00:00,61.19,54.7,200.0,50.0,True,25.0
2025-07-10 19:00:00,63.6,28.1,200.0,50.0,True,25.0
2025-07-10 20:00:00,61.82,1.5,200.0,50.0,True,25.0
2025-07-10 21:00:00,46.49,0.0,200.0,50.0,True,25.0
2025-07-10 22:00:00,35.24,0.0,200.0,50.0,True,25.0
2025-07-10 23:00:00,27.72,0.0,200.0,50.0,True,25.0
2025-07-11 00:00:00,28.11,0.0,200.0,50.0,True,25.0
2025-07-11 01:00:00,22.99,0.0,200.0,50.0,True,25.0
2025-07-11 02:00:00,23.49,0.0,200.0,50.0,True,25.0
2025-07-11 03:00:00,21.35,0.0,200.0,50.0,True,25.0
2025-07-11 04:00:00,19.92,0.0,200.0,50.0,True,25.0
2025-07-11 05:00:00,26.83,0.0,200.0,50.0,True,25.0
2025-07-11 06:00:00,31.24,0.0,200.0,50.0,True,25.0
2025-07-11 07:00:00,40.22,0.0,200.0,50.0,True,25.0
2025-07-11 08:00:00,46.32,4.7,200.0,50.0,True,25.0
2025-07-11 09:00:00,41.87,18.8,200.0,50.0,True,25.0
2025-07-11 10:00:00,40.19,37.9,200.0,50.0,True,25.0
2025-07-11 11:00:00,38.03,59.2,200.0,50.0,True,25.0
2025-07-11 12:00:00,37.81,80.3,200.0,50.0,True,25.0
2025-07-11 13:00:00,36.34,98.6,200.0,50.0,True,25.0
2025-07-11 14:00:00,36.86,100.0,200.0,50.0,True,25.0
2025-07-11 15:00:00,39.1,100.0,200.0,50.0,True,25.0
2025-07-11 16:00:00,45.69,95.4,200.0,50.0,True,25.0
2025-07-11 17:00:00,54.48,76.7,200.0,50.0,True,25.0
2025-07-11 18:00:00,64.82,50.1,200.0,50.0,True,25.0
2025-07-11 19:00:00,63.46,23.5,200.0,50.0,True,25.0
2025-07-11 20:00:00,61.5,0.0,200.0,50.0,True,25.0
2025-07-11 21:00:00,49.6,0.0,200.0,50.0,True,25.0
2025-07-11 22:00:00,35.42,0.0,200.0,50.0,True,25.0
2025-07-11 23:00:00,28.33,0.0,200.0,50.0,True,25.0
2025-07-12 00:00:00,21.14,0.0,200.0,50.0,True,25.0
2025-07-12 01:00:00,20.82,0.0,200.0,50.0,True,25.0
2025-07-12 02:00:00,21.32,0.0,200.0,50.0,True,25.0
2025-07-12 03:00:00,20.03,0.0,200.0,50.0,True,25.0
2025-07-12 04:00:00,19.11,0.0,200.0,50.0,True,25.0
2025-07-12 05:00:00,23.5,0.0,200.0,50.0,True,25.0
2025-07-12 06:00:00,28.48,0.0,200.0,50.0,True,25.0
2025-07-12 07:00:00,35.3,2.6,200.0,50.0,True,25.0
2025-07-12 08:00:00,38.9,10.1,200.0,50.0,True,25.0
2025-07-12 09:00:00,39.07,24.5,200.0,50.0,True,25.0
2025-07-12 10:00:00,36.8,45.4,200.0,50.0,True,25.0
2025-07-12 11:00:00,35.31,68.3,200.0,50.0,True,25.0
2025-07-12 12:00:00,35.25,91.4,200.0,50.0,True,25.0
2025-07-12 13:00:00,31.79,100.0,200.0,50.0,True,25.0
2025-07-12 14:00:00,32.54,100.0,200.0,50.0,True,25.0
2025-07-12 15:00:00,37.16,100.0,200.0,50.0,True,25.0
2025-07-12 16:00:00,42.99,97.1,200.0,50.0,True,25.0
2025-07-12 17:00:00,48.33,82.2,200.0,50.0,True,25.0
2025-07-12 18:00:00,55.59,55.6,200.0,50.0,True,25.0
2025-07-12 19:00:00,56.3,29.0,200.0,50.0,True,25.0
2025-07-12 20:00:00,52.86,2.4,200.0,50.0,True,25.0
2025-07-12 21:00:00,43.37,0.0,200.0,50.0,True,25.0
2025-07-12 22:00:00,31.01,0.0,200.0,50.0,True,25.0
2025-07-12 23:00:00,26.74,0.0,200.0,50.0,True,25.0
2025-07-13 00:00:00,21.46,0.0,200.0,50.0,True,25.0
2025-07-13 01:00:00,19.67,0.0,200.0,50.0,True,25.0
2025-07-13 02:00:00,20.99,0.0,200.0,50.0,True,25.0
2025-07-13 03:00:00,17.87,0.0,200.0,50.0,True,25.0
2025-07-13 04:00:00,17.95,0.0,200.0,50.0,True,25.0
2025-07-13 05:00:00,22.89,0.0,200.0,50.0,True,25.0
2025-07-13 06:00:00,26.92,0.0,200.0,50.0,True,25.0
2025-07-13 07:00:00,36.98,2.7,200.0,50.0,True,25.0
2025-07-13 08:00:00,39.92,10.6,200.0,50.0,True,25.0
2025-07-13 09:00:00,35.13,26.8,200.0,50.0,True,25.0
2025-07-13 10:00:00,37.12,46.6,200.0,50.0,True,25.0
2025-07-13 11:00:00,36.13,68.3,200.0,50.0,True,25.0
2025-07-13 12:00:00,33.4,91.1,200.0,50.0,True,25.0
2025-07-13 13:00:00,32.43,100.0,200.0,50.0,True,25.0
2025-07-13 14:00:00,31.86,100.0,200.0,50.0,True,25.0
2025-07-13 15:00:00,34.97,100.0,200.0,50.0,True,25.0
2025-07-13 16:00:00,40.87,100.0,200.0,50.0,True,25.0
2025-07-13 17:00:00,50.18,85.0,200.0,50.0,True,25.0
2025-07-13 18:00:00,56.92,58.4,200.0,50.0,True,25.0
2025-07-13 19:00:00,57.01,31.8,200.0,50.0,True,25.0
2025-07-13 20:00:00,51.82,5.2,200.0,50.0,True,25.0
2025-07-13 21:00:00,40.52,0.0,200.0,50.0,True,25.0
2025-07-13 22:00:00,32.93,0.0,200.0,50.0,True,25.0
2025-07-13 23:00:00,24.92,0.0,200.0,50.0,True,25.0
2025-07-14 00:00:00,24.64,0.0,200.0,50.0,True,25.0
2025-07-14 01:00:00,25.16,0.0,200.0,50.0,True,25.0
2025-07-14 02:00:00,23.03,0.0,200.0,50.0,True,25.0
2025-07-14 03:00:00,21.55,0.0,200.0,50.0,True,25.0
2025-07-14 04:00:00,23.31,0.0,200.0,50.0,True,25.0
2025-07-14 05:00:00,26.71,0.0,200.0,50.0,True,25.0
2025-07-14 06:00:00,28.84,0.0,200.0,50.0,True,25.0
2025-07-14 07:00:00,39.72,0.0,200.0,50.0,True,25.0
2025-07-14 08:00:00,43.96,1.3,200.0,50.0,True,25.0
2025-07-14 09:00:00,41.14,9.7,200.0,50.0,True,25.0
2025-07-14 10:00:00,40.08,22.3,200.0,50.0,True,25.0
2025-07-14 11:00:00,36.61,34.4,200.0,50.0,True,25.0
2025-07-14 12:00:00,37.65,48.8,200.0,50.0,True,25.0
2025-07-14 13:00:00,34.77,62.9,200.0,50.0,True,25.0
2025-07-14 14:00:00,36.79,70.6,200.0,50.0,True,25.0
2025-07-14 15:00:00,40.46,75.2,200.0,50.0,True,25.0
2025-07-14 16:00:00,46.83,68.1,200.0,50.0,True,25.0
2025-07-14 17:00:00,52.83,50.4,200.0,50.0,True,25.0
2025-07-14 18:00:00,64.02,23.8,200.0,50.0,True,25.0
2025-07-14 19:00:00,65.07,0.0,200.0,50.0,True,25.0
2025-07-14 20:00:00,60.12,0.0,200.0,50.0,True,25.0
2025-07-14 21:00:00,46.67,0.0,200.0,50.0,True,25.0
2025-07-14 22:00:00,37.04,0.0,200.0,50.0,True,25.0
2025-07-14 23:00:00,30.41,0.0,200.0,50.0,True,25.0
2025-07-15 00:00:00,25.24,0.0,200.0,50.0,True,25.0
2025-07-15 01:00:00,22.23,0.0,200.0,50.0,True,25.0
2025-07-15 02:00:00,21.51,0.0,200.0,50.0,True,25.0
2025-07-15 03:00:00,21.85,0.0,200.0,50.0,True,25.0
2025-07-15 04:00:00,23.0,0.0,200.0,50.0,True,25.0
2025-07-15 05:00:00,25.44,0.0,200.0,50.0,True,25.0
2025-07-15 06:00:00,30.74,0.0,200.0,50.0,True,25.0
2025-07-15 07:00:00,40.65,0.0,200.0,50.0,True,25.0
2025-07-15 08:00:00,44.17,0.0,200.0,50.0,True,25.0
2025-07-15 09:00:00,41.87,4.6,200.0,50.0,True,25.0
2025-07-15 10:00:00,41.31,12.7,200.0,50.0,True,25.0
2025-07-15 11:00:00,38.85,21.9,200.0,50.0,True,25.0
2025-07-15 12:00:00,38.1,26.8,200.0,50.0,True,25.0
2025-07-15 13:00:00,36.74,29.1,200.0,50.0,True,25.0
2025-07-15 14:00:00,36.89,29.2,200.0,50.0,True,25.0
2025-07-15 15:00:00,41.12,23.7,200.0,50.0,True,25.0
2025-07-15 16:00:00,45.03,9.8,200.0,50.0,True,25.0
2025-07-15 17:00:00,55.7,0.0,200.0,50.0,True,25.0
2025-07-15 18:00:00,63.9,0.0,200.0,50.0,True,25.0
2025-07-15 19:00:00,63.51,0.0,200.0,50.0,True,25.0
2025-07-15 20:00:00,60.16,0.0,200.0,50.0,True,25.0
2025-07-15 21:00:00,46.95,0.0,200.0,50.0,True,25.0
2025-07-15 22:00:00,35.53,0.0,200.0,50.0,True,25.0
2025-07-15 23:00:00,28.22,0.0,200.0,50.0,True,25.0
2025-07-16 00:00:00,24.98,0.0,200.0,50.0,True,25.0
2025-07-16 01:00:00,21.5,0.0,200.0,50.0,True,25.0
2025-07-16 02:00:00,23.35,0.0,200.0,50.0,True,25.0
2025-07-16 03:00:00,21.38,0.0,200.0,50.0,True,25.0
2025-07-16 04:00:00,24.63,0.0,200.0,50.0,True,25.0
2025-07-16 05:00:00,25.37,0.0,200.0,50.0,True,25.0
2025-07-16 06:00:00,31.47,0.0,200.0,50.0,True,25.0
2025-07-16 07:00:00,39.38,0.0,200.0,50.0,True,25.0
2025-07-16 08:00:00,42.84,0.0,200.0,50.0,True,25.0
2025-07-16 09:00:00,43.08,0.7,200.0,50.0,True,25.0
2025-07-16 10:00:00,39.1,5.5,200.0,50.0,True,25.0
2025-07-16 11:00:00,39.25,13.3,200.0,50.0,True,25.0
2025-07-16 12:00:00,38.61,12.6,200.0,50.0,True,25.0
2025-07-16 13:00:00,36.54,8.2,200.0,50.0,True,25.0
2025-07-16 14:00:00,37.24,0.9,200.0,50.0,True,25.0
2025-07-16 15:00:00,40.73,0.0,200.0,50.0,True,25.0
2025-07-16 16:00:00,45.72,0.0,200.0,50.0,True,25.0
2025-07-16 17:00:00,55.66,0.0,200.0,50.0,True,25.0
2025-07-16 18:00:00,62.82,0.0,200.0,50.0,True,25.0
2025-07-16 19:00:00,63.84,0.0,200.0,50.0,True,25.0
2025-07-16 20:00:00,59.69,0.0,200.0,50.0,True,25.0
2025-07-16 21:00:00,49.43,0.0,200.0,50.0,True,25.0
2025-07-16 22:00:00,35.01,0.0,200.0,50.0,True,25.0
2025-07-16 23:00:00,30.54,0.0,200.0,50.0,True,25.0
2025-07-17 00:00:00,26.48,0.0,200.0,50.0,True,25.0
2025-07-17 01:00:00,23.57,0.0,200.0,50.0,True,25.0
2025-07-17 02:00:00,22.81,0.0,200.0,50.0,True,25.0
2025-07-17 03:00:00,20.95,0.0,200.0,50.0,True,25.0
2025-07-17 04:00:00,22.37,0.0,200.0,50.0,True,25.0
2025-07-17 05:00:00,24.46,0.0,200.0,50.0,True,25.0
2025-07-17 06:00:00,30.83,0.0,200.0,50.0,True,25.0
2025-07-17 07:00:00,40.58,0.0,200.0,50.0,True,25.0
2025-07-17 08:00:00,46.52,0.7,200.0,50.0,True,25.0
2025-07-17 09:00:00,43.02,9.8,200.0,50.0,True,25.0
2025-07-17 10:00:00,40.16,25.6,200.0,50.0,True,25.0
2025-07-17 11:00:00,38.37,42.4,200.0,50.0,True,25.0
2025-07-17 12:00:00,35.71,59.4,200.0,50.0,True,25.0
2025-07-17 13:00:00,34.75,73.6,200.0,50.0,True,25.0
2025-07-17 14:00:00,37.66,83.3,200.0,50.0,True,25.0
2025-07-17 15:00:00,39.82,85.7,200.0,50.0,True,25.0
2025-07-17 16:00:00,45.45,76.2,200.0,50.0,True,25.0
2025-07-17 17:00:00,55.1,55.3,200.0,50.0,True,25.0
2025-07-17 18:00:00,62.63,28.7,200.0,50.0,True,25.0
2025-07-17 19:00:00,66.78,2.1,200.0,50.0,True,25.0
2025-07-17 20:00:00,59.83,0.0,200.0,50.0,True,25.0
2025-07-17 21:00:00,47.77,0.0,200.0,50.0,True,25.0
2025-07-17 22:00:00,36.6,0.0,200.0,50.0,True,25.0
2025-07-17 23:00:00,29.13,0.0,200.0,50.0,True,25.0
2025-07-18 00:00:00,24.12,0.0,200.0,50.0,True,25.0
2025-07-18 01:00:00,21.43,0.0,200.0,50.0,True,25.0
2025-07-18 02:00:00,23.93,0.0,200.0,50.0,True,25.0
2025-07-18 03:00:00,22.36,0.0,200.0,50.0,True,25.0
2025-07-18 04:00:00,22.78,0.0,200.0,50.0,True,25.0
2025-07-18 05:00:00,26.12,0.0,200.0,50.0,True,25.0
2025-07-18 06:00:00,33.09,0.0,200.0,50.0,True,25.0
2025-07-18 07:00:00,39.78,0.0,200.0,50.0,True,25.0
2025-07-18 08:00:00,42.92,4.4,200.0,50.0,True,25.0
2025-07-18 09:00:00,43.14,13.1,200.0,50.0,True,25.0
2025-07-18 10:00:00,38.66,27.5,200.0,50.0,True,25.0
2025-07-18 11:00:00,38.54,41.8,200.0,50.0,True,25.0
2025-07-18 12:00:00,36.21,59.1,200.0,50.0,True,25.0
2025-07-18 13:00:00,36.22,74.6,200.0,50.0,True,25.0
2025-07-18 14:00:00,35.99,86.8,200.0,50.0,True,25.0
2025-07-18 15:00:00,41.86,91.5,200.0,50.0,True,25.0
2025-07-18 16:00:00,45.3,86.2,200.0,50.0,True,25.0
2025-07-18 17:00:00,56.66,65.3,200.0,50.0,True,25.0
2025-07-18 18:00:00,62.71,38.7,200.0,50.0,True,25.0
2025-07-18 19:00:00,66.1,12.1,200.0,50.0,True,25.0
2025-07-18 20:00:00,58.45,0.0,200.0,50.0,True,25.0
2025-07-18 21:00:00,48.09,0.0,200.0,50.0,True,25.0
2025-07-18 22:00:00,38.16,0.0,200.0,50.0,True,25.0
2025-07-18 23:00:00,29.01,0.0,200.0,50.0,True,25.0
2025-07-19 00:00:00,23.44,0.0,200.0,50.0,True,25.0
2025-07-19 01:00:00,20.29,0.0,200.0,50.0,True,25.0
2025-07-19 02:00:00,19.04,0.0,200.0,50.0,True,25.0
2025-07-19 03:00:00,18.84,0.0,200.0,50.0,True,25.0
2025-07-19 04:00:00,20.39,0.0,200.0,50.0,True,25.0
2025-07-19 05:00:00,19.73,0.0,200.0,50.0,True,25.0
2025-07-19 06:00:00,27.73,0.0,200.0,50.0,True,25.0
2025-07-19 07:00:00,34.44,3.3,200.0,50.0,True,25.0
2025-07-19 08:00:00,37.53,13.1,200.0,50.0,True,25.0
2025-07-19 09:00:00,37.91,29.3,200.0,50.0,True,25.0
2025-07-19 10:00:00,37.18,48.4,200.0,50.0,True,25.0
2025-07-19 11:00:00,34.14,71.9,200.0,50.0,True,25.0
2025-07-19 12:00:00,30.56,95.4,200.0,50.0,True,25.0
2025-07-19 13:00:00,30.36,100.0,200.0,50.0,True,25.0
2025-07-19 14:00:00,31.68,100.0,200.0,50.0,True,25.0
2025-07-19 15:00:00,35.81,100.0,200.0,50.0,True,25.0
2025-07-19 16:00:00,40.57,99.5,200.0,50.0,True,25.0
2025-07-19 17:00:00,49.72,84.5,200.0,50.0,True,25.0
2025-07-19 18:00:00,57.1,57.9,200.0,50.0,True,25.0
2025-07-19 19:00:00,58.0,31.3,200.0,50.0,True,25.0
2025-07-19 20:00:00,53.59,4.7,200.0,50.0,True,25.0
2025-07-19 21:00:00,42.02,0.0,200.0,50.0,True,25.0
2025-07-19 22:00:00,36.14,0.0,200.0,50.0,True,25.0
2025-07-19 23:00:00,26.07,0.0,200.0,50.0,True,25.0
2025-07-20 00:00:00,22.84,0.0,200.0,50.0,True,25.0
2025-07-20 01:00:00,22.44,0.0,200.0,50.0,True,25.0
2025-07-20 02:00:00,19.76,0.0,200.0,50.0,True,25.0
2025-07-20 03:00:00,17.86,0.0,200.0,50.0,True,25.0
2025-07-20 04:00:00,21.22,0.0,200.0,50.0,True,25.0
2025-07-20 05:00:00,23.66,0.0,200.0,50.0,True,25.0
2025-07-20 06:00:00,27.29,0.0,200.0,50.0,True,25.0
2025-07-20 07:00:00,37.68,0.9,200.0,50.0,True,25.0
2025-07-20 08:00:00,38.86,9.2,200.0,50.0,True,25.0
2025-07-20 09:00:00,38.39,23.2,200.0,50.0,True,25.0
2025-07-20 10:00:00,37.39,42.7,200.0,50.0,True,25.0
2025-07-20 11:00:00,34.0,65.2,200.0,50.0,True,25.0
2025-07-20 12:00:00,32.73,88.7,200.0,50.0,True,25.0
2025-07-20 13:00:00,32.4,100.0,200.0,50.0,True,25.0
2025-07-20 14:00:00,31.75,100.0,200.0,50.0,True,25.0
2025-07-20 15:00:00,34.6,100.0,200.0,50.0,True,25.0
2025-07-20 16:00:00,42.25,98.8,200.0,50.0,True,25.0
2025-07-20 17:00:00,49.49,83.8,200.0,50.0,True,25.0
2025-07-20 18:00:00,55.29,57.2,200.0,50.0,True,25.0
2025-07-20 19:00:00,57.71,30.6,200.0,50.0,True,25.0
2025-07-20 20:00:00,53.12,4.0,200.0,50.0,True,25.0
2025-07-20 21:00:00,40.47,0.0,200.0,50.0,True,25.0
2025-07-20 22:00:00,33.04,0.0,200.0,50.0,True,25.0
2025-07-20 23:00:00,25.9,0.0,200.0,50.0,True,25.0
2025-07-21 00:00:00,27.01,0.0,200.0,50.0,True,25.0
2025-07-21 01:00:00,22.84,0.0,200.0,50.0,True,25.0
2025-07-21 02:00:00,23.98,0.0,200.0,50.0,True,25.0
2025-07-21 03:00:00,21.12,0.0,200.0,50.0,True,25.0
2025-07-21 04:00:00,22.5,0.0,200.0,50.0,True,25.0
2025-07-21 05:00:00,25.36,0.0,200.0,50.0,True,25.0
2025-07-21 06:00:00,33.31,0.0,200.0,50.0,True,25.0
2025-07-21 07:00:00,38.94,0.0,200.0,50.0,True,25.0
2025-07-21 08:00:00,44.87,0.0,200.0,50.0,True,25.0
2025-07-21 09:00:00,42.4,3.4,200.0,50.0,True,25.0
2025-07-21 10:00:00,40.39,15.4,200.0,50.0,True,25.0
2025-07-21 11:00:00,39.2,28.9,200.0,50.0,True,25.0
2025-07-21 12:00:00,37.9,43.6,200.0,50.0,True,25.0
2025-07-21 13:00:00,36.06,58.7,200.0,50.0,True,25.0
2025-07-21 14:00:00,38.06,66.4,200.0,50.0,True,25.0
2025-07-21 15:00:00,40.12,68.6,200.0,50.0,True,25.0
2025-07-21 16:00:00,46.14,61.5,200.0,50.0,True,25.0
2025-07-21 17:00:00,54.62,41.7,200.0,50.0,True,25.0
2025-07-21 18:00:00,65.9,15.1,200.0,50.0,True,25.0
2025-07-21 19:00:00,65.23,0.0,200.0,50.0,True,25.0
2025-07-21 20:00:00,59.32,0.0,200.0,50.0,True,25.0
2025-07-21 21:00:00,48.85,0.0,200.0,50.0,True,25.0
2025-07-21 22:00:00,37.9,0.0,200.0,50.0,True,25.0
2025-07-21 23:00:00,28.04,0.0,200.0,50.0,True,25.0
2025-07-22 00:00:00,26.45,0.0,200.0,50.0,True,25.0
2025-07-22 01:00:00,22.74,0.0,200.0,50.0,True,25.0
2025-07-22 02:00:00,24.05,0.0,200.0,50.0,True,25.0
2025-07-22 03:00:00,20.53,0.0,200.0,50.0,True,25.0
2025-07-22 04:00:00,23.21,0.0,200.0,50.0,True,25.0
2025-07-22 05:00:00,25.08,0.0,200.0,50.0,True,25.0
2025-07-22 06:00:00,29.45,0.0,200.0,50.0,True,25.0
2025-07-22 07:00:00,38.73,0.0,200.0,50.0,True,25.0
2025-07-22 08:00:00,43.38,0.0,200.0,50.0,True,25.0
2025-07-22 09:00:00,43.54,0.0,200.0,50.0,True,25.0
2025-07-22 10:00:00,38.09,0.0,200.0,50.0,True,25.0
2025-07-22 11:00:00,38.9,0.9,200.0,50.0,True,25.0
2025-07-22 12:00:00,36.87,7.0,200.0,50.0,True,25.0
2025-07-22 13:00:00,33.4,16.1,200.0,50.0,True,25.0
2025-07-22 14:00:00,35.62,23.3,200.0,50.0,True,25.0
2025-07-22 15:00:00,39.47,26.4,200.0,50.0,True,25.0
2025-07-22 16:00:00,46.26,18.6,200.0,50.0,True,25.0
2025-07-22 17:00:00,57.58,0.0,200.0,50.0,True,25.0
2025-07-22 18:00:00,64.81,0.0,200.0,50.0,True,25.0
2025-07-22 19:00:00,65.02,0.0,200.0,50.0,True,25.0
2025-07-22 20:00:00,58.68,0.0,200.0,50.0,True,25.0
2025-07-22 21:00:00,46.25,0.0,200.0,50.0,True,25.0
2025-07-22 22:00:00,36.12,0.0,200.0,50.0,True,25.0
2025-07-22 23:00:00,27.8,0.0,200.0,50.0,True,25.0
2025-07-23 00:00:00,24.98,0.0,200.0,50.0,True,25.0
2025-07-23 01:00:00,23.1,0.0,200.0,50.0,True,25.0
2025-07-23 02:00:00,21.76,0.0,200.0,50.0,True,25.0
2025-07-23 03:00:00,20.63,0.0,200.0,50.0,True,25.0
2025-07-23 04:00:00,21.5,0.0,200.0,50.0,True,25.0
2025-07-23 05:00:00,24.41,0.0,200.0,50.0,True,25.0
2025-07-23 06:00:00,32.52,0.0,200.0,50.0,True,25.0
2025-07-23 07:00:00,41.05,0.0,200.0,50.0,True,25.0
2025-07-23 08:00:00,44.91,2.5,200.0,50.0,True,25.0
2025-07-23 09:00:00,43.56,8.4,200.0,50.0,True,25.0
2025-07-23 10:00:00,41.53,20.2,200.0,50.0,True,25.0
2025-07-23 11:00:00,40.21,34.0,200.0,50.0,True,25.0
2025-07-23 12:00:00,37.28,49.3,200.0,50.0,True,25.0
2025-07-23 13:00:00,35.67,63.6,200.0,50.0,True,25.0
2025-07-23 14:00:00,35.86,75.8,200.0,50.0,True,25.0
2025-07-23 15:00:00,39.43,77.5,200.0,50.0,True,25.0
2025-07-23 16:00:00,47.26,68.6,200.0,50.0,True,25.0
2025-07-23 17:00:00,55.69,47.7,200.0,50.0,True,25.0
2025-07-23 18:00:00,61.89,21.1,200.0,50.0,True,25.0
2025-07-23 19:00:00,62.94,0.0,200.0,50.0,True,25.0
2025-07-23 20:00:00,62.25,0.0,200.0,50.0,True,25.0
2025-07-23 21:00:00,46.94,0.0,200.0,50.0,True,25.0
2025-07-23 22:00:00,35.75,0.0,200.0,50.0,True,25.0
2025-07-23 23:00:00,30.35,0.0,200.0,50.0,True,25.0
2025-07-24 00:00:00,23.57,0.0,200.0,50.0,True,25.0
2025-07-24 01:00:00,23.74,0.0,200.0,50.0,True,25.0
2025-07-24 02:00:00,24.51,0.0,200.0,50.0,True,25.0
2025-07-24 03:00:00,23.71,0.0,200.0,50.0,True,25.0
2025-07-24 04:00:00,21.79,0.0,200.0,50.0,True,25.0
2025-07-24 05:00:00,25.01,0.0,200.0,50.0,True,25.0
2025-07-24 06:00:00,30.32,0.0,200.0,50.0,True,25.0
2025-07-24 07:00:00,40.4,0.0,200.0,50.0,True,25.0
2025-07-24 08:00:00,45.83,4.2,200.0,50.0,True,25.0
2025-07-24 09:00:00,40.67,15.1,200.0,50.0,True,25.0
2025-07-24 10:00:00,41.2,31.4,200.0,50.0,True,25.0
2025-07-24 11:00:00,38.26,52.1,200.0,50.0,True,25.0
2025-07-24 12:00:00,38.21,71.0,200.0,50.0,True,25.0
2025-07-24 13:00:00,37.0,89.8,200.0,50.0,True,25.0
2025-07-24 14:00:00,36.08,100.0,200.0,50.0,True,25.0
2025-07-24 15:00:00,40.29,100.0,200.0,50.0,True,25.0
2025-07-24 16:00:00,47.27,93.8,200.0,50.0,True,25.0
2025-07-24 17:00:00,57.0,72.8,200.0,50.0,True,25.0
2025-07-24 18:00:00,60.55,46.2,200.0,50.0,True,25.0
2025-07-24 19:00:00,66.51,19.6,200.0,50.0,True,25.0
2025-07-24 20:00:00,61.65,0.0,200.0,50.0,True,25.0
2025-07-24 21:00:00,48.43,0.0,200.0,50.0,True,25.0
2025-07-24 22:00:00,37.71,0.0,200.0,50.0,True,25.0
2025-07-24 23:00:00,30.41,0.0,200.0,50.0,True,25.0
2025-07-25 00:00:00,25.29,0.0,200.0,50.0,True,25.0
2025-07-25 01:00:00,24.07,0.0,200.0,50.0,True,25.0
2025-07-25 02:00:00,22.34,0.0,200.0,50.0,True,25.0
2025-07-25 03:00:00,21.11,0.0,200.0,50.0,True,25.0
2025-07-25 04:00:00,21.53,0.0,200.0,50.0,True,25.0
2025-07-25 05:00:00,25.23,0.0,200.0,50.0,True,25.0
2025-07-25 06:00:00,33.06,0.0,200.0,50.0,True,25.0
2025-07-25 07:00:00,39.34,0.0,200.0,50.0,True,25.0
2025-07-25 08:00:00,45.01,3.9,200.0,50.0,True,25.0
2025-07-25 09:00:00,42.73,16.0,200.0,50.0,True,25.0
2025-07-25 10:00:00,42.19,31.8,200.0,50.0,True,25.0
2025-07-25 11:00:00,40.49,51.0,200.0,50.0,True,25.0
2025-07-25 12:00:00,35.46,72.7,200.0,50.0,True,25.0
2025-07-25 13:00:00,34.73,89.8,200.0,50.0,True,25.0
2025-07-25 14:00:00,35.95,100.0,200.0,50.0,True,25.0
2025-07-25 15:00:00,39.84,100.0,200.0,50.0,True,25.0
2025-07-25 16:00:00,45.71,95.3,200.0,50.0,True,25.0
2025-07-25 17:00:00,56.23,75.3,200.0,50.0,True,25.0
2025-07-25 18:00:00,62.49,48.7,200.0,50.0,True,25.0
2025-07-25 19:00:00,64.59,22.1,200.0,50.0,True,25.0
2025-07-25 20:00:00,58.72,0.0,200.0,50.0,True,25.0
2025-07-25 21:00:00,48.71,0.0,200.0,50.0,True,25.0
2025-07-25 22:00:00,36.49,0.0,200.0,50.0,True,25.0
2025-07-25 23:00:00,28.58,0.0,200.0,50.0,True,25.0
2025-07-26 00:00:00,21.01,0.0,200.0,50.0,True,25.0
2025-07-26 01:00:00,18.4,0.0,200.0,50.0,True,25.0
2025-07-26 02:00:00,21.6,0.0,200.0,50.0,True,25.0
2025-07-26 03:00:00,18.28,0.0,200.0,50.0,True,25.0
2025-07-26 04:00:00,22.9,0.0,200.0,50.0,True,25.0
2025-07-26 05:00:00,22.94,0.0,200.0,50.0,True,25.0
2025-07-26 06:00:00,29.29,0.0,200.0,50.0,True,25.0
2025-07-26 07:00:00,36.76,1.2,200.0,50.0,True,25.0
2025-07-26 08:00:00,39.14,10.0,200.0,50.0,True,25.0
2025-07-26 09:00:00,36.54,25.1,200.0,50.0,True,25.0
2025-07-26 10:00:00,34.39,45.3,200.0,50.0,True,25.0
2025-07-26 11:00:00,35.21,66.4,200.0,50.0,True,25.0
2025-07-26 12:00:00,32.5,89.9,200.0,50.0,True,25.0
2025-07-26 13:00:00,31.9,100.0,200.0,50.0,True,25.0
2025-07-26 14:00:00,33.15,100.0,200.0,50.0,True,25.0
2025-07-26 15:00:00,35.99,100.0,200.0,50.0,True,25.0
2025-07-26 16:00:00,40.08,99.9,200.0,50.0,True,25.0
2025-07-26 17:00:00,50.33,83.9,200.0,50.0,True,25.0
2025-07-26 18:00:00,55.65,57.3,200.0,50.0,True,25.0
2025-07-26 19:00:00,57.69,30.7,200.0,50.0,True,25.0
2025-07-26 20:00:00,53.36,4.1,200.0,50.0,True,25.0
2025-07-26 21:00:00,42.27,0.0,200.0,50.0,True,25.0
2025-07-26 22:00:00,30.0,0.0,200.0,50.0,True,25.0
2025-07-26 23:00:00,26.65,0.0,200.0,50.0,True,25.0
2025-07-27 00:00:00,23.52,0.0,200.0,50.0,True,25.0
2025-07-27 01:00:00,18.12,0.0,200.0,50.0,True,25.0
2025-07-27 02:00:00,18.39,0.0,200.0,50.0,True,25.0
2025-07-27 03:00:00,21.06,0.0,200.0,50.0,True,25.0
2025-07-27 04:00:00,19.92,0.0,200.0,50.0,True,25.0
2025-07-27 05:00:00,22.02,0.0,200.0,50.0,True,25.0
2025-07-27 06:00:00,26.58,0.0,200.0,50.0,True,25.0
2025-07-27 07:00:00,34.32,3.2,200.0,50.0,True,25.0
2025-07-27 08:00:00,38.71,12.2,200.0,50.0,True,25.0
2025-07-27 09:00:00,38.42,27.8,200.0,50.0,True,25.0
2025-07-27 10:00:00,35.54,47.8,200.0,50.0,True,25.0
2025-07-27 11:00:00,34.6,69.8,200.0,50.0,True,25.0
2025-07-27 12:00:00,34.29,92.8,200.0,50.0,True,25.0
2025-07-27 13:00:00,30.46,100.0,200.0,50.0,True,25.0
2025-07-27 14:00:00,32.54,100.0,200.0,50.0,True,25.0
2025-07-27 15:00:00,36.76,100.0,200.0,50.0,True,25.0
2025-07-27 16:00:00,39.52,99.0,200.0,50.0,True,25.0
2025-07-27 17:00:00,49.32,82.5,200.0,50.0,True,25.0
2025-07-27 18:00:00,58.13,55.9,200.0,50.0,True,25.0
2025-07-27 19:00:00,57.16,29.3,200.0,50.0,True,25.0
2025-07-27 20:00:00,53.77,2.7,200.0,50.0,True,25.0
2025-07-27 21:00:00,42.16,0.0,200.0,50.0,True,25.0
2025-07-27 22:00:00,34.33,0.0,200.0,50.0,True,25.0
2025-07-27 23:00:00,23.43,0.0,200.0,50.0,True,25.0
2025-07-28 00:00:00,25.09,0.0,200.0,50.0,True,25.0
2025-07-28 01:00:00,21.31,0.0,200.0,50.0,True,25.0
2025-07-28 02:00:00,21.48,0.0,200.0,50.0,True,25.0
2025-07-28 03:00:00,20.31,0.0,200.0,50.0,True,25.0
2025-07-28 04:00:00,22.0,0.0,200.0,50.0,True,25.0
2025-07-28 05:00:00,23.58,0.0,200.0,50.0,True,25.0
2025-07-28 06:00:00,30.7,0.0,200.0,50.0,True,25.0
2025-07-28 07:00:00,40.95,0.0,200.0,50.0,True,25.0
2025-07-28 08:00:00,42.41,0.0,200.0,50.0,True,25.0
2025-07-28 09:00:00,41.56,2.1,200.0,50.0,True,25.0
2025-07-28 10:00:00,43.45,10.9,200.0,50.0,True,25.0
2025-07-28 11:00:00,38.87,24.5,200.0,50.0,True,25.0
2025-07-28 12:00:00,34.37,38.1,200.0,50.0,True,25.0
2025-07-28 13:00:00,33.72,52.2,200.0,50.0,True,25.0
2025-07-28 14:00:00,36.83,59.0,200.0,50.0,True,25.0
2025-07-28 15:00:00,40.52,57.8,200.0,50.0,True,25.0
2025-07-28 16:00:00,45.47,49.1,200.0,50.0,True,25.0
2025-07-28 17:00:00,58.43,26.3,200.0,50.0,True,25.0
2025-07-28 18:00:00,66.63,0.0,200.0,50.0,True,25.0
2025-07-28 19:00:00,65.1,0.0,200.0,50.0,True,25.0
2025-07-28 20:00:00,60.69,0.0,200.0,50.0,True,25.0
2025-07-28 21:00:00,49.21,0.0,200.0,50.0,True,25.0
2025-07-28 22:00:00,37.82,0.0,200.0,50.0,True,25.0
2025-07-28 23:00:00,28.09,0.0,200.0,50.0,True,25.0
2025-07-29 00:00:00,27.33,0.0,200.0,50.0,True,25.0
2025-07-29 01:00:00,23.0,0.0,200.0,50.0,True,25.0
2025-07-29 02:00:00,22.82,0.0,200.0,50.0,True,25.0
2025-07-29 03:00:00,21.16,0.0,200.0,50.0,True,25.0
2025-07-29 04:00:00,22.15,0.0,200.0,50.0,True,25.0
2025-07-29 05:00:00,25.34,0.0,200.0,50.0,True,25.0
2025-07-29 06:00:00,29.35,0.0,200.0,50.0,True,25.0
2025-07-29 07:00:00,38.03,0.0,200.0,50.0,True,25.0
2025-07-29 08:00:00,43.99,0.0,200.0,50.0,True,25.0
2025-07-29 09:00:00,41.26,8.6,200.0,50.0,True,25.0
2025-07-29 10:00:00,41.05,20.7,200.0,50.0,True,25.0
2025-07-29 11:00:00,38.99,36.8,200.0,50.0,True,25.0
2025-07-29 12:00:00,36.56,52.1,200.0,50.0,True,25.0
2025-07-29 13:00:00,37.17,64.3,200.0,50.0,True,25.0
2025-07-29 14:00:00,36.54,74.8,200.0,50.0,True,25.0
2025-07-29 15:00:00,38.64,77.2,200.0,50.0,True,25.0
2025-07-29 16:00:00,45.9,68.1,200.0,50.0,True,25.0
2025-07-29 17:00:00,57.19,45.3,200.0,50.0,True,25.0
2025-07-29 18:00:00,61.22,18.7,200.0,50.0,True,25.0
2025-07-29 19:00:00,65.29,0.0,200.0,50.0,True,25.0
2025-07-29 20:00:00,60.32,0.0,200.0,50.0,True,25.0
2025-07-29 21:00:00,51.27,0.0,200.0,50.0,True,25.0
2025-07-29 22:00:00,38.0,0.0,200.0,50.0,True,25.0
2025-07-29 23:00:00,29.01,0.0,200.0,50.0,True,25.0
2025-07-30 00:00:00,25.63,0.0,200.0,50.0,True,25.0
2025-07-30 01:00:00,20.8,0.0,200.0,50.0,True,25.0
2025-07-30 02:00:00,21.05,0.0,200.0,50.0,True,25.0
2025-07-30 03:00:00,21.94,0.0,200.0,50.0,True,25.0
2025-07-30 04:00:00,22.5,0.0,200.0,50.0,True,25.0
2025-07-30 05:00:00,25.35,0.0,200.0,50.0,True,25.0
2025-07-30 06:00:00,30.81,0.0,200.0,50.0,True,25.0
2025-07-30 07:00:00,40.38,0.0,200.0,50.0,True,25.0
2025-07-30 08:00:00,44.36,0.0,200.0,50.0,True,25.0
2025-07-30 09:00:00,41.04,0.0,200.0,50.0,True,25.0
2025-07-30 10:00:00,40.11,1.0,200.0,50.0,True,25.0
2025-07-30 11:00:00,36.97,3.4,200.0,50.0,True,25.0
2025-07-30 12:00:00,35.8,5.9,200.0,50.0,True,25.0
2025-07-30 13:00:00,36.82,8.2,200.0,50.0,True,25.0
2025-07-30 14:00:00,36.32,11.9,200.0,50.0,True,25.0
2025-07-30 15:00:00,41.1,10.7,200.0,50.0,True,25.0
2025-07-30 16:00:00,46.29,0.0,200.0,50.0,True,25.0
2025-07-30 17:00:00,55.31,0.0,200.0,50.0,True,25.0
2025-07-30 18:00:00,62.25,0.0,200.0,50.0,True,25.0
2025-07-30 19:00:00,64.91,0.0,200.0,50.0,True,25.0
2025-07-30 20:00:00,59.84,0.0,200.0,50.0,True,25.0
2025-07-30 21:00:00,48.77,0.0,200.0,50.0,True,25.0
2025-07-30 22:00:00,36.69,0.0,200.0,50.0,True,25.0
2025-07-30 23:00:00,29.63,0.0,200.0,50.0,True,25.0
2025-07-31 00:00:00,23.17,0.0,200.0,50.0,True,25.0
2025-07-31 01:00:00,24.11,0.0,200.0,50.0,True,25.0
2025-07-31 02:00:00,20.95,0.0,200.0,50.0,True,25.0
2025-07-31 03:00:00,22.33,0.0,200.0,50.0,True,25.0
2025-07-31 04:00:00,22.91,0.0,200.0,50.0,True,25.0
2025-07-31 05:00:00,22.75,0.0,200.0,50.0,True,25.0
2025-07-31 06:00:00,31.65,0.0,200.0,50.0,True,25.0
2025-07-31 07:00:00,41.57,0.0,200.0,50.0,True,25.0
2025-07-31 08:00:00,45.73,0.0,200.0,50.0,True,25.0
2025-07-31 09:00:00,41.38,6.2,200.0,50.0,True,25.0
2025-07-31 10:00:00,40.59,14.0,200.0,50.0,True,25.0
2025-07-31 11:00:00,39.29,25.0,200.0,50.0,True,25.0
2025-07-31 12:00:00,37.41,35.7,200.0,50.0,True,25.0
2025-07-31 13:00:00,35.87,41.8,200.0,50.0,True,25.0
2025-07-31 14:00:00,36.02,44.3,200.0,50.0,True,25.0
2025-07-31 15:00:00,41.56,36.2,200.0,50.0,True,25.0
2025-07-31 16:00:00,47.34,23.0,200.0,50.0,True,25.0
2025-07-31 17:00:00,55.57,0.0,200.0,50.0,True,25.0
2025-07-31 18:00:00,62.51,0.0,200.0,50.0,True,25.0
2025-07-31 19:00:00,64.5,0.0,200.0,50.0,True,25.0
2025-07-31 20:00:00,61.24,0.0,200.0,50.0,True,25.0
2025-07-31 21:00:00,49.21,0.0,200.0,50.0,True,25.0
2025-07-31 22:00:00,36.51,0.0,200.0,50.0,True,25.0
2025-07-31 23:00:00,28.6,0.0,200.0,50.0,True,25.0
2025-08-01 00:00:00,22.87,0.0,200.0,50.0,True,25.0
2025-08-01 01:00:00,22.96,0.0,200.0,50.0,True,25.0
2025-08-01 02:00:00,20.87,0.0,200.0,50.0,True,25.0
2025-08-01 03:00:00,21.33,0.0,200.0,50.0,True,25.0
2025-08-01 04:00:00,23.72,0.0,200.0,50.0,True,25.0
2025-08-01 05:00:00,23.81,0.0,200.0,50.0,True,25.0
2025-08-01 06:00:00,31.04,0.0,200.0,50.0,True,25.0
2025-08-01 07:00:00,41.56,0.0,200.0,50.0,True,25.0
2025-08-01 08:00:00,44.47,3.9,200.0,50.0,True,25.0
2025-08-01 09:00:00,41.66,16.2,200.0,50.0,True,25.0
2025-08-01 10:00:00,40.38,34.1,200.0,50.0,True,25.0
2025-08-01 11:00:00,39.59,54.1,200.0,50.0,True,25.0
2025-08-01 12:00:00,36.84,75.1,200.0,50.0,True,25.0
2025-08-01 13:00:00,35.36,94.0,200.0,50.0,True,25.0
2025-08-01 14:00:00,37.91,100.0,200.0,50.0,True,25.0
2025-08-01 15:00:00,40.98,100.0,200.0,50.0,True,25.0
2025-08-01 16:00:00,44.69,95.2,200.0,50.0,True,25.0
2025-08-01 17:00:00,56.5,75.3,200.0,50.0,True,25.0
2025-08-01 18:00:00,64.57,48.7,200.0,50.0,True,25.0
2025-08-01 19:00:00,63.87,22.1,200.0,50.0,True,25.0
2025-08-01 20:00:00,56.86,0.0,200.0,50.0,True,25.0
2025-08-01 21:00:00,46.8,0.0,200.0,50.0,True,25.0
2025-08-01 22:00:00,36.4,0.0,200.0,50.0,True,25.0
2025-08-01 23:00:00,30.04,0.0,200.0,50.0,True,25.0
2025-08-02 00:00:00,20.91,0.0,200.0,50.0,True,25.0
2025-08-02 01:00:00,20.96,0.0,200.0,50.0,True,25.0
2025-08-02 02:00:00,16.14,0.0,200.0,50.0,True,25.0
2025-08-02 03:00:00,18.82,0.0,200.0,50.0,True,25.0
2025-08-02 04:00:00,19.13,0.0,200.0,50.0,True,25.0
2025-08-02 05:00:00,24.5,0.0,200.0,50.0,True,25.0
2025-08-02 06:00:00,24.79,0.0,200.0,50.0,True,25.0
2025-08-02 07:00:00,35.49,1.3,200.0,50.0,True,25.0
2025-08-02 08:00:00,36.61,9.9,200.0,50.0,True,25.0
2025-08-02 09:00:00,36.54,24.8,200.0,50.0,True,25.0
2025-08-02 10:00:00,33.47,46.4,200.0,50.0,True,25.0
2025-08-02 11:00:00,36.58,69.5,200.0,50.0,True,25.0
2025-08-02 12:00:00,31.7,93.0,200.0,50.0,True,25.0
2025-08-02 13:00:00,30.86,100.0,200.0,50.0,True,25.0
2025-08-02 14:00:00,32.08,100.0,200.0,50.0,True,25.0
2025-08-02 15:00:00,34.15,100.0,200.0,50.0,True,25.0
2025-08-02 16:00:00,41.85,97.8,200.0,50.0,True,25.0
2025-08-02 17:00:00,49.81,81.6,200.0,50.0,True,25.0
2025-08-02 18:00:00,56.9,55.0,200.0,50.0,True,25.0
2025-08-02 19:00:00,56.03,28.4,200.0,50.0,True,25.0
2025-08-02 20:00:00,53.78,1.8,200.0,50.0,True,25.0
2025-08-02 21:00:00,43.5,0.0,200.0,50.0,True,25.0
2025-08-02 22:00:00,31.85,0.0,200.0,50.0,True,25.0
2025-08-02 23:00:00,26.44,0.0,200.0,50.0,True,25.0
2025-08-03 00:00:00,22.3,0.0,200.0,50.0,True,25.0
2025-08-03 01:00:00,18.37,0.0,200.0,50.0,True,25.0
2025-08-03 02:00:00,19.39,0.0,200.0,50.0,True,25.0
2025-08-03 03:00:00,18.02,0.0,200.0,50.0,True,25.0
2025-08-03 04:00:00,19.71,0.0,200.0,50.0,True,25.0
2025-08-03 05:00:00,23.2,0.0,200.0,50.0,True,25.0
2025-08-03 06:00:00,25.08,0.0,200.0,50.0,True,25.0
2025-08-03 07:00:00,34.97,0.0,200.0,50.0,True,25.0
2025-08-03 08:00:00,37.89,2.4,200.0,50.0,True,25.0
2025-08-03 09:00:00,36.26,10.2,200.0,50.0,True,25.0
2025-08-03 10:00:00,34.51,24.0,200.0,50.0,True,25.0
2025-08-03 11:00:00,33.89,40.5,200.0,50.0,True,25.0
2025-08-03 12:00:00,32.75,55.5,200.0,50.0,True,25.0
2025-08-03 13:00:00,31.52,70.0,200.0,50.0,True,25.0
2025-08-03 14:00:00,32.34,74.0,200.0,50.0,True,25.0
2025-08-03 15:00:00,36.25,75.7,200.0,50.0,True,25.0
2025-08-03 16:00:00,43.43,66.9,200.0,50.0,True,25.0
2025-08-03 17:00:00,49.19,48.0,200.0,50.0,True,25.0
2025-08-03 18:00:00,57.01,21.4,200.0,50.0,True,25.0
2025-08-03 19:00:00,58.63,0.0,200.0,50.0,True,25.0
2025-08-03 20:00:00,54.54,0.0,200.0,50.0,True,25.0
2025-08-03 21:00:00,42.93,0.0,200.0,50.0,True,25.0
2025-08-03 22:00:00,31.11,0.0,200.0,50.0,True,25.0
2025-08-03 23:00:00,25.72,0.0,200.0,50.0,True,25.0
2025-08-04 00:00:00,25.27,0.0,200.0,50.0,True,25.0
2025-08-04 01:00:00,24.02,0.0,200.0,50.0,True,25.0
2025-08-04 02:00:00,21.23,0.0,200.0,50.0,True,25.0
2025-08-04 03:00:00,22.64,0.0,200.0,50.0,True,25.0
2025-08-04 04:00:00,22.28,0.0,200.0,50.0,True,25.0
2025-08-04 05:00:00,25.97,0.0,200.0,50.0,True,25.0
2025-08-04 06:00:00,31.1,0.0,200.0,50.0,True,25.0
2025-08-04 07:00:00,40.47,0.0,200.0,50.0,True,25.0
2025-08-04 08:00:00,44.45,3.7,200.0,50.0,True,25.0
2025-08-04 09:00:00,43.05,14.5,200.0,50.0,True,25.0
2025-08-04 10:00:00,42.68,29.2,200.0,50.0,True,25.0
2025-08-04 11:00:00,35.99,48.9,200.0,50.0,True,25.0
2025-08-04 12:00:00,37.13,68.7,200.0,50.0,True,25.0
2025-08-04 13:00:00,35.39,87.7,200.0,50.0,True,25.0
2025-08-04 14:00:00,36.27,100.0,200.0,50.0,True,25.0
2025-08-04 15:00:00,37.49,100.0,200.0,50.0,True,25.0
2025-08-04 16:00:00,46.78,93.3,200.0,50.0,True,25.0
2025-08-04 17:00:00,55.54,73.6,200.0,50.0,True,25.0
2025-08-04 18:00:00,62.37,47.0,200.0,50.0,True,25.0
2025-08-04 19:00:00,65.34,20.4,200.0,50.0,True,25.0
2025-08-04 20:00:00,59.18,0.0,200.0,50.0,True,25.0
2025-08-04 21:00:00,45.92,0.0,200.0,50.0,True,25.0
2025-08-04 22:00:00,36.59,0.0,200.0,50.0,True,25.0
2025-08-04 23:00:00,29.5,0.0,200.0,50.0,True,25.0
2025-08-05 00:00:00,24.3,0.0,200.0,50.0,True,25.0
2025-08-05 01:00:00,23.35,0.0,200.0,50.0,True,25.0
2025-08-05 02:00:00,22.4,0.0,200.0,50.0,True,25.0
2025-08-05 03:00:00,22.37,0.0,200.0,50.0,True,25.0
2025-08-05 04:00:00,22.14,0.0,200.0,50.0,True,25.0
2025-08-05 05:00:00,25.92,0.0,200.0,50.0,True,25.0
2025-08-05 06:00:00,30.34,0.0,200.0,50.0,True,25.0
2025-08-05 07:00:00,42.67,0.0,200.0,50.0,True,25.0
2025-08-05 08:00:00,43.63,2.3,200.0,50.0,True,25.0
2025-08-05 09:00:00,41.41,12.5,200.0,50.0,True,25.0
2025-08-05 10:00:00,40.19,28.1,200.0,50.0,True,25.0
2025-08-05 11:00:00,37.52,47.6,200.0,50.0,True,25.0
2025-08-05 12:00:00,34.97,64.9,200.0,50.0,True,25.0
2025-08-05 13:00:00,36.19,81.2,200.0,50.0,True,25.0
2025-08-05 14:00:00,32.8,96.2,200.0,50.0,True,25.0
2025-08-05 15:00:00,39.45,100.0,200.0,50.0,True,25.0
2025-08-05 16:00:00,44.46,93.7,200.0,50.0,True,25.0
2025-08-05 17:00:00,55.84,73.0,200.0,50.0,True,25.0
2025-08-05 18:00:00,60.72,46.4,200.0,50.0,True,25.0
2025-08-05 19:00:00,65.92,19.8,200.0,50.0,True,25.0
2025-08-05 20:00:00,60.29,0.0,200.0,50.0,True,25.0
2025-08-05 21:00:00,46.03,0.0,200.0,50.0,True,25.0
2025-08-05 22:00:00,36.7,0.0,200.0,50.0,True,25.0
2025-08-05 23:00:00,29.41,0.0,200.0,50.0,True,25.0
2025-08-06 00:00:00,26.07,0.0,200.0,50.0,True,25.0
2025-08-06 01:00:00,21.26,0.0,200.0,50.0,True,25.0
2025-08-06 02:00:00,20.33,0.0,200.0,50.0,True,25.0
2025-08-06 03:00:00,22.91,0.0,200.0,50.0,True,25.0
2025-08-06 04:00:00,21.27,0.0,200.0,50.0,True,25.0
2025-08-06 05:00:00,24.31,0.0,200.0,50.0,True,25.0
2025-08-06 06:00:00,31.46,0.0,200.0,50.0,True,25.0
2025-08-06 07:00:00,38.89,0.0,200.0,50.0,True,25.0
2025-08-06 08:00:00,43.81,0.0,200.0,50.0,True,25.0
2025-08-06 09:00:00,43.28,0.2,200.0,50.0,True,25.0
2025-08-06 10:00:00,38.59,6.8,200.0,50.0,True,25.0
2025-08-06 11:00:00,37.78,19.1,200.0,50.0,True,25.0
2025-08-06 12:00:00,35.11,27.1,200.0,50.0,True,25.0
2025-08-06 13:00:00,34.38,33.2,200.0,50.0,True,25.0
2025-08-06 14:00:00,37.88,35.9,200.0,50.0,True,25.0
2025-08-06 15:00:00,41.98,33.9,200.0,50.0,True,25.0
2025-08-06 16:00:00,46.36,17.9,200.0,50.0,True,25.0
2025-08-06 17:00:00,56.28,0.0,200.0,50.0,True,25.0
2025-08-06 18:00:00,63.93,0.0,200.0,50.0,True,25.0
2025-08-06 19:00:00,64.43,0.0,200.0,50.0,True,25.0
2025-08-06 20:00:00,59.77,0.0,200.0,50.0,True,25.0
2025-08-06 21:00:00,46.42,0.0,200.0,50.0,True,25.0
2025-08-06 22:00:00,35.31,0.0,200.0,50.0,True,25.0
2025-08-06 23:00:00,28.68,0.0,200.0,50.0,True,25.0
2025-08-07 00:00:00,23.66,0.0,200.0,50.0,True,25.0
2025-08-07 01:00:00,21.49,0.0,200.0,50.0,True,25.0
2025-08-07 02:00:00,21.39,0.0,200.0,50.0,True,25.0
2025-08-07 03:00:00,22.47,0.0,200.0,50.0,True,25.0
2025-08-07 04:00:00,24.12,0.0,200.0,50.0,True,25.0
2025-08-07 05:00:00,24.89,0.0,200.0,50.0,True,25.0
2025-08-07 06:00:00,31.39,0.0,200.0,50.0,True,25.0
2025-08-07 07:00:00,39.6,0.0,200.0,50.0,True,25.0
2025-08-07 08:00:00,41.63,0.6,200.0,50.0,True,25.0
2025-08-07 09:00:00,41.12,9.0,200.0,50.0,True,25.0
2025-08-07 10:00:00,39.91,21.9,200.0,50.0,True,25.0
2025-08-07 11:00:00,38.53,35.5,200.0,50.0,True,25.0
2025-08-07 12:00:00,36.32,49.1,200.0,50.0,True,25.0
2025-08-07 13:00:00,34.95,60.8,200.0,50.0,True,25.0
2025-08-07 14:00:00,35.75,70.7,200.0,50.0,True,25.0
2025-08-07 15:00:00,40.69,74.2,200.0,50.0,True,25.0
2025-08-07 16:00:00,44.4,67.7,200.0,50.0,True,25.0
2025-08-07 17:00:00,56.58,46.4,200.0,50.0,True,25.0
2025-08-07 18:00:00,62.59,19.9,200.0,50.0,True,25.0
2025-08-07 19:00:00,67.69,0.0,200.0,50.0,True,25.0
2025-08-07 20:00:00,59.08,0.0,200.0,50.0,True,25.0
2025-08-07 21:00:00,47.37,0.0,200.0,50.0,True,25.0
2025-08-07 22:00:00,35.77,0.0,200.0,50.0,True,25.0
2025-08-07 23:00:00,28.21,0.0,200.0,50.0,True,25.0
2025-08-08 00:00:00,25.65,0.0,200.0,50.0,True,25.0
2025-08-08 01:00:00,22.95,0.0,200.0,50.0,True,25.0
2025-08-08 02:00:00,23.42,0.0,200.0,50.0,True,25.0
2025-08-08 03:00:00,21.65,0.0,200.0,50.0,True,25.0
2025-08-08 04:00:00,22.28,0.0,200.0,50.0,True,25.0
2025-08-08 05:00:00,25.37,0.0,200.0,50.0,True,25.0
2025-08-08 06:00:00,32.11,0.0,200.0,50.0,True,25.0
2025-08-08 07:00:00,41.05,0.0,200.0,50.0,True,25.0
2025-08-08 08:00:00,44.43,4.1,200.0,50.0,True,25.0
2025-08-08 09:00:00,42.68,17.0,200.0,50.0,True,25.0
2025-08-08 10:00:00,38.88,35.0,200.0,50.0,True,25.0
2025-08-08 11:00:00,41.43,53.5,200.0,50.0,True,25.0
2025-08-08 12:00:00,37.06,74.9,200.0,50.0,True,25.0
2025-08-08 13:00:00,36.03,94.7,200.0,50.0,True,25.0
2025-08-08 14:00:00,36.39,100.0,200.0,50.0,True,25.0
2025-08-08 15:00:00,37.5,100.0,200.0,50.0,True,25.0
2025-08-08 16:00:00,45.69,95.4,200.0,50.0,True,25.0
2025-08-08 17:00:00,55.69,74.9,200.0,50.0,True,25.0
2025-08-08 18:00:00,62.28,48.3,200.0,50.0,True,25.0
2025-08-08 19:00:00,64.18,21.7,200.0,50.0,True,25.0
2025-08-08 20:00:00,59.02,0.0,200.0,50.0,True,25.0
2025-08-08 21:00:00,48.85,0.0,200.0,50.0,True,25.0
2025-08-08 22:00:00,37.93,0.0,200.0,50.0,True,25.0
2025-08-08 23:00:00,28.96,0.0,200.0,50.0,True,25.0
2025-08-09 00:00:00,21.24,0.0,200.0,50.0,True,25.0
2025-08-09 01:00:00,19.8,0.0,200.0,50.0,True,25.0
2025-08-09 02:00:00,19.68,0.0,200.0,50.0,True,25.0
2025-08-09 03:00:00,18.81,0.0,200.0,50.0,True,25.0
2025-08-09 04:00:00,20.08,0.0,200.0,50.0,True,25.0
2025-08-09 05:00:00,21.39,0.0,200.0,50.0,True,25.0
2025-08-09 06:00:00,27.62,0.0,200.0,50.0,True,25.0
2025-08-09 07:00:00,35.95,0.0,200.0,50.0,True,25.0
2025-08-09 08:00:00,38.31,6.1,200.0,50.0,True,25.0
2025-08-09 09:00:00,35.03,18.9,200.0,50.0,True,25.0
2025-08-09 10:00:00,34.35,34.6,200.0,50.0,True,25.0
2025-08-09 11:00:00,35.61,50.7,200.0,50.0,True,25.0
2025-08-09 12:00:00,30.01,72.3,200.0,50.0,True,25.0
2025-08-09 13:00:00,32.61,91.5,200.0,50.0,True,25.0
2025-08-09 14:00:00,29.96,100.0,200.0,50.0,True,25.0
2025-08-09 15:00:00,34.48,100.0,200.0,50.0,True,25.0
2025-08-09 16:00:00,40.02,97.6,200.0,50.0,True,25.0
2025-08-09 17:00:00,51.04,79.2,200.0,50.0,True,25.0
2025-08-09 18:00:00,55.68,52.6,200.0,50.0,True,25.0
2025-08-09 19:00:00,57.08,26.0,200.0,50.0,True,25.0
2025-08-09 20:00:00,51.15,0.0,200.0,50.0,True,25.0
2025-08-09 21:00:00,42.78,0.0,200.0,50.0,True,25.0
2025-08-09 22:00:00,31.42,0.0,200.0,50.0,True,25.0
2025-08-09 23:00:00,25.02,0.0,200.0,50.0,True,25.0
2025-08-10 00:00:00,21.48,0.0,200.0,50.0,True,25.0
2025-08-10 01:00:00,21.09,0.0,200.0,50.0,True,25.0
2025-08-10 02:00:00,20.46,0.0,200.0,50.0,True,25.0
2025-08-10 03:00:00,17.47,0.0,200.0,50.0,True,25.0
2025-08-10 04:00:00,18.8,0.0,200.0,50.0,True,25.0
2025-08-10 05:00:00,21.04,0.0,200.0,50.0,True,25.0
2025-08-10 06:00:00,27.19,0.0,200.0,50.0,True,25.0
2025-08-10 07:00:00,36.48,0.0,200.0,50.0,True,25.0
2025-08-10 08:00:00,39.0,6.4,200.0,50.0,True,25.0
2025-08-10 09:00:00,34.45,21.7,200.0,50.0,True,25.0
2025-08-10 10:00:00,36.31,42.3,200.0,50.0,True,25.0
2025-08-10 11:00:00,32.09,65.2,200.0,50.0,True,25.0
2025-08-10 12:00:00,31.16,88.7,200.0,50.0,True,25.0
2025-08-10 13:00:00,31.25,100.0,200.0,50.0,True,25.0
2025-08-10 14:00:00,31.92,100.0,200.0,50.0,True,25.0
2025-08-10 15:00:00,36.44,100.0,200.0,50.0,True,25.0
2025-08-10 16:00:00,39.72,97.8,200.0,50.0,True,25.0
2025-08-10 17:00:00,47.72,82.4,200.0,50.0,True,25.0
2025-08-10 18:00:00,55.24,55.9,200.0,50.0,True,25.0
2025-08-10 19:00:00,58.48,29.3,200.0,50.0,True,25.0
2025-08-10 20:00:00,53.0,2.7,200.0,50.0,True,25.0
2025-08-10 21:00:00,42.24,0.0,200.0,50.0,True,25.0
2025-08-10 22:00:00,33.61,0.0,200.0,50.0,True,25.0
2025-08-10 23:00:00,26.65,0.0,200.0,50.0,True,25.0
2025-08-11 00:00:00,25.83,0.0,200.0,50.0,True,25.0
2025-08-11 01:00:00,21.56,0.0,200.0,50.0,True,25.0
2025-08-11 02:00:00,23.14,0.0,200.0,50.0,True,25.0
2025-08-11 03:00:00,20.81,0.0,200.0,50.0,True,25.0
2025-08-11 04:00:00,21.73,0.0,200.0,50.0,True,25.0
2025-08-11 05:00:00,24.07,0.0,200.0,50.0,True,25.0
2025-08-11 06:00:00,30.42,0.0,200.0,50.0,True,25.0
2025-08-11 07:00:00,39.45,0.0,200.0,50.0,True,25.0
2025-08-11 08:00:00,44.23,4.9,200.0,50.0,True,25.0
2025-08-11 09:00:00,41.91,17.5,200.0,50.0,True,25.0
2025-08-11 10:00:00,40.46,34.5,200.0,50.0,True,25.0
2025-08-11 11:00:00,38.95,53.8,200.0,50.0,True,25.0
2025-08-11 12:00:00,36.02,73.3,200.0,50.0,True,25.0
2025-08-11 13:00:00,34.34,92.0,200.0,50.0,True,25.0
2025-08-11 14:00:00,33.96,100.0,200.0,50.0,True,25.0
2025-08-11 15:00:00,41.12,100.0,200.0,50.0,True,25.0
2025-08-11 16:00:00,46.04,94.6,200.0,50.0,True,25.0
2025-08-11 17:00:00,55.3,74.9,200.0,50.0,True,25.0
2025-08-11 18:00:00,64.58,48.3,200.0,50.0,True,25.0
2025-08-11 19:00:00,63.54,21.7,200.0,50.0,True,25.0
2025-08-11 20:00:00,59.41,0.0,200.0,50.0,True,25.0
2025-08-11 21:00:00,46.7,0.0,200.0,50.0,True,25.0
2025-08-11 22:00:00,37.16,0.0,200.0,50.0,True,25.0
2025-08-11 23:00:00,26.04,0.0,200.0,50.0,True,25.0
2025-08-12 00:00:00,25.84,0.0,200.0,50.0,True,25.0
2025-08-12 01:00:00,23.87,0.0,200.0,50.0,True,25.0
2025-08-12 02:00:00,21.08,0.0,200.0,50.0,True,25.0
2025-08-12 03:00:00,21.12,0.0,200.0,50.0,True,25.0
2025-08-12 04:00:00,21.11,0.0,200.0,50.0,True,25.0
2025-08-12 05:00:00,25.38,0.0,200.0,50.0,True,25.0
2025-08-12 06:00:00,31.59,0.0,200.0,50.0,True,25.0
2025-08-12 07:00:00,38.97,0.0,200.0,50.0,True,25.0
2025-08-12 08:00:00,42.45,1.0,200.0,50.0,True,25.0
2025-08-12 09:00:00,43.41,6.9,200.0,50.0,True,25.0
2025-08-12 10:00:00,42.51,16.7,200.0,50.0,True,25.0
2025-08-12 11:00:00,38.86,30.5,200.0,50.0,True,25.0
2025-08-12 12:00:00,37.03,46.1,200.0,50.0,True,25.0
2025-08-12 13:00:00,34.8,61.4,200.0,50.0,True,25.0
2025-08-12 14:00:00,36.57,69.1,200.0,50.0,True,25.0
2025-08-12 15:00:00,40.6,69.3,200.0,50.0,True,25.0
2025-08-12 16:00:00,45.7,60.5,200.0,50.0,True,25.0
2025-08-12 17:00:00,57.1,36.0,200.0,50.0,True,25.0
2025-08-12 18:00:00,63.35,9.4,200.0,50.0,True,25.0
2025-08-12 19:00:00,65.41,0.0,200.0,50.0,True,25.0
2025-08-12 20:00:00,59.11,0.0,200.0,50.0,True,25.0
2025-08-12 21:00:00,47.76,0.0,200.0,50.0,True,25.0
2025-08-12 22:00:00,37.81,0.0,200.0,50.0,True,25.0
2025-08-12 23:00:00,28.87,0.0,200.0,50.0,True,25.0
2025-08-13 00:00:00,25.06,0.0,200.0,50.0,True,25.0
2025-08-13 01:00:00,23.16,0.0,200.0,50.0,True,25.0
2025-08-13 02:00:00,21.74,0.0,200.0,50.0,True,25.0
2025-08-13 03:00:00,19.34,0.0,200.0,50.0,True,25.0
2025-08-13 04:00:00,24.07,0.0,200.0,50.0,True,25.0
2025-08-13 05:00:00,26.14,0.0,200.0,50.0,True,25.0
2025-08-13 06:00:00,32.09,0.0,200.0,50.0,True,25.0
2025-08-13 07:00:00,38.87,0.0,200.0,50.0,True,25.0
2025-08-13 08:00:00,45.71,0.0,200.0,50.0,True,25.0
2025-08-13 09:00:00,44.43,0.0,200.0,50.0,True,25.0
2025-08-13 10:00:00,41.41,0.0,200.0,50.0,True,25.0
2025-08-13 11:00:00,40.22,4.1,200.0,50.0,True,25.0
2025-08-13 12:00:00,37.29,12.8,200.0,50.0,True,25.0
2025-08-13 13:00:00,34.17,26.0,200.0,50.0,True,25.0
2025-08-13 14:00:00,36.94,34.3,200.0,50.0,True,25.0
2025-08-13 15:00:00,38.93,35.6,200.0,50.0,True,25.0
2025-08-13 16:00:00,45.17,26.3,200.0,50.0,True,25.0
2025-08-13 17:00:00,55.83,3.1,200.0,50.0,True,25.0
2025-08-13 18:00:00,63.32,0.0,200.0,50.0,True,25.0
2025-08-13 19:00:00,65.56,0.0,200.0,50.0,True,25.0
2025-08-13 20:00:00,57.12,0.0,200.0,50.0,True,25.0
2025-08-13 21:00:00,47.62,0.0,200.0,50.0,True,25.0
2025-08-13 22:00:00,36.99,0.0,200.0,50.0,True,25.0
2025-08-13 23:00:00,29.58,0.0,200.0,50.0,True,25.0
2025-08-14 00:00:00,25.82,0.0,200.0,50.0,True,25.0
2025-08-14 01:00:00,23.23,0.0,200.0,50.0,True,25.0
2025-08-14 02:00:00,21.71,0.0,200.0,50.0,True,25.0
2025-08-14 03:00:00,21.62,0.0,200.0,50.0,True,25.0
2025-08-14 04:00:00,21.81,0.0,200.0,50.0,True,25.0
2025-08-14 05:00:00,25.92,0.0,200.0,50.0,True,25.0
2025-08-14 06:00:00,31.09,0.0,200.0,50.0,True,25.0
2025-08-14 07:00:00,40.05,0.0,200.0,50.0,True,25.0
2025-08-14 08:00:00,43.03,4.2,200.0,50.0,True,25.0
2025-08-14 09:00:00,43.38,14.3,200.0,50.0,True,25.0
2025-08-14 10:00:00,40.8,28.6,200.0,50.0,True,25.0
2025-08-14 11:00:00,40.74,47.1,200.0,50.0,True,25.0
2025-08-14 12:00:00,36.94,67.5,200.0,50.0,True,25.0
2025-08-14 13:00:00,35.89,85.2,200.0,50.0,True,25.0
2025-08-14 14:00:00,34.55,97.9,200.0,50.0,True,25.0
2025-08-14 15:00:00,40.5,100.0,200.0,50.0,True,25.0
2025-08-14 16:00:00,45.48,94.2,200.0,50.0,True,25.0
2025-08-14 17:00:00,56.41,73.2,200.0,50.0,True,25.0
2025-08-14 18:00:00,63.46,46.6,200.0,50.0,True,25.0
2025-08-14 19:00:00,66.15,20.0,200.0,50.0,True,25.0
2025-08-14 20:00:00,61.8,0.0,200.0,50.0,True,25.0
2025-08-14 21:00:00,46.81,0.0,200.0,50.0,True,25.0
2025-08-14 22:00:00,37.44,0.0,200.0,50.0,True,25.0
2025-08-14 23:00:00,29.48,0.0,200.0,50.0,True,25.0
2025-08-15 00:00:00,27.2,0.0,200.0,50.0,True,25.0
2025-08-15 01:00:00,23.76,0.0,200.0,50.0,True,25.0
2025-08-15 02:00:00,22.87,0.0,200.0,50.0,True,25.0
2025-08-15 03:00:00,22.03,0.0,200.0,50.0,True,25.0
2025-08-15 04:00:00,23.26,0.0,200.0,50.0,True,25.0
2025-08-15 05:00:00,26.57,0.0,200.0,50.0,True,25.0
2025-08-15 06:00:00,29.57,0.0,200.0,50.0,True,25.0
2025-08-15 07:00:00,39.63,0.0,200.0,50.0,True,25.0
2025-08-15 08:00:00,46.0,4.0,200.0,50.0,True,25.0
2025-08-15 09:00:00,39.66,18.1,200.0,50.0,True,25.0
2025-08-15 10:00:00,40.0,34.5,200.0,50.0,True,25.0
2025-08-15 11:00:00,38.37,54.4,200.0,50.0,True,25.0
2025-08-15 12:00:00,36.07,75.5,200.0,50.0,True,25.0
2025-08-15 13:00:00,37.03,92.0,200.0,50.0,True,25.0
2025-08-15 14:00:00,36.85,100.0,200.0,50.0,True,25.0
2025-08-15 15:00:00,39.64,100.0,200.0,50.0,True,25.0
2025-08-15 16:00:00,45.07,93.7,200.0,50.0,True,25.0
2025-08-15 17:00:00,55.72,72.9,200.0,50.0,True,25.0
2025-08-15 18:00:00,64.42,46.3,200.0,50.0,True,25.0
2025-08-15 19:00:00,65.09,19.7,200.0,50.0,True,25.0
2025-08-15 20:00:00,59.04,0.0,200.0,50.0,True,25.0
2025-08-15 21:00:00,46.91,0.0,200.0,50.0,True,25.0
2025-08-15 22:00:00,36.73,0.0,200.0,50.0,True,25.0
2025-08-15 23:00:00,29.03,0.0,200.0,50.0,True,25.0
2025-08-16 00:00:00,20.96,0.0,200.0,50.0,True,25.0
2025-08-16 01:00:00,21.38,0.0,200.0,50.0,True,25.0
2025-08-16 02:00:00,21.53,0.0,200.0,50.0,True,25.0
2025-08-16 03:00:00,18.53,0.0,200.0,50.0,True,25.0
2025-08-16 04:00:00,19.84,0.0,200.0,50.0,True,25.0
2025-08-16 05:00:00,20.51,0.0,200.0,50.0,True,25.0
2025-08-16 06:00:00,27.76,0.0,200.0,50.0,True,25.0
2025-08-16 07:00:00,35.82,0.0,200.0,50.0,True,25.0
2025-08-16 08:00:00,38.23,3.9,200.0,50.0,True,25.0
2025-08-16 09:00:00,36.05,14.8,200.0,50.0,True,25.0
2025-08-16 10:00:00,37.48,31.1,200.0,50.0,True,25.0
2025-08-16 11:00:00,34.05,51.8,200.0,50.0,True,25.0
2025-08-16 12:00:00,30.81,73.5,200.0,50.0,True,25.0
2025-08-16 13:00:00,31.93,91.2,200.0,50.0,True,25.0
2025-08-16 14:00:00,32.18,100.0,200.0,50.0,True,25.0
2025-08-16 15:00:00,35.34,100.0,200.0,50.0,True,25.0
2025-08-16 16:00:00,41.48,95.8,200.0,50.0,True,25.0
2025-08-16 17:00:00,45.57,80.3,200.0,50.0,True,25.0
2025-08-16 18:00:00,53.25,53.7,200.0,50.0,True,25.0
2025-08-16 19:00:00,58.75,27.1,200.0,50.0,True,25.0
2025-08-16 20:00:00,51.91,0.5,200.0,50.0,True,25.0
2025-08-16 21:00:00,41.47,0.0,200.0,50.0,True,25.0
2025-08-16 22:00:00,30.3,0.0,200.0,50.0,True,25.0
2025-08-16 23:00:00,25.42,0.0,200.0,50.0,True,25.0
2025-08-17 00:00:00,22.2,0.0,200.0,50.0,True,25.0
2025-08-17 01:00:00,21.87,0.0,200.0,50.0,True,25.0
2025-08-17 02:00:00,19.91,0.0,200.0,50.0,True,25.0
2025-08-17 03:00:00,18.1,0.0,200.0,50.0,True,25.0
2025-08-17 04:00:00,19.95,0.0,200.0,50.0,True,25.0
2025-08-17 05:00:00,23.15,0.0,200.0,50.0,True,25.0
2025-08-17 06:00:00,27.92,0.0,200.0,50.0,True,25.0
2025-08-17 07:00:00,35.99,0.0,200.0,50.0,True,25.0
2025-08-17 08:00:00,38.93,2.6,200.0,50.0,True,25.0
2025-08-17 09:00:00,36.22,11.8,200.0,50.0,True,25.0
2025-08-17 10:00:00,34.0,25.7,200.0,50.0,True,25.0
2025-08-17 11:00:00,32.14,43.8,200.0,50.0,True,25.0
2025-08-17 12:00:00,32.36,65.6,200.0,50.0,True,25.0
2025-08-17 13:00:00,31.48,84.8,200.0,50.0,True,25.0
2025-08-17 14:00:00,33.2,99.4,200.0,50.0,True,25.0
2025-08-17 15:00:00,35.92,100.0,200.0,50.0,True,25.0
2025-08-17 16:00:00,41.54,96.0,200.0,50.0,True,25.0
2025-08-17 17:00:00,48.51,79.0,200.0,50.0,True,25.0
2025-08-17 18:00:00,56.31,52.4,200.0,50.0,True,25.0
2025-08-17 19:00:00,55.86,25.8,200.0,50.0,True,25.0
2025-08-17 20:00:00,51.95,0.0,200.0,50.0,True,25.0
2025-08-17 21:00:00,39.76,0.0,200.0,50.0,True,25.0
2025-08-17 22:00:00,31.92,0.0,200.0,50.0,True,25.0
2025-08-17 23:00:00,26.64,0.0,200.0,50.0,True,25.0
2025-08-18 00:00:00,24.86,0.0,200.0,50.0,True,25.0
2025-08-18 01:00:00,23.74,0.0,200.0,50.0,True,25.0
2025-08-18 02:00:00,22.43,0.0,200.0,50.0,True,25.0
2025-08-18 03:00:00,20.28,0.0,200.0,50.0,True,25.0
2025-08-18 04:00:00,21.88,0.0,200.0,50.0,True,25.0
2025-08-18 05:00:00,26.19,0.0,200.0,50.0,True,25.0
2025-08-18 06:00:00,31.35,0.0,200.0,50.0,True,25.0
2025-08-18 07:00:00,39.28,0.0,200.0,50.0,True,25.0
2025-08-18 08:00:00,42.17,3.4,200.0,50.0,True,25.0
2025-08-18 09:00:00,42.17,10.9,200.0,50.0,True,25.0
2025-08-18 10:00:00,39.32,26.2,200.0,50.0,True,25.0
2025-08-18 11:00:00,37.9,47.0,200.0,50.0,True,25.0
2025-08-18 12:00:00,34.46,68.8,200.0,50.0,True,25.0
2025-08-18 13:00:00,36.31,86.2,200.0,50.0,True,25.0
2025-08-18 14:00:00,36.09,99.2,200.0,50.0,True,25.0
2025-08-18 15:00:00,40.09,100.0,200.0,50.0,True,25.0
2025-08-18 16:00:00,44.74,92.5,200.0,50.0,True,25.0
2025-08-18 17:00:00,54.93,70.6,200.0,50.0,True,25.0
2025-08-18 18:00:00,63.04,44.0,200.0,50.0,True,25.0
2025-08-18 19:00:00,64.06,17.4,200.0,50.0,True,25.0
2025-08-18 20:00:00,58.82,0.0,200.0,50.0,True,25.0
2025-08-18 21:00:00,49.31,0.0,200.0,50.0,True,25.0
2025-08-18 22:00:00,34.11,0.0,200.0,50.0,True,25.0
2025-08-18 23:00:00,28.81,0.0,200.0,50.0,True,25.0
2025-08-19 00:00:00,23.81,0.0,200.0,50.0,True,25.0
2025-08-19 01:00:00,24.46,0.0,200.0,50.0,True,25.0
2025-08-19 02:00:00,21.87,0.0,200.0,50.0,True,25.0
2025-08-19 03:00:00,19.69,0.0,200.0,50.0,True,25.0
2025-08-19 04:00:00,21.83,0.0,200.0,50.0,True,25.0
2025-08-19 05:00:00,25.18,0.0,200.0,50.0,True,25.0
2025-08-19 06:00:00,33.8,0.0,200.0,50.0,True,25.0
2025-08-19 07:00:00,37.46,0.0,200.0,50.0,True,25.0
2025-08-19 08:00:00,42.36,0.0,200.0,50.0,True,25.0
2025-08-19 09:00:00,43.46,2.0,200.0,50.0,True,25.0
2025-08-19 10:00:00,38.18,4.2,200.0,50.0,True,25.0
2025-08-19 11:00:00,38.1,10.7,200.0,50.0,True,25.0
2025-08-19 12:00:00,35.6,13.3,200.0,50.0,True,25.0
2025-08-19 13:00:00,34.27,14.9,200.0,50.0,True,25.0
2025-08-19 14:00:00,35.98,14.1,200.0,50.0,True,25.0
2025-08-19 15:00:00,39.59,0.1,200.0,50.0,True,25.0
2025-08-19 16:00:00,46.97,0.0,200.0,50.0,True,25.0
2025-08-19 17:00:00,56.82,0.0,200.0,50.0,True,25.0
2025-08-19 18:00:00,63.36,0.0,200.0,50.0,True,25.0
2025-08-19 19:00:00,64.46,0.0,200.0,50.0,True,25.0
2025-08-19 20:00:00,59.35,0.0,200.0,50.0,True,25.0
2025-08-19 21:00:00,48.57,0.0,200.0,50.0,True,25.0
2025-08-19 22:00:00,37.38,0.0,200.0,50.0,True,25.0
2025-08-19 23:00:00,29.01,0.0,200.0,50.0,True,25.0
2025-08-20 00:00:00,26.57,0.0,200.0,50.0,True,25.0
2025-08-20 01:00:00,22.1,0.0,200.0,50.0,True,25.0
2025-08-20 02:00:00,23.44,0.0,200.0,50.0,True,25.0
2025-08-20 03:00:00,21.78,0.0,200.0,50.0,True,25.0
2025-08-20 04:00:00,21.34,0.0,200.0,50.0,True,25.0
2025-08-20 05:00:00,25.02,0.0,200.0,50.0,True,25.0
2025-08-20 06:00:00,30.81,0.0,200.0,50.0,True,25.0
2025-08-20 07:00:00,39.79,0.0,200.0,50.0,True,25.0
2025-08-20 08:00:00,43.58,0.0,200.0,50.0,True,25.0
2025-08-20 09:00:00,40.03,2.8,200.0,50.0,True,25.0
2025-08-20 10:00:00,39.13,11.0,200.0,50.0,True,25.0
2025-08-20 11:00:00,37.77,24.9,200.0,50.0,True,25.0
2025-08-20 12:00:00,35.47,40.1,200.0,50.0,True,25.0
2025-08-20 13:00:00,33.99,51.3,200.0,50.0,True,25.0
2025-08-20 14:00:00,37.43,57.8,200.0,50.0,True,25.0
2025-08-20 15:00:00,39.84,56.7,200.0,50.0,True,25.0
2025-08-20 16:00:00,48.27,45.5,200.0,50.0,True,25.0
2025-08-20 17:00:00,55.45,22.6,200.0,50.0,True,25.0
2025-08-20 18:00:00,64.04,0.0,200.0,50.0,True,25.0
2025-08-20 19:00:00,64.45,0.0,200.0,50.0,True,25.0
2025-08-20 20:00:00,58.2,0.0,200.0,50.0,True,25.0
2025-08-20 21:00:00,47.89,0.0,200.0,50.0,True,25.0
2025-08-20 22:00:00,37.71,0.0,200.0,50.0,True,25.0
2025-08-20 23:00:00,28.44,0.0,200.0,50.0,True,25.0
2025-08-21 00:00:00,25.25,0.0,200.0,50.0,True,25.0
2025-08-21 01:00:00,23.13,0.0,200.0,50.0,True,25.0
2025-08-21 02:00:00,21.94,0.0,200.0,50.0,True,25.0
2025-08-21 03:00:00,20.86,0.0,200.0,50.0,True,25.0
2025-08-21 04:00:00,20.86,0.0,200.0,50.0,True,25.0
2025-08-21 05:00:00,24.71,0.0,200.0,50.0,True,25.0
2025-08-21 06:00:00,31.21,0.0,200.0,50.0,True,25.0
2025-08-21 07:00:00,40.28,0.0,200.0,50.0,True,25.0
2025-08-21 08:00:00,43.95,4.6,200.0,50.0,True,25.0
2025-08-21 09:00:00,42.7,16.1,200.0,50.0,True,25.0
2025-08-21 10:00:00,40.16,33.0,200.0,50.0,True,25.0
2025-08-21 11:00:00,38.05,54.1,200.0,50.0,True,25.0
2025-08-21 12:00:00,37.01,75.3,200.0,50.0,True,25.0
2025-08-21 13:00:00,35.15,93.7,200.0,50.0,True,25.0
2025-08-21 14:00:00,35.84,100.0,200.0,50.0,True,25.0
2025-08-21 15:00:00,40.49,100.0,200.0,50.0,True,25.0
2025-08-21 16:00:00,45.59,90.7,200.0,50.0,True,25.0
2025-08-21 17:00:00,54.8,69.2,200.0,50.0,True,25.0
2025-08-21 18:00:00,62.93,42.6,200.0,50.0,True,25.0
2025-08-21 19:00:00,64.85,16.0,200.0,50.0,True,25.0
2025-08-21 20:00:00,57.62,0.0,200.0,50.0,True,25.0
2025-08-21 21:00:00,47.94,0.0,200.0,50.0,True,25.0
2025-08-21 22:00:00,38.34,0.0,200.0,50.0,True,25.0
2025-08-21 23:00:00,27.35,0.0,200.0,50.0,True,25.0
2025-08-22 00:00:00,24.1,0.0,200.0,50.0,True,25.0
2025-08-22 01:00:00,26.13,0.0,200.0,50.0,True,25.0
2025-08-22 02:00:00,21.05,0.0,200.0,50.0,True,25.0
2025-08-22 03:00:00,22.44,0.0,200.0,50.0,True,25.0
2025-08-22 04:00:00,21.76,0.0,200.0,50.0,True,25.0
2025-08-22 05:00:00,24.77,0.0,200.0,50.0,True,25.0
2025-08-22 06:00:00,30.24,0.0,200.0,50.0,True,25.0
2025-08-22 07:00:00,40.41,0.0,200.0,50.0,True,25.0
2025-08-22 08:00:00,41.8,4.7,200.0,50.0,True,25.0
2025-08-22 09:00:00,42.02,15.4,200.0,50.0,True,25.0
2025-08-22 10:00:00,39.41,31.3,200.0,50.0,True,25.0
2025-08-22 11:00:00,35.76,49.6,200.0,50.0,True,25.0
2025-08-22 12:00:00,37.44,66.6,200.0,50.0,True,25.0
2025-08-22 13:00:00,32.43,84.9,200.0,50.0,True,25.0
2025-08-22 14:00:00,38.68,96.5,200.0,50.0,True,25.0
2025-08-22 15:00:00,40.64,100.0,200.0,50.0,True,25.0
2025-08-22 16:00:00,43.96,94.6,200.0,50.0,True,25.0
2025-08-22 17:00:00,56.7,72.2,200.0,50.0,True,25.0
2025-08-22 18:00:00,61.8,45.6,200.0,50.0,True,25.0
2025-08-22 19:00:00,63.75,19.0,200.0,50.0,True,25.0
2025-08-22 20:00:00,56.74,0.0,200.0,50.0,True,25.0
2025-08-22 21:00:00,46.46,0.0,200.0,50.0,True,25.0
2025-08-22 22:00:00,35.2,0.0,200.0,50.0,True,25.0
2025-08-22 23:00:00,29.48,0.0,200.0,50.0,True,25.0
2025-08-23 00:00:00,23.12,0.0,200.0,50.0,True,25.0
2025-08-23 01:00:00,18.56,0.0,200.0,50.0,True,25.0
2025-08-23 02:00:00,19.7,0.0,200.0,50.0,True,25.0
2025-08-23 03:00:00,16.17,0.0,200.0,50.0,True,25.0
2025-08-23 04:00:00,19.71,0.0,200.0,50.0,True,25.0
2025-08-23 05:00:00,24.31,0.0,200.0,50.0,True,25.0
2025-08-23 06:00:00,24.59,0.0,200.0,50.0,True,25.0
2025-08-23 07:00:00,33.86,1.1,200.0,50.0,True,25.0
2025-08-23 08:00:00,39.29,8.5,200.0,50.0,True,25.0
2025-08-23 09:00:00,37.77,22.6,200.0,50.0,True,25.0
2025-08-23 10:00:00,33.95,42.3,200.0,50.0,True,25.0
2025-08-23 11:00:00,35.18,63.3,200.0,50.0,True,25.0
2025-08-23 12:00:00,30.76,86.8,200.0,50.0,True,25.0
2025-08-23 13:00:00,32.75,100.0,200.0,50.0,True,25.0
2025-08-23 14:00:00,32.3,100.0,200.0,50.0,True,25.0
2025-08-23 15:00:00,36.61,100.0,200.0,50.0,True,25.0
2025-08-23 16:00:00,40.54,96.6,200.0,50.0,True,25.0
2025-08-23 17:00:00,49.23,78.7,200.0,50.0,True,25.0
2025-08-23 18:00:00,55.98,52.1,200.0,50.0,True,25.0
2025-08-23 19:00:00,58.17,25.5,200.0,50.0,True,25.0
2025-08-23 20:00:00,51.75,0.0,200.0,50.0,True,25.0
2025-08-23 21:00:00,40.68,0.0,200.0,50.0,True,25.0
2025-08-23 22:00:00,31.65,0.0,200.0,50.0,True,25.0
2025-08-23 23:00:00,24.26,0.0,200.0,50.0,True,25.0
2025-08-24 00:00:00,20.98,0.0,200.0,50.0,True,25.0
2025-08-24 01:00:00,22.01,0.0,200.0,50.0,True,25.0
2025-08-24 02:00:00,20.11,0.0,200.0,50.0,True,25.0
2025-08-24 03:00:00,19.05,0.0,200.0,50.0,True,25.0
2025-08-24 04:00:00,20.65,0.0,200.0,50.0,True,25.0
2025-08-24 05:00:00,22.44,0.0,200.0,50.0,True,25.0
2025-08-24 06:00:00,28.95,0.0,200.0,50.0,True,25.0
2025-08-24 07:00:00,32.54,0.9,200.0,50.0,True,25.0
2025-08-24 08:00:00,37.19,7.5,200.0,50.0,True,25.0
2025-08-24 09:00:00,35.88,21.8,200.0,50.0,True,25.0
2025-08-24 10:00:00,33.4,41.2,200.0,50.0,True,25.0
2025-08-24 11:00:00,33.52,62.3,200.0,50.0,True,25.0
2025-08-24 12:00:00,31.9,83.8,200.0,50.0,True,25.0
2025-08-24 13:00:00,33.08,100.0,200.0,50.0,True,25.0
2025-08-24 14:00:00,32.8,100.0,200.0,50.0,True,25.0
2025-08-24 15:00:00,34.44,100.0,200.0,50.0,True,25.0
2025-08-24 16:00:00,40.65,95.7,200.0,50.0,True,25.0
2025-08-24 17:00:00,46.21,79.1,200.0,50.0,True,25.0
2025-08-24 18:00:00,55.25,52.5,200.0,50.0,True,25.0
2025-08-24 19:00:00,56.86,25.9,200.0,50.0,True,25.0
2025-08-24 20:00:00,50.66,0.0,200.0,50.0,True,25.0
2025-08-24 21:00:00,41.49,0.0,200.0,50.0,True,25.0
2025-08-24 22:00:00,30.88,0.0,200.0,50.0,True,25.0
2025-08-24 23:00:00,23.92,0.0,200.0,50.0,True,25.0
2025-08-25 00:00:00,25.44,0.0,200.0,50.0,True,25.0
2025-08-25 01:00:00,23.98,0.0,200.0,50.0,True,25.0
2025-08-25 02:00:00,22.59,0.0,200.0,50.0,True,25.0
2025-08-25 03:00:00,20.32,0.0,200.0,50.0,True,25.0
2025-08-25 04:00:00,21.19,0.0,200.0,50.0,True,25.0
2025-08-25 05:00:00,24.15,0.0,200.0,50.0,True,25.0
2025-08-25 06:00:00,30.06,0.0,200.0,50.0,True,25.0
2025-08-25 07:00:00,38.75,0.0,200.0,50.0,True,25.0
2025-08-25 08:00:00,44.85,0.0,200.0,50.0,True,25.0
2025-08-25 09:00:00,41.45,0.0,200.0,50.0,True,25.0
2025-08-25 10:00:00,40.71,5.2,200.0,50.0,True,25.0
2025-08-25 11:00:00,36.22,15.7,200.0,50.0,True,25.0
2025-08-25 12:00:00,35.18,25.5,200.0,50.0,True,25.0
2025-08-25 13:00:00,35.9,29.5,200.0,50.0,True,25.0
2025-08-25 14:00:00,37.05,30.0,200.0,50.0,True,25.0
2025-08-25 15:00:00,38.35,27.1,200.0,50.0,True,25.0
2025-08-25 16:00:00,45.84,16.3,200.0,50.0,True,25.0
2025-08-25 17:00:00,55.35,0.0,200.0,50.0,True,25.0
2025-08-25 18:00:00,61.69,0.0,200.0,50.0,True,25.0
2025-08-25 19:00:00,64.86,0.0,200.0,50.0,True,25.0
2025-08-25 20:00:00,56.85,0.0,200.0,50.0,True,25.0
2025-08-25 21:00:00,46.26,0.0,200.0,50.0,True,25.0
2025-08-25 22:00:00,36.72,0.0,200.0,50.0,True,25.0
2025-08-25 23:00:00,28.46,0.0,200.0,50.0,True,25.0
2025-08-26 00:00:00,24.71,0.0,200.0,50.0,True,25.0
2025-08-26 01:00:00,22.51,0.0,200.0,50.0,True,25.0
2025-08-26 02:00:00,22.61,0.0,200.0,50.0,True,25.0
2025-08-26 03:00:00,21.53,0.0,200.0,50.0,True,25.0
2025-08-26 04:00:00,22.91,0.0,200.0,50.0,True,25.0
2025-08-26 05:00:00,24.76,0.0,200.0,50.0,True,25.0
2025-08-26 06:00:00,29.83,0.0,200.0,50.0,True,25.0
2025-08-26 07:00:00,39.09,0.0,200.0,50.0,True,25.0
2025-08-26 08:00:00,42.28,0.0,200.0,50.0,True,25.0
2025-08-26 09:00:00,41.17,5.5,200.0,50.0,True,25.0
2025-08-26 10:00:00,39.03,15.0,200.0,50.0,True,25.0
2025-08-26 11:00:00,39.79,23.4,200.0,50.0,True,25.0
2025-08-26 12:00:00,34.72,33.8,200.0,50.0,True,25.0
2025-08-26 13:00:00,36.08,42.5,200.0,50.0,True,25.0
2025-08-26 14:00:00,35.65,47.4,200.0,50.0,True,25.0
2025-08-26 15:00:00,39.51,46.4,200.0,50.0,True,25.0
2025-08-26 16:00:00,45.92,35.7,200.0,50.0,True,25.0
2025-08-26 17:00:00,53.2,14.3,200.0,50.0,True,25.0
2025-08-26 18:00:00,61.52,0.0,200.0,50.0,True,25.0
2025-08-26 19:00:00,62.88,0.0,200.0,50.0,True,25.0
2025-08-26 20:00:00,58.24,0.0,200.0,50.0,True,25.0
2025-08-26 21:00:00,46.24,0.0,200.0,50.0,True,25.0
2025-08-26 22:00:00,37.55,0.0,200.0,50.0,True,25.0
2025-08-26 23:00:00,27.7,0.0,200.0,50.0,True,25.0
2025-08-27 00:00:00,21.74,0.0,200.0,50.0,True,25.0
2025-08-27 01:00:00,22.3,0.0,200.0,50.0,True,25.0
2025-08-27 02:00:00,22.91,0.0,200.0,50.0,True,25.0
2025-08-27 03:00:00,22.76,0.0,200.0,50.0,True,25.0
2025-08-27 04:00:00,21.67,0.0,200.0,50.0,True,25.0
2025-08-27 05:00:00,23.97,0.0,200.0,50.0,True,25.0
2025-08-27 06:00:00,30.25,0.0,200.0,50.0,True,25.0
2025-08-27 07:00:00,40.22,0.0,200.0,50.0,True,25.0
2025-08-27 08:00:00,42.15,1.9,200.0,50.0,True,25.0
2025-08-27 09:00:00,41.32,6.6,200.0,50.0,True,25.0
2025-08-27 10:00:00,39.66,17.4,200.0,50.0,True,25.0
2025-08-27 11:00:00,37.89,32.7,200.0,50.0,True,25.0
2025-08-27 12:00:00,35.77,49.7,200.0,50.0,True,25.0
2025-08-27 13:00:00,33.68,66.3,200.0,50.0,True,25.0
2025-08-27 14:00:00,36.35,79.1,200.0,50.0,True,25.0
2025-08-27 15:00:00,39.67,84.6,200.0,50.0,True,25.0
2025-08-27 16:00:00,45.34,77.1,200.0,50.0,True,25.0
2025-08-27 17:00:00,53.56,55.8,200.0,50.0,True,25.0
2025-08-27 18:00:00,63.19,29.2,200.0,50.0,True,25.0
2025-08-27 19:00:00,63.18,2.6,200.0,50.0,True,25.0
2025-08-27 20:00:00,60.58,0.0,200.0,50.0,True,25.0
2025-08-27 21:00:00,45.87,0.0,200.0,50.0,True,25.0
2025-08-27 22:00:00,36.85,0.0,200.0,50.0,True,25.0
2025-08-27 23:00:00,26.08,0.0,200.0,50.0,True,25.0
2025-08-28 00:00:00,21.86,0.0,200.0,50.0,True,25.0
2025-08-28 01:00:00,22.01,0.0,200.0,50.0,True,25.0
2025-08-28 02:00:00,19.21,0.0,200.0,50.0,True,25.0
2025-08-28 03:00:00,21.66,0.0,200.0,50.0,True,25.0
2025-08-28 04:00:00,21.9,0.0,200.0,50.0,True,25.0
2025-08-28 05:00:00,26.25,0.0,200.0,50.0,True,25.0
2025-08-28 06:00:00,30.04,0.0,200.0,50.0,True,25.0
2025-08-28 07:00:00,39.98,0.0,200.0,50.0,True,25.0
2025-08-28 08:00:00,43.14,3.2,200.0,50.0,True,25.0
2025-08-28 09:00:00,40.53,12.3,200.0,50.0,True,25.0
2025-08-28 10:00:00,39.2,26.6,200.0,50.0,True,25.0
2025-08-28 11:00:00,36.35,43.0,200.0,50.0,True,25.0
2025-08-28 12:00:00,36.37,59.1,200.0,50.0,True,25.0
2025-08-28 13:00:00,34.4,74.3,200.0,50.0,True,25.0
2025-08-28 14:00:00,35.79,84.4,200.0,50.0,True,25.0
2025-08-28 15:00:00,43.07,86.5,200.0,50.0,True,25.0
2025-08-28 16:00:00,44.87,77.6,200.0,50.0,True,25.0
2025-08-28 17:00:00,55.18,55.1,200.0,50.0,True,25.0
2025-08-28 18:00:00,62.3,28.5,200.0,50.0,True,25.0
2025-08-28 19:00:00,65.64,1.9,200.0,50.0,True,25.0
2025-08-28 20:00:00,58.87,0.0,200.0,50.0,True,25.0
2025-08-28 21:00:00,46.92,0.0,200.0,50.0,True,25.0
2025-08-28 22:00:00,38.66,0.0,200.0,50.0,True,25.0
2025-08-28 23:00:00,27.32,0.0,200.0,50.0,True,25.0
2025-08-29 00:00:00,24.31,0.0,200.0,50.0,True,25.0
2025-08-29 01:00:00,23.76,0.0,200.0,50.0,True,25.0
2025-08-29 02:00:00,20.92,0.0,200.0,50.0,True,25.0
2025-08-29 03:00:00,21.69,0.0,200.0,50.0,True,25.0
2025-08-29 04:00:00,21.32,0.0,200.0,50.0,True,25.0
2025-08-29 05:00:00,25.75,0.0,200.0,50.0,True,25.0
2025-08-29 06:00:00,31.38,0.0,200.0,50.0,True,25.0
2025-08-29 07:00:00,39.54,0.0,200.0,50.0,True,25.0
2025-08-29 08:00:00,42.22,3.0,200.0,50.0,True,25.0
2025-08-29 09:00:00,41.07,13.6,200.0,50.0,True,25.0
2025-08-29 10:00:00,39.63,26.2,200.0,50.0,True,25.0
2025-08-29 11:00:00,38.82,41.6,200.0,50.0,True,25.0
2025-08-29 12:00:00,36.26,57.1,200.0,50.0,True,25.0
2025-08-29 13:00:00,35.38,72.2,200.0,50.0,True,25.0
2025-08-29 14:00:00,36.29,81.6,200.0,50.0,True,25.0
2025-08-29 15:00:00,40.66,83.9,200.0,50.0,True,25.0
2025-08-29 16:00:00,45.07,75.9,200.0,50.0,True,25.0
2025-08-29 17:00:00,54.95,53.2,200.0,50.0,True,25.0
2025-08-29 18:00:00,62.34,26.6,200.0,50.0,True,25.0
2025-08-29 19:00:00,63.66,0.0,200.0,50.0,True,25.0
2025-08-29 20:00:00,59.74,0.0,200.0,50.0,True,25.0
2025-08-29 21:00:00,48.39,0.0,200.0,50.0,True,25.0
2025-08-29 22:00:00,37.32,0.0,200.0,50.0,True,25.0
2025-08-29 23:00:00,27.4,0.0,200.0,50.0,True,25.0
2025-08-30 00:00:00,22.0,0.0,200.0,50.0,True,25.0
2025-08-30 01:00:00,21.23,0.0,200.0,50.0,True,25.0
2025-08-30 02:00:00,21.06,0.0,200.0,50.0,True,25.0
2025-08-30 03:00:00,16.45,0.0,200.0,50.0,True,25.0
2025-08-30 04:00:00,19.25,0.0,200.0,50.0,True,25.0
2025-08-30 05:00:00,21.35,0.0,200.0,50.0,True,25.0
2025-08-30 06:00:00,28.47,0.0,200.0,50.0,True,25.0
2025-08-30 07:00:00,32.2,0.8,200.0,50.0,True,25.0
2025-08-30 08:00:00,36.92,8.7,200.0,50.0,True,25.0
2025-08-30 09:00:00,38.23,22.3,200.0,50.0,True,25.0
2025-08-30 10:00:00,34.29,41.3,200.0,50.0,True,25.0
2025-08-30 11:00:00,31.63,63.3,200.0,50.0,True,25.0
2025-08-30 12:00:00,33.35,83.1,200.0,50.0,True,25.0
2025-08-30 13:00:00,28.82,100.0,200.0,50.0,True,25.0
2025-08-30 14:00:00,32.76,100.0,200.0,50.0,True,25.0
2025-08-30 15:00:00,32.98,100.0,200.0,50.0,True,25.0
2025-08-30 16:00:00,38.1,97.7,200.0,50.0,True,25.0
2025-08-30 17:00:00,48.37,79.0,200.0,50.0,True,25.0
2025-08-30 18:00:00,53.75,52.4,200.0,50.0,True,25.0
2025-08-30 19:00:00,56.76,25.8,200.0,50.0,True,25.0
2025-08-30 20:00:00,53.61,0.0,200.0,50.0,True,25.0
2025-08-30 21:00:00,41.31,0.0,200.0,50.0,True,25.0
2025-08-30 22:00:00,33.49,0.0,200.0,50.0,True,25.0
2025-08-30 23:00:00,25.29,0.0,200.0,50.0,True,25.0
2025-08-31 00:00:00,22.7,0.0,200.0,50.0,True,25.0
2025-08-31 01:00:00,17.07,0.0,200.0,50.0,True,25.0
2025-08-31 02:00:00,20.0,0.0,200.0,50.0,True,25.0
2025-08-31 03:00:00,18.82,0.0,200.0,50.0,True,25.0
2025-08-31 04:00:00,18.8,0.0,200.0,50.0,True,25.0
2025-08-31 05:00:00,23.83,0.0,200.0,50.0,True,25.0
2025-08-31 06:00:00,25.94,0.0,200.0,50.0,True,25.0
2025-08-31 07:00:00,32.89,0.0,200.0,50.0,True,25.0
2025-08-31 08:00:00,39.07,4.4,200.0,50.0,True,25.0
2025-08-31 09:00:00,34.77,17.0,200.0,50.0,True,25.0
2025-08-31 10:00:00,34.91,35.5,200.0,50.0,True,25.0
2025-08-31 11:00:00,34.77,55.2,200.0,50.0,True,25.0
2025-08-31 12:00:00,32.1,76.5,200.0,50.0,True,25.0
2025-08-31 13:00:00,30.21,93.9,200.0,50.0,True,25.0
2025-08-31 14:00:00,31.08,100.0,200.0,50.0,True,25.0
2025-08-31 15:00:00,36.34,100.0,200.0,50.0,True,25.0
2025-08-31 16:00:00,38.33,95.9,200.0,50.0,True,25.0
2025-08-31 17:00:00,49.01,77.1,200.0,50.0,True,25.0
2025-08-31 18:00:00,57.35,50.5,200.0,50.0,True,25.0
2025-08-31 19:00:00,57.03,23.9,200.0,50.0,True,25.0
2025-08-31 20:00:00,51.11,0.0,200.0,50.0,True,25.0
2025-08-31 21:00:00,41.26,0.0,200.0,50.0,True,25.0
2025-08-31 22:00:00,30.93,0.0,200.0,50.0,True,25.0
2025-08-31 23:00:00,24.09,0.0,200.0,50.0,True,25.0
2025-09-01 00:00:00,24.61,0.0,200.0,50.0,True,25.0
2025-09-01 01:00:00,23.4,0.0,200.0,50.0,True,25.0
2025-09-01 02:00:00,23.77,0.0,200.0,50.0,True,25.0
2025-09-01 03:00:00,18.36,0.0,200.0,50.0,True,25.0
2025-09-01 04:00:00,18.91,0.0,200.0,50.0,True,25.0
2025-09-01 05:00:00,26.42,0.0,200.0,50.0,True,25.0
2025-09-01 06:00:00,30.18,0.0,200.0,50.0,True,25.0
2025-09-01 07:00:00,39.66,0.0,200.0,50.0,True,25.0
2025-09-01 08:00:00,43.89,0.0,200.0,50.0,True,25.0
2025-09-01 09:00:00,41.18,7.9,200.0,50.0,True,25.0
2025-09-01 10:00:00,41.9,20.5,200.0,50.0,True,25.0
2025-09-01 11:00:00,38.23,39.2,200.0,50.0,True,25.0
2025-09-01 12:00:00,35.22,55.8,200.0,50.0,True,25.0
2025-09-01 13:00:00,34.2,72.9,200.0,50.0,True,25.0
2025-09-01 14:00:00,35.59,78.2,200.0,50.0,True,25.0
2025-09-01 15:00:00,38.59,78.4,200.0,50.0,True,25.0
2025-09-01 16:00:00,47.2,67.5,200.0,50.0,True,25.0
2025-09-01 17:00:00,54.73,44.8,200.0,50.0,True,25.0
2025-09-01 18:00:00,60.71,18.2,200.0,50.0,True,25.0
2025-09-01 19:00:00,64.48,0.0,200.0,50.0,True,25.0
2025-09-01 20:00:00,60.08,0.0,200.0,50.0,True,25.0
2025-09-01 21:00:00,48.33,0.0,200.0,50.0,True,25.0
2025-09-01 22:00:00,34.85,0.0,200.0,50.0,True,25.0
2025-09-01 23:00:00,26.9,0.0,200.0,50.0,True,25.0
2025-09-02 00:00:00,26.16,0.0,200.0,50.0,True,25.0
2025-09-02 01:00:00,20.61,0.0,200.0,50.0,True,25.0
2025-09-02 02:00:00,22.26,0.0,200.0,50.0,True,25.0
2025-09-02 03:00:00,20.0,0.0,200.0,50.0,True,25.0
2025-09-02 04:00:00,23.39,0.0,200.0,50.0,True,25.0
2025-09-02 05:00:00,23.18,0.0,200.0,50.0,True,25.0
2025-09-02 06:00:00,29.13,0.0,200.0,50.0,True,25.0
2025-09-02 07:00:00,40.23,0.0,200.0,50.0,True,25.0
2025-09-02 08:00:00,44.2,1.6,200.0,50.0,True,25.0
2025-09-02 09:00:00,43.0,12.2,200.0,50.0,True,25.0
2025-09-02 10:00:00,40.05,27.4,200.0,50.0,True,25.0
2025-09-02 11:00:00,38.02,47.0,200.0,50.0,True,25.0
2025-09-02 12:00:00,36.98,65.6,200.0,50.0,True,25.0
2025-09-02 13:00:00,32.95,85.2,200.0,50.0,True,25.0
2025-09-02 14:00:00,34.67,97.8,200.0,50.0,True,25.0
2025-09-02 15:00:00,37.94,100.0,200.0,50.0,True,25.0
2025-09-02 16:00:00,41.9,93.7,200.0,50.0,True,25.0
2025-09-02 17:00:00,55.54,70.8,200.0,50.0,True,25.0
2025-09-02 18:00:00,63.76,44.2,200.0,50.0,True,25.0
2025-09-02 19:00:00,64.59,17.6,200.0,50.0,True,25.0
2025-09-02 20:00:00,58.74,0.0,200.0,50.0,True,25.0
2025-09-02 21:00:00,47.11,0.0,200.0,50.0,True,25.0
2025-09-02 22:00:00,35.79,0.0,200.0,50.0,True,25.0
2025-09-02 23:00:00,30.24,0.0,200.0,50.0,True,25.0
2025-09-03 00:00:00,26.28,0.0,200.0,50.0,True,25.0
2025-09-03 01:00:00,21.84,0.0,200.0,50.0,True,25.0
2025-09-03 02:00:00,23.12,0.0,200.0,50.0,True,25.0
2025-09-03 03:00:00,22.14,0.0,200.0,50.0,True,25.0
2025-09-03 04:00:00,22.57,0.0,200.0,50.0,True,25.0
2025-09-03 05:00:00,24.88,0.0,200.0,50.0,True,25.0
2025-09-03 06:00:00,30.47,0.0,200.0,50.0,True,25.0
2025-09-03 07:00:00,37.66,0.0,200.0,50.0,True,25.0
2025-09-03 08:00:00,41.31,5.5,200.0,50.0,True,25.0
2025-09-03 09:00:00,42.26,15.9,200.0,50.0,True,25.0
2025-09-03 10:00:00,38.12,33.3,200.0,50.0,True,25.0
2025-09-03 11:00:00,35.9,51.3,200.0,50.0,True,25.0
2025-09-03 12:00:00,33.19,70.3,200.0,50.0,True,25.0
2025-09-03 13:00:00,33.99,88.0,200.0,50.0,True,25.0
2025-09-03 14:00:00,36.13,98.4,200.0,50.0,True,25.0
2025-09-03 15:00:00,39.99,100.0,200.0,50.0,True,25.0
2025-09-03 16:00:00,46.1,92.3,200.0,50.0,True,25.0
2025-09-03 17:00:00,54.0,69.6,200.0,50.0,True,25.0
2025-09-03 18:00:00,62.11,43.0,200.0,50.0,True,25.0
2025-09-03 19:00:00,64.87,16.4,200.0,50.0,True,25.0
2025-09-03 20:00:00,58.78,0.0,200.0,50.0,True,25.0
2025-09-03 21:00:00,46.25,0.0,200.0,50.0,True,25.0
2025-09-03 22:00:00,36.05,0.0,200.0,50.0,True,25.0
2025-09-03 23:00:00,25.79,0.0,200.0,50.0,True,25.0
2025-09-04 00:00:00,24.39,0.0,200.0,50.0,True,25.0
2025-09-04 01:00:00,21.77,0.0,200.0,50.0,True,25.0
2025-09-04 02:00:00,23.59,0.0,200.0,50.0,True,25.0
2025-09-04 03:00:00,19.46,0.0,200.0,50.0,True,25.0
2025-09-04 04:00:00,21.9,0.0,200.0,50.0,True,25.0
2025-09-04 05:00:00,23.87,0.0,200.0,50.0,True,25.0
2025-09-04 06:00:00,29.35,0.0,200.0,50.0,True,25.0
2025-09-04 07:00:00,39.85,0.0,200.0,50.0,True,25.0
2025-09-04 08:00:00,42.65,0.0,200.0,50.0,True,25.0
2025-09-04 09:00:00,43.5,4.0,200.0,50.0,True,25.0
2025-09-04 10:00:00,37.03,15.6,200.0,50.0,True,25.0
2025-09-04 11:00:00,38.28,31.4,200.0,50.0,True,25.0
2025-09-04 12:00:00,35.54,45.2,200.0,50.0,True,25.0
2025-09-04 13:00:00,34.46,60.2,200.0,50.0,True,25.0
2025-09-04 14:00:00,36.01,69.6,200.0,50.0,True,25.0
2025-09-04 15:00:00,40.6,71.1,200.0,50.0,True,25.0
2025-09-04 16:00:00,45.34,60.6,200.0,50.0,True,25.0
2025-09-04 17:00:00,55.61,36.7,200.0,50.0,True,25.0
2025-09-04 18:00:00,61.97,10.1,200.0,50.0,True,25.0
2025-09-04 19:00:00,62.55,0.0,200.0,50.0,True,25.0
2025-09-04 20:00:00,58.05,0.0,200.0,50.0,True,25.0
2025-09-04 21:00:00,48.29,0.0,200.0,50.0,True,25.0
2025-09-04 22:00:00,35.15,0.0,200.0,50.0,True,25.0
2025-09-04 23:00:00,26.84,0.0,200.0,50.0,True,25.0
2025-09-05 00:00:00,25.11,0.0,200.0,50.0,True,25.0
2025-09-05 01:00:00,22.89,0.0,200.0,50.0,True,25.0
2025-09-05 02:00:00,20.81,0.0,200.0,50.0,True,25.0
2025-09-05 03:00:00,20.33,0.0,200.0,50.0,True,25.0
2025-09-05 04:00:00,21.52,0.0,200.0,50.0,True,25.0
2025-09-05 05:00:00,24.37,0.0,200.0,50.0,True,25.0
2025-09-05 06:00:00,30.76,0.0,200.0,50.0,True,25.0
2025-09-05 07:00:00,38.87,0.0,200.0,50.0,True,25.0
2025-09-05 08:00:00,43.94,2.7,200.0,50.0,True,25.0
2025-09-05 09:00:00,40.59,13.4,200.0,50.0,True,25.0
2025-09-05 10:00:00,41.35,29.0,200.0,50.0,True,25.0
2025-09-05 11:00:00,39.51,44.3,200.0,50.0,True,25.0
2025-09-05 12:00:00,34.58,63.9,200.0,50.0,True,25.0
2025-09-05 13:00:00,33.01,81.9,200.0,50.0,True,25.0
2025-09-05 14:00:00,36.78,93.4,200.0,50.0,True,25.0
2025-09-05 15:00:00,39.66,97.8,200.0,50.0,True,25.0
2025-09-05 16:00:00,45.64,89.8,200.0,50.0,True,25.0
2025-09-05 17:00:00,53.56,68.1,200.0,50.0,True,25.0
2025-09-05 18:00:00,61.68,41.5,200.0,50.0,True,25.0
2025-09-05 19:00:00,63.3,14.9,200.0,50.0,True,25.0
2025-09-05 20:00:00,58.46,0.0,200.0,50.0,True,25.0
2025-09-05 21:00:00,45.36,0.0,200.0,50.0,True,25.0
2025-09-05 22:00:00,35.49,0.0,200.0,50.0,True,25.0
2025-09-05 23:00:00,26.6,0.0,200.0,50.0,True,25.0
2025-09-06 00:00:00,20.8,0.0,200.0,50.0,True,25.0
2025-09-06 01:00:00,19.65,0.0,200.0,50.0,True,25.0
2025-09-06 02:00:00,19.72,0.0,200.0,50.0,True,25.0
2025-09-06 03:00:00,18.83,0.0,200.0,50.0,True,25.0
2025-09-06 04:00:00,20.02,0.0,200.0,50.0,True,25.0
2025-09-06 05:00:00,19.63,0.0,200.0,50.0,True,25.0
2025-09-06 06:00:00,27.87,0.0,200.0,50.0,True,25.0
2025-09-06 07:00:00,33.82,0.0,200.0,50.0,True,25.0
2025-09-06 08:00:00,37.2,6.4,200.0,50.0,True,25.0
2025-09-06 09:00:00,36.56,19.0,200.0,50.0,True,25.0
2025-09-06 10:00:00,34.19,36.8,200.0,50.0,True,25.0
2025-09-06 11:00:00,33.38,56.4,200.0,50.0,True,25.0
2025-09-06 12:00:00,31.95,77.2,200.0,50.0,True,25.0
2025-09-06 13:00:00,29.39,98.2,200.0,50.0,True,25.0
2025-09-06 14:00:00,31.08,100.0,200.0,50.0,True,25.0
2025-09-06 15:00:00,34.41,100.0,200.0,50.0,True,25.0
2025-09-06 16:00:00,40.68,94.3,200.0,50.0,True,25.0
2025-09-06 17:00:00,47.21,75.7,200.0,50.0,True,25.0
2025-09-06 18:00:00,53.75,49.1,200.0,50.0,True,25.0
2025-09-06 19:00:00,54.78,22.5,200.0,50.0,True,25.0
2025-09-06 20:00:00,49.97,0.0,200.0,50.0,True,25.0
2025-09-06 21:00:00,39.56,0.0,200.0,50.0,True,25.0
2025-09-06 22:00:00,30.45,0.0,200.0,50.0,True,25.0
2025-09-06 23:00:00,26.62,0.0,200.0,50.0,True,25.0
2025-09-07 00:00:00,22.22,0.0,200.0,50.0,True,25.0
2025-09-07 01:00:00,21.28,0.0,200.0,50.0,True,25.0
2025-09-07 02:00:00,17.95,0.0,200.0,50.0,True,25.0
2025-09-07 03:00:00,15.76,0.0,200.0,50.0,True,25.0
2025-09-07 04:00:00,19.47,0.0,200.0,50.0,True,25.0
2025-09-07 05:00:00,23.61,0.0,200.0,50.0,True,25.0
2025-09-07 06:00:00,25.74,0.0,200.0,50.0,True,25.0
2025-09-07 07:00:00,34.67,0.0,200.0,50.0,True,25.0
2025-09-07 08:00:00,35.96,0.0,200.0,50.0,True,25.0
2025-09-07 09:00:00,36.23,4.6,200.0,50.0,True,25.0
2025-09-07 10:00:00,34.4,16.6,200.0,50.0,True,25.0
2025-09-07 11:00:00,30.39,31.1,200.0,50.0,True,25.0
2025-09-07 12:00:00,30.02,46.8,200.0,50.0,True,25.0
2025-09-07 13:00:00,28.93,61.8,200.0,50.0,True,25.0
2025-09-07 14:00:00,29.37,73.1,200.0,50.0,True,25.0
2025-09-07 15:00:00,33.68,75.8,200.0,50.0,True,25.0
2025-09-07 16:00:00,40.1,69.3,200.0,50.0,True,25.0
2025-09-07 17:00:00,46.95,49.6,200.0,50.0,True,25.0
2025-09-07 18:00:00,55.67,23.0,200.0,50.0,True,25.0
2025-09-07 19:00:00,55.51,0.0,200.0,50.0,True,25.0
2025-09-07 20:00:00,51.4,0.0,200.0,50.0,True,25.0
2025-09-07 21:00:00,41.73,0.0,200.0,50.0,True,25.0
2025-09-07 22:00:00,33.1,0.0,200.0,50.0,True,25.0
2025-09-07 23:00:00,23.82,0.0,200.0,50.0,True,25.0
2025-09-08 00:00:00,24.81,0.0,200.0,50.0,True,25.0
2025-09-08 01:00:00,21.27,0.0,200.0,50.0,True,25.0
2025-09-08 02:00:00,23.73,0.0,200.0,50.0,True,25.0
2025-09-08 03:00:00,19.29,0.0,200.0,50.0,True,25.0
2025-09-08 04:00:00,22.12,0.0,200.0,50.0,True,25.0
2025-09-08 05:00:00,26.15,0.0,200.0,50.0,True,25.0
2025-09-08 06:00:00,28.44,0.0,200.0,50.0,True,25.0
2025-09-08 07:00:00,39.93,0.0,200.0,50.0,True,25.0
2025-09-08 08:00:00,41.76,1.4,200.0,50.0,True,25.0
2025-09-08 09:00:00,43.88,9.3,200.0,50.0,True,25.0
2025-09-08 10:00:00,36.95,24.9,200.0,50.0,True,25.0
2025-09-08 11:00:00,35.53,43.3,200.0,50.0,True,25.0
2025-09-08 12:00:00,34.14,61.7,200.0,50.0,True,25.0
2025-09-08 13:00:00,33.05,75.4,200.0,50.0,True,25.0
2025-09-08 14:00:00,36.11,83.6,200.0,50.0,True,25.0
2025-09-08 15:00:00,41.38,84.1,200.0,50.0,True,25.0
2025-09-08 16:00:00,46.21,72.2,200.0,50.0,True,25.0
2025-09-08 17:00:00,54.44,47.7,200.0,50.0,True,25.0
2025-09-08 18:00:00,61.64,21.1,200.0,50.0,True,25.0
2025-09-08 19:00:00,62.77,0.0,200.0,50.0,True,25.0
2025-09-08 20:00:00,58.36,0.0,200.0,50.0,True,25.0
2025-09-08 21:00:00,46.44,0.0,200.0,50.0,True,25.0
2025-09-08 22:00:00,35.71,0.0,200.0,50.0,True,25.0
2025-09-08 23:00:00,27.12,0.0,200.0,50.0,True,25.0
2025-09-09 00:00:00,22.81,0.0,200.0,50.0,True,25.0
2025-09-09 01:00:00,22.41,0.0,200.0,50.0,True,25.0
2025-09-09 02:00:00,21.64,0.0,200.0,50.0,True,25.0
2025-09-09 03:00:00,19.8,0.0,200.0,50.0,True,25.0
2025-09-09 04:00:00,20.72,0.0,200.0,50.0,True,25.0
2025-09-09 05:00:00,24.92,0.0,200.0,50.0,True,25.0
2025-09-09 06:00:00,30.39,0.0,200.0,50.0,True,25.0
2025-09-09 07:00:00,41.42,0.0,200.0,50.0,True,25.0
2025-09-09 08:00:00,44.56,1.0,200.0,50.0,True,25.0
2025-09-09 09:00:00,39.6,10.5,200.0,50.0,True,25.0
2025-09-09 10:00:00,38.94,27.0,200.0,50.0,True,25.0
2025-09-09 11:00:00,35.67,46.5,200.0,50.0,True,25.0
2025-09-09 12:00:00,33.23,66.1,200.0,50.0,True,25.0
2025-09-09 13:00:00,36.95,82.5,200.0,50.0,True,25.0
2025-09-09 14:00:00,37.22,92.0,200.0,50.0,True,25.0
2025-09-09 15:00:00,38.41,94.3,200.0,50.0,True,25.0
2025-09-09 16:00:00,46.26,83.4,200.0,50.0,True,25.0
2025-09-09 17:00:00,55.76,58.6,200.0,50.0,True,25.0
2025-09-09 18:00:00,59.25,32.0,200.0,50.0,True,25.0
2025-09-09 19:00:00,64.44,5.4,200.0,50.0,True,25.0
2025-09-09 20:00:00,57.23,0.0,200.0,50.0,True,25.0
2025-09-09 21:00:00,47.09,0.0,200.0,50.0,True,25.0
2025-09-09 22:00:00,39.05,0.0,200.0,50.0,True,25.0
2025-09-09 23:00:00,29.88,0.0,200.0,50.0,True,25.0
2025-09-10 00:00:00,24.06,0.0,200.0,50.0,True,25.0
2025-09-10 01:00:00,24.06,0.0,200.0,50.0,True,25.0
2025-09-10 02:00:00,19.3,0.0,200.0,50.0,True,25.0
2025-09-10 03:00:00,21.1,0.0,200.0,50.0,True,25.0
2025-09-10 04:00:00,22.24,0.0,200.0,50.0,True,25.0
2025-09-10 05:00:00,25.06,0.0,200.0,50.0,True,25.0
2025-09-10 06:00:00,29.2,0.0,200.0,50.0,True,25.0
2025-09-10 07:00:00,39.58,0.0,200.0,50.0,True,25.0
2025-09-10 08:00:00,43.87,0.0,200.0,50.0,True,25.0
2025-09-10 09:00:00,38.2,0.0,200.0,50.0,True,25.0
2025-09-10 10:00:00,38.74,0.0,200.0,50.0,True,25.0
2025-09-10 11:00:00,36.17,0.0,200.0,50.0,True,25.0
2025-09-10 12:00:00,36.19,0.0,200.0,50.0,True,25.0
2025-09-10 13:00:00,35.93,0.0,200.0,50.0,True,25.0
2025-09-10 14:00:00,34.66,0.0,200.0,50.0,True,25.0
2025-09-10 15:00:00,37.82,0.0,200.0,50.0,True,25.0
2025-09-10 16:00:00,44.85,0.0,200.0,50.0,True,25.0
2025-09-10 17:00:00,52.64,0.0,200.0,50.0,True,25.0
2025-09-10 18:00:00,61.21,0.0,200.0,50.0,True,25.0
2025-09-10 19:00:00,62.94,0.0,200.0,50.0,True,25.0
2025-09-10 20:00:00,58.45,0.0,200.0,50.0,True,25.0
2025-09-10 21:00:00,46.95,0.0,200.0,50.0,True,25.0
2025-09-10 22:00:00,35.59,0.0,200.0,50.0,True,25.0
2025-09-10 23:00:00,29.91,0.0,200.0,50.0,True,25.0
2025-09-11 00:00:00,24.51,0.0,200.0,50.0,True,25.0
2025-09-11 01:00:00,21.83,0.0,200.0,50.0,True,25.0
2025-09-11 02:00:00,21.23,0.0,200.0,50.0,True,25.0
2025-09-11 03:00:00,19.55,0.0,200.0,50.0,True,25.0
2025-09-11 04:00:00,20.36,0.0,200.0,50.0,True,25.0
2025-09-11 05:00:00,22.52,0.0,200.0,50.0,True,25.0
2025-09-11 06:00:00,31.13,0.0,200.0,50.0,True,25.0
2025-09-11 07:00:00,38.21,0.0,200.0,50.0,True,25.0
2025-09-11 08:00:00,43.17,0.0,200.0,50.0,True,25.0
2025-09-11 09:00:00,40.57,1.1,200.0,50.0,True,25.0
2025-09-11 10:00:00,39.04,3.5,200.0,50.0,True,25.0
2025-09-11 11:00:00,38.6,7.8,200.0,50.0,True,25.0
2025-09-11 12:00:00,35.56,14.7,200.0,50.0,True,25.0
2025-09-11 13:00:00,33.13,21.9,200.0,50.0,True,25.0
2025-09-11 14:00:00,34.67,26.7,200.0,50.0,True,25.0
2025-09-11 15:00:00,40.1,26.1,200.0,50.0,True,25.0
2025-09-11 16:00:00,45.23,15.1,200.0,50.0,True,25.0
2025-09-11 17:00:00,55.06,0.0,200.0,50.0,True,25.0
2025-09-11 18:00:00,61.11,0.0,200.0,50.0,True,25.0
2025-09-11 19:00:00,61.59,0.0,200.0,50.0,True,25.0
2025-09-11 20:00:00,58.29,0.0,200.0,50.0,True,25.0
2025-09-11 21:00:00,46.82,0.0,200.0,50.0,True,25.0
2025-09-11 22:00:00,35.69,0.0,200.0,50.0,True,25.0
2025-09-11 23:00:00,26.25,0.0,200.0,50.0,True,25.0
2025-09-12 00:00:00,23.39,0.0,200.0,50.0,True,25.0
2025-09-12 01:00:00,21.17,0.0,200.0,50.0,True,25.0
2025-09-12 02:00:00,22.04,0.0,200.0,50.0,True,25.0
2025-09-12 03:00:00,20.96,0.0,200.0,50.0,True,25.0
2025-09-12 04:00:00,21.5,0.0,200.0,50.0,True,25.0
2025-09-12 05:00:00,25.32,0.0,200.0,50.0,True,25.0
2025-09-12 06:00:00,31.52,0.0,200.0,50.0,True,25.0
2025-09-12 07:00:00,39.45,0.0,200.0,50.0,True,25.0
2025-09-12 08:00:00,43.55,3.3,200.0,50.0,True,25.0
2025-09-12 09:00:00,40.23,14.2,200.0,50.0,True,25.0
2025-09-12 10:00:00,38.15,29.4,200.0,50.0,True,25.0
2025-09-12 11:00:00,38.38,48.0,200.0,50.0,True,25.0
2025-09-12 12:00:00,34.26,67.6,200.0,50.0,True,25.0
2025-09-12 13:00:00,35.03,84.9,200.0,50.0,True,25.0
2025-09-12 14:00:00,37.37,95.5,200.0,50.0,True,25.0
2025-09-12 15:00:00,39.81,99.3,200.0,50.0,True,25.0
2025-09-12 16:00:00,44.5,91.4,200.0,50.0,True,25.0
2025-09-12 17:00:00,52.28,69.3,200.0,50.0,True,25.0
2025-09-12 18:00:00,61.52,42.7,200.0,50.0,True,25.0
2025-09-12 19:00:00,64.39,16.1,200.0,50.0,True,25.0
2025-09-12 20:00:00,57.39,0.0,200.0,50.0,True,25.0
2025-09-12 21:00:00,47.68,0.0,200.0,50.0,True,25.0
2025-09-12 22:00:00,35.75,0.0,200.0,50.0,True,25.0
2025-09-12 23:00:00,28.22,0.0,200.0,50.0,True,25.0
2025-09-13 00:00:00,20.85,0.0,200.0,50.0,True,25.0
2025-09-13 01:00:00,17.85,0.0,200.0,50.0,True,25.0
2025-09-13 02:00:00,18.43,0.0,200.0,50.0,True,25.0
2025-09-13 03:00:00,17.45,0.0,200.0,50.0,True,25.0
2025-09-13 04:00:00,19.64,0.0,200.0,50.0,True,25.0
2025-09-13 05:00:00,21.21,0.0,200.0,50.0,True,25.0
2025-09-13 06:00:00,27.43,0.0,200.0,50.0,True,25.0
2025-09-13 07:00:00,34.63,0.0,200.0,50.0,True,25.0
2025-09-13 08:00:00,36.96,3.4,200.0,50.0,True,25.0
2025-09-13 09:00:00,34.95,14.9,200.0,50.0,True,25.0
2025-09-13 10:00:00,33.57,30.9,200.0,50.0,True,25.0
2025-09-13 11:00:00,32.86,49.2,200.0,50.0,True,25.0
2025-09-13 12:00:00,30.58,67.1,200.0,50.0,True,25.0
2025-09-13 13:00:00,28.76,82.6,200.0,50.0,True,25.0
2025-09-13 14:00:00,32.24,94.1,200.0,50.0,True,25.0
2025-09-13 15:00:00,34.48,99.5,200.0,50.0,True,25.0
2025-09-13 16:00:00,39.53,93.0,200.0,50.0,True,25.0
2025-09-13 17:00:00,46.38,73.6,200.0,50.0,True,25.0
2025-09-13 18:00:00,52.64,47.0,200.0,50.0,True,25.0
2025-09-13 19:00:00,55.33,20.4,200.0,50.0,True,25.0
2025-09-13 20:00:00,48.19,0.0,200.0,50.0,True,25.0
2025-09-13 21:00:00,41.77,0.0,200.0,50.0,True,25.0
2025-09-13 22:00:00,30.19,0.0,200.0,50.0,True,25.0
2025-09-13 23:00:00,24.18,0.0,200.0,50.0,True,25.0
2025-09-14 00:00:00,21.72,0.0,200.0,50.0,True,25.0
2025-09-14 01:00:00,19.3,0.0,200.0,50.0,True,25.0
2025-09-14 02:00:00,17.52,0.0,200.0,50.0,True,25.0
2025-09-14 03:00:00,19.75,0.0,200.0,50.0,True,25.0
2025-09-14 04:00:00,17.08,0.0,200.0,50.0,True,25.0
2025-09-14 05:00:00,18.52,0.0,200.0,50.0,True,25.0
2025-09-14 06:00:00,27.15,0.0,200.0,50.0,True,25.0
2025-09-14 07:00:00,32.5,0.0,200.0,50.0,True,25.0
2025-09-14 08:00:00,39.02,3.2,200.0,50.0,True,25.0
2025-09-14 09:00:00,36.34,13.4,200.0,50.0,True,25.0
2025-09-14 10:00:00,34.59,28.2,200.0,50.0,True,25.0
2025-09-14 11:00:00,31.94,44.1,200.0,50.0,True,25.0
2025-09-14 12:00:00,30.0,62.1,200.0,50.0,True,25.0
2025-09-14 13:00:00,29.56,80.0,200.0,50.0,True,25.0
2025-09-14 14:00:00,29.94,92.1,200.0,50.0,True,25.0
2025-09-14 15:00:00,35.7,96.2,200.0,50.0,True,25.0
2025-09-14 16:00:00,38.25,90.5,200.0,50.0,True,25.0
2025-09-14 17:00:00,47.91,69.7,200.0,50.0,True,25.0
2025-09-14 18:00:00,55.03,43.1,200.0,50.0,True,25.0
2025-09-14 19:00:00,54.4,16.5,200.0,50.0,True,25.0
2025-09-14 20:00:00,51.01,0.0,200.0,50.0,True,25.0
2025-09-14 21:00:00,39.7,0.0,200.0,50.0,True,25.0
2025-09-14 22:00:00,30.78,0.0,200.0,50.0,True,25.0
2025-09-14 23:00:00,23.92,0.0,200.0,50.0,True,25.0
2025-09-15 00:00:00,23.23,0.0,200.0,50.0,True,25.0
2025-09-15 01:00:00,22.4,0.0,200.0,50.0,True,25.0
2025-09-15 02:00:00,20.01,0.0,200.0,50.0,True,25.0
2025-09-15 03:00:00,21.48,0.0,200.0,50.0,True,25.0
2025-09-15 04:00:00,20.17,0.0,200.0,50.0,True,25.0
2025-09-15 05:00:00,22.54,0.0,200.0,50.0,True,25.0
2025-09-15 06:00:00,29.31,0.0,200.0,50.0,True,25.0
2025-09-15 07:00:00,38.42,0.0,200.0,50.0,True,25.0
2025-09-15 08:00:00,43.0,1.4,200.0,50.0,True,25.0
2025-09-15 09:00:00,40.82,11.3,200.0,50.0,True,25.0
2025-09-15 10:00:00,36.92,24.8,200.0,50.0,True,25.0
2025-09-15 11:00:00,38.2,38.8,200.0,50.0,True,25.0
2025-09-15 12:00:00,34.84,52.1,200.0,50.0,True,25.0
2025-09-15 13:00:00,34.35,64.6,200.0,50.0,True,25.0
2025-09-15 14:00:00,37.81,73.3,200.0,50.0,True,25.0
2025-09-15 15:00:00,40.42,71.9,200.0,50.0,True,25.0
2025-09-15 16:00:00,44.68,60.8,200.0,50.0,True,25.0
2025-09-15 17:00:00,52.03,38.1,200.0,50.0,True,25.0
2025-09-15 18:00:00,59.46,11.5,200.0,50.0,True,25.0
2025-09-15 19:00:00,64.33,0.0,200.0,50.0,True,25.0
2025-09-15 20:00:00,56.9,0.0,200.0,50.0,True,25.0
2025-09-15 21:00:00,46.07,0.0,200.0,50.0,True,25.0
2025-09-15 22:00:00,33.79,0.0,200.0,50.0,True,25.0
2025-09-15 23:00:00,28.3,0.0,200.0,50.0,True,25.0
2025-09-16 00:00:00,25.4,0.0,200.0,50.0,True,25.0
2025-09-16 01:00:00,24.01,0.0,200.0,50.0,True,25.0
2025-09-16 02:00:00,20.91,0.0,200.0,50.0,True,25.0
2025-09-16 03:00:00,21.11,0.0,200.0,50.0,True,25.0
2025-09-16 04:00:00,21.33,0.0,200.0,50.0,True,25.0
2025-09-16 05:00:00,25.09,0.0,200.0,50.0,True,25.0
2025-09-16 06:00:00,29.57,0.0,200.0,50.0,True,25.0
2025-09-16 07:00:00,37.83,0.0,200.0,50.0,True,25.0
2025-09-16 08:00:00,44.1,0.0,200.0,50.0,True,25.0
2025-09-16 09:00:00,40.79,7.4,200.0,50.0,True,25.0
2025-09-16 10:00:00,38.4,15.2,200.0,50.0,True,25.0
2025-09-16 11:00:00,37.18,19.5,200.0,50.0,True,25.0
2025-09-16 12:00:00,34.24,29.0,200.0,50.0,True,25.0
2025-09-16 13:00:00,34.51,31.7,200.0,50.0,True,25.0
2025-09-16 14:00:00,34.89,33.1,200.0,50.0,True,25.0
2025-09-16 15:00:00,37.87,28.8,200.0,50.0,True,25.0
2025-09-16 16:00:00,47.22,13.1,200.0,50.0,True,25.0
2025-09-16 17:00:00,52.4,0.0,200.0,50.0,True,25.0
2025-09-16 18:00:00,61.43,0.0,200.0,50.0,True,25.0
2025-09-16 19:00:00,62.92,0.0,200.0,50.0,True,25.0
2025-09-16 20:00:00,56.07,0.0,200.0,50.0,True,25.0
2025-09-16 21:00:00,45.81,0.0,200.0,50.0,True,25.0
2025-09-16 22:00:00,33.51,0.0,200.0,50.0,True,25.0
2025-09-16 23:00:00,30.21,0.0,200.0,50.0,True,25.0
2025-09-17 00:00:00,23.68,0.0,200.0,50.0,False,0.0
2025-09-17 01:00:00,21.93,0.0,200.0,50.0,False,0.0
2025-09-17 02:00:00,23.75,0.0,200.0,50.0,False,0.0
2025-09-17 03:00:00,19.32,0.0,200.0,50.0,False,0.0
2025-09-17 04:00:00,22.97,0.0,200.0,50.0,False,0.0
2025-09-17 05:00:00,24.71,0.0,200.0,50.0,False,0.0
2025-09-17 06:00:00,27.16,0.0,200.0,50.0,False,0.0
2025-09-17 07:00:00,38.32,0.0,200.0,50.0,False,0.0
2025-09-17 08:00:00,42.98,0.0,200.0,50.0,False,0.0
2025-09-17 09:00:00,40.66,0.0,200.0,50.0,False,0.0
2025-09-17 10:00:00,38.81,3.7,200.0,50.0,False,0.0
2025-09-17 11:00:00,36.19,8.6,200.0,50.0,False,0.0
2025-09-17 12:00:00,34.22,11.5,200.0,50.0,False,0.0
2025-09-17 13:00:00,33.6,15.1,200.0,50.0,False,0.0
2025-09-17 14:00:00,37.43,13.7,200.0,50.0,False,0.0
2025-09-17 15:00:00,37.68,8.5,200.0,50.0,False,0.0
2025-09-17 16:00:00,43.73,0.0,200.0,50.0,False,0.0
2025-09-17 17:00:00,53.57,0.0,200.0,50.0,False,0.0
2025-09-17 18:00:00,59.16,0.0,200.0,50.0,False,0.0
2025-09-17 19:00:00,63.28,0.0,200.0,50.0,False,0.0
2025-09-17 20:00:00,55.68,0.0,200.0,50.0,False,0.0
2025-09-17 21:00:00,44.85,0.0,200.0,50.0,False,0.0
2025-09-17 22:00:00,33.71,0.0,200.0,50.0,False,0.0
2025-09-17 23:00:00,25.72,0.0,200.0,50.0,False,0.0
2025-09-18 00:00:00,25.49,0.0,200.0,50.0,False,0.0
2025-09-18 01:00:00,22.75,0.0,200.0,50.0,False,0.0
2025-09-18 02:00:00,22.49,0.0,200.0,50.0,False,0.0
2025-09-18 03:00:00,21.28,0.0,200.0,50.0,False,0.0
2025-09-18 04:00:00,21.18,0.0,200.0,50.0,False,0.0
2025-09-18 05:00:00,23.93,0.0,200.0,50.0,False,0.0
2025-09-18 06:00:00,30.71,0.0,200.0,50.0,False,0.0
2025-09-18 07:00:00,40.68,0.0,200.0,50.0,False,0.0
2025-09-18 08:00:00,40.89,2.1,200.0,50.0,False,0.0
2025-09-18 09:00:00,43.58,9.0,200.0,50.0,False,0.0
2025-09-18 10:00:00,37.14,24.0,200.0,50.0,False,0.0
2025-09-18 11:00:00,36.32,43.1,200.0,50.0,False,0.0
2025-09-18 12:00:00,35.12,58.2,200.0,50.0,False,0.0
2025-09-18 13:00:00,34.12,71.7,200.0,50.0,False,0.0
2025-09-18 14:00:00,37.38,80.1,200.0,50.0,False,0.0
2025-09-18 15:00:00,39.93,83.1,200.0,50.0,False,0.0
2025-09-18 16:00:00,44.74,73.0,200.0,50.0,False,0.0
2025-09-18 17:00:00,54.7,48.6,200.0,50.0,False,0.0
2025-09-18 18:00:00,61.25,22.0,200.0,50.0,False,0.0
2025-09-18 19:00:00,61.87,0.0,200.0,50.0,False,0.0
2025-09-18 20:00:00,57.73,0.0,200.0,50.0,False,0.0
2025-09-18 21:00:00,46.17,0.0,200.0,50.0,False,0.0
2025-09-18 22:00:00,34.02,0.0,200.0,50.0,False,0.0
2025-09-18 23:00:00,29.17,0.0,200.0,50.0,False,0.0
2025-09-19 00:00:00,23.87,0.0,200.0,50.0,True,25.0
2025-09-19 01:00:00,20.75,0.0,200.0,50.0,True,25.0
2025-09-19 02:00:00,20.2,0.0,200.0,50.0,True,25.0
2025-09-19 03:00:00,20.89,0.0,200.0,50.0,True,25.0
2025-09-19 04:00:00,22.61,0.0,200.0,50.0,True,25.0
2025-09-19 05:00:00,24.51,0.0,200.0,50.0,True,25.0
2025-09-19 06:00:00,30.04,0.0,200.0,50.0,True,25.0
2025-09-19 07:00:00,37.69,0.0,200.0,50.0,True,25.0
2025-09-19 08:00:00,42.45,2.0,200.0,50.0,True,25.0
2025-09-19 09:00:00,40.1,13.3,200.0,50.0,True,25.0
2025-09-19 10:00:00,38.43,28.5,200.0,50.0,True,25.0
2025-09-19 11:00:00,36.68,48.2,200.0,50.0,True,25.0
2025-09-19 12:00:00,34.19,67.8,200.0,50.0,True,25.0
2025-09-19 13:00:00,34.78,83.7,200.0,50.0,True,25.0
2025-09-19 14:00:00,33.77,95.9,200.0,50.0,True,25.0
2025-09-19 15:00:00,37.1,100.0,200.0,50.0,True,25.0
2025-09-19 16:00:00,43.24,92.1,200.0,50.0,True,25.0
2025-09-19 17:00:00,54.45,68.0,200.0,50.0,True,25.0
2025-09-19 18:00:00,61.16,41.4,200.0,50.0,True,25.0
2025-09-19 19:00:00,60.45,14.8,200.0,50.0,True,25.0
2025-09-19 20:00:00,57.79,0.0,200.0,50.0,True,25.0
2025-09-19 21:00:00,45.97,0.0,200.0,50.0,True,25.0
2025-09-19 22:00:00,34.48,0.0,200.0,50.0,True,25.0
2025-09-19 23:00:00,27.32,0.0,200.0,50.0,True,25.0
2025-09-20 00:00:00,19.43,0.0,200.0,50.0,True,25.0
2025-09-20 01:00:00,19.62,0.0,200.0,50.0,True,25.0
2025-09-20 02:00:00,17.25,0.0,200.0,50.0,True,25.0
2025-09-20 03:00:00,17.38,0.0,200.0,50.0,True,25.0
2025-09-20 04:00:00,18.35,0.0,200.0,50.0,True,25.0
2025-09-20 05:00:00,21.95,0.0,200.0,50.0,True,25.0
2025-09-20 06:00:00,25.93,0.0,200.0,50.0,True,25.0
2025-09-20 07:00:00,34.82,0.0,200.0,50.0,True,25.0
2025-09-20 08:00:00,35.77,4.8,200.0,50.0,True,25.0
2025-09-20 09:00:00,35.46,15.9,200.0,50.0,True,25.0
2025-09-20 10:00:00,34.61,34.6,200.0,50.0,True,25.0
2025-09-20 11:00:00,33.85,54.2,200.0,50.0,True,25.0
2025-09-20 12:00:00,29.37,77.3,200.0,50.0,True,25.0
2025-09-20 13:00:00,28.76,97.1,200.0,50.0,True,25.0
2025-09-20 14:00:00,31.34,100.0,200.0,50.0,True,25.0
2025-09-20 15:00:00,35.91,100.0,200.0,50.0,True,25.0
2025-09-20 16:00:00,39.17,94.3,200.0,50.0,True,25.0
2025-09-20 17:00:00,45.58,74.9,200.0,50.0,True,25.0
2025-09-20 18:00:00,52.08,48.3,200.0,50.0,True,25.0
2025-09-20 19:00:00,55.17,21.7,200.0,50.0,True,25.0
2025-09-20 20:00:00,50.58,0.0,200.0,50.0,True,25.0
2025-09-20 21:00:00,40.18,0.0,200.0,50.0,True,25.0
2025-09-20 22:00:00,29.44,0.0,200.0,50.0,True,25.0
2025-09-20 23:00:00,25.59,0.0,200.0,50.0,True,25.0
2025-09-21 00:00:00,20.58,0.0,200.0,50.0,True,25.0
2025-09-21 01:00:00,20.02,0.0,200.0,50.0,True,25.0
2025-09-21 02:00:00,16.61,0.0,200.0,50.0,True,25.0
2025-09-21 03:00:00,19.21,0.0,200.0,50.0,True,25.0
2025-09-21 04:00:00,17.92,0.0,200.0,50.0,True,25.0
2025-09-21 05:00:00,22.61,0.0,200.0,50.0,True,25.0
2025-09-21 06:00:00,26.58,0.0,200.0,50.0,True,25.0
2025-09-21 07:00:00,32.21,0.0,200.0,50.0,True,25.0
2025-09-21 08:00:00,37.45,1.7,200.0,50.0,True,25.0
2025-09-21 09:00:00,37.53,9.9,200.0,50.0,True,25.0
2025-09-21 10:00:00,33.21,25.5,200.0,50.0,True,25.0
2025-09-21 11:00:00,34.3,41.6,200.0,50.0,True,25.0
2025-09-21 12:00:00,31.16,58.8,200.0,50.0,True,25.0
2025-09-21 13:00:00,31.33,76.3,200.0,50.0,True,25.0
2025-09-21 14:00:00,30.89,88.4,200.0,50.0,True,25.0
2025-09-21 15:00:00,33.78,93.9,200.0,50.0,True,25.0
2025-09-21 16:00:00,40.98,85.9,200.0,50.0,True,25.0
2025-09-21 17:00:00,47.71,64.7,200.0,50.0,True,25.0
2025-09-21 18:00:00,53.03,38.1,200.0,50.0,True,25.0
2025-09-21 19:00:00,55.43,11.5,200.0,50.0,True,25.0
2025-09-21 20:00:00,49.4,0.0,200.0,50.0,True,25.0
2025-09-21 21:00:00,40.52,0.0,200.0,50.0,True,25.0
2025-09-21 22:00:00,32.13,0.0,200.0,50.0,True,25.0
2025-09-21 23:00:00,24.04,0.0,200.0,50.0,True,25.0
2025-09-22 00:00:00,22.78,0.0,200.0,50.0,True,25.0
2025-09-22 01:00:00,20.84,0.0,200.0,50.0,True,25.0
2025-09-22 02:00:00,21.35,0.0,200.0,50.0,True,25.0
2025-09-22 03:00:00,19.2,0.0,200.0,50.0,True,25.0
2025-09-22 04:00:00,19.54,0.0,200.0,50.0,True,25.0
2025-09-22 05:00:00,22.39,0.0,200.0,50.0,True,25.0
2025-09-22 06:00:00,30.74,0.0,200.0,50.0,True,25.0
2025-09-22 07:00:00,38.32,0.0,200.0,50.0,True,25.0
2025-09-22 08:00:00,42.23,1.5,200.0,50.0,True,25.0
2025-09-22 09:00:00,39.17,11.5,200.0,50.0,True,25.0
2025-09-22 10:00:00,37.8,25.9,200.0,50.0,True,25.0
2025-09-22 11:00:00,35.93,42.2,200.0,50.0,True,25.0
2025-09-22 12:00:00,34.5,60.7,200.0,50.0,True,25.0
2025-09-22 13:00:00,31.74,77.8,200.0,50.0,True,25.0
2025-09-22 14:00:00,36.14,86.3,200.0,50.0,True,25.0
2025-09-22 15:00:00,38.48,87.9,200.0,50.0,True,25.0
2025-09-22 16:00:00,44.24,78.2,200.0,50.0,True,25.0
2025-09-22 17:00:00,54.26,53.4,200.0,50.0,True,25.0
2025-09-22 18:00:00,61.5,26.8,200.0,50.0,True,25.0
2025-09-22 19:00:00,61.64,0.2,200.0,50.0,True,25.0
2025-09-22 20:00:00,57.55,0.0,200.0,50.0,True,25.0
2025-09-22 21:00:00,46.54,0.0,200.0,50.0,True,25.0
2025-09-22 22:00:00,35.21,0.0,200.0,50.0,True,25.0
2025-09-22 23:00:00,28.77,0.0,200.0,50.0,True,25.0
2025-09-23 00:00:00,24.76,0.0,200.0,50.0,True,25.0
2025-09-23 01:00:00,22.84,0.0,200.0,50.0,True,25.0
2025-09-23 02:00:00,22.87,0.0,200.0,50.0,True,25.0
2025-09-23 03:00:00,20.17,0.0,200.0,50.0,True,25.0
2025-09-23 04:00:00,21.3,0.0,200.0,50.0,True,25.0
2025-09-23 05:00:00,24.78,0.0,200.0,50.0,True,25.0
2025-09-23 06:00:00,29.07,0.0,200.0,50.0,True,25.0
2025-09-23 07:00:00,39.02,0.0,200.0,50.0,True,25.0
2025-09-23 08:00:00,41.43,0.0,200.0,50.0,True,25.0
2025-09-23 09:00:00,37.53,3.5,200.0,50.0,True,25.0
2025-09-23 10:00:00,39.16,10.2,200.0,50.0,True,25.0
2025-09-23 11:00:00,34.75,20.4,200.0,50.0,True,25.0
2025-09-23 12:00:00,33.94,27.5,200.0,50.0,True,25.0
2025-09-23 13:00:00,34.66,29.1,200.0,50.0,True,25.0
2025-09-23 14:00:00,35.78,27.9,200.0,50.0,True,25.0
2025-09-23 15:00:00,39.85,18.1,200.0,50.0,True,25.0
2025-09-23 16:00:00,41.51,2.2,200.0,50.0,True,25.0
2025-09-23 17:00:00,53.44,0.0,200.0,50.0,True,25.0
2025-09-23 18:00:00,60.1,0.0,200.0,50.0,True,25.0
2025-09-23 19:00:00,63.42,0.0,200.0,50.0,True,25.0
2025-09-23 20:00:00,58.52,0.0,200.0,50.0,True,25.0
2025-09-23 21:00:00,44.19,0.0,200.0,50.0,True,25.0
2025-09-23 22:00:00,34.8,0.0,200.0,50.0,True,25.0
2025-09-23 23:00:00,28.46,0.0,200.0,50.0,True,25.0
2025-09-24 00:00:00,23.36,0.0,200.0,50.0,True,25.0
2025-09-24 01:00:00,24.03,0.0,200.0,50.0,True,25.0
2025-09-24 02:00:00,20.72,0.0,200.0,50.0,True,25.0
2025-09-24 03:00:00,19.75,0.0,200.0,50.0,True,25.0
2025-09-24 04:00:00,19.91,0.0,200.0,50.0,True,25.0
2025-09-24 05:00:00,23.95,0.0,200.0,50.0,True,25.0
2025-09-24 06:00:00,25.62,0.0,200.0,50.0,True,25.0
2025-09-24 07:00:00,38.09,0.0,200.0,50.0,True,25.0
2025-09-24 08:00:00,43.56,0.0,200.0,50.0,True,25.0
2025-09-24 09:00:00,38.53,7.2,200.0,50.0,True,25.0
2025-09-24 10:00:00,36.44,19.8,200.0,50.0,True,25.0
2025-09-24 11:00:00,37.89,32.2,200.0,50.0,True,25.0
2025-09-24 12:00:00,36.23,44.5,200.0,50.0,True,25.0
2025-09-24 13:00:00,32.0,59.3,200.0,50.0,True,25.0
2025-09-24 14:00:00,36.81,64.8,200.0,50.0,True,25.0
2025-09-24 15:00:00,38.9,65.3,200.0,50.0,True,25.0
2025-09-24 16:00:00,45.12,53.3,200.0,50.0,True,25.0
2025-09-24 17:00:00,52.05,29.3,200.0,50.0,True,25.0
2025-09-24 18:00:00,62.1,2.7,200.0,50.0,True,25.0
2025-09-24 19:00:00,61.82,0.0,200.0,50.0,True,25.0
2025-09-24 20:00:00,56.29,0.0,200.0,50.0,True,25.0
2025-09-24 21:00:00,46.27,0.0,200.0,50.0,True,25.0
2025-09-24 22:00:00,34.26,0.0,200.0,50.0,True,25.0
2025-09-24 23:00:00,25.59,0.0,200.0,50.0,True,25.0
2025-09-25 00:00:00,23.88,0.0,200.0,50.0,True,25.0
2025-09-25 01:00:00,21.52,0.0,200.0,50.0,True,25.0
2025-09-25 02:00:00,20.25,0.0,200.0,50.0,True,25.0
2025-09-25 03:00:00,21.56,0.0,200.0,50.0,True,25.0
2025-09-25 04:00:00,24.04,0.0,200.0,50.0,True,25.0
2025-09-25 05:00:00,22.62,0.0,200.0,50.0,True,25.0
2025-09-25 06:00:00,29.44,0.0,200.0,50.0,True,25.0
2025-09-25 07:00:00,37.85,0.0,200.0,50.0,True,25.0
2025-09-25 08:00:00,44.72,0.6,200.0,50.0,True,25.0
2025-09-25 09:00:00,40.74,8.8,200.0,50.0,True,25.0
2025-09-25 10:00:00,39.44,21.0,200.0,50.0,True,25.0
2025-09-25 11:00:00,37.92,37.3,200.0,50.0,True,25.0
2025-09-25 12:00:00,34.83,55.3,200.0,50.0,True,25.0
2025-09-25 13:00:00,33.36,70.9,200.0,50.0,True,25.0
2025-09-25 14:00:00,36.5,79.9,200.0,50.0,True,25.0
2025-09-25 15:00:00,39.26,80.6,200.0,50.0,True,25.0
2025-09-25 16:00:00,42.79,71.2,200.0,50.0,True,25.0
2025-09-25 17:00:00,52.06,47.5,200.0,50.0,True,25.0
2025-09-25 18:00:00,59.76,20.9,200.0,50.0,True,25.0
2025-09-25 19:00:00,63.44,0.0,200.0,50.0,True,25.0
2025-09-25 20:00:00,58.34,0.0,200.0,50.0,True,25.0
2025-09-25 21:00:00,48.21,0.0,200.0,50.0,True,25.0
2025-09-25 22:00:00,33.83,0.0,200.0,50.0,True,25.0
2025-09-25 23:00:00,27.54,0.0,200.0,50.0,True,25.0
2025-09-26 00:00:00,23.21,0.0,200.0,50.0,True,25.0
2025-09-26 01:00:00,21.65,0.0,200.0,50.0,True,25.0
2025-09-26 02:00:00,22.25,0.0,200.0,50.0,True,25.0
2025-09-26 03:00:00,19.99,0.0,200.0,50.0,True,25.0
2025-09-26 04:00:00,22.72,0.0,200.0,50.0,True,25.0
2025-09-26 05:00:00,23.07,0.0,200.0,50.0,True,25.0
2025-09-26 06:00:00,30.05,0.0,200.0,50.0,True,25.0
2025-09-26 07:00:00,37.74,0.0,200.0,50.0,True,25.0
2025-09-26 08:00:00,39.71,3.1,200.0,50.0,True,25.0
2025-09-26 09:00:00,38.87,13.3,200.0,50.0,True,25.0
2025-09-26 10:00:00,38.42,27.7,200.0,50.0,True,25.0
2025-09-26 11:00:00,38.75,44.8,200.0,50.0,True,25.0
2025-09-26 12:00:00,34.07,63.1,200.0,50.0,True,25.0
2025-09-26 13:00:00,33.33,79.6,200.0,50.0,True,25.0
2025-09-26 14:00:00,35.21,90.7,200.0,50.0,True,25.0
2025-09-26 15:00:00,37.55,93.7,200.0,50.0,True,25.0
2025-09-26 16:00:00,43.16,85.7,200.0,50.0,True,25.0
2025-09-26 17:00:00,52.93,61.6,200.0,50.0,True,25.0
2025-09-26 18:00:00,59.61,35.0,200.0,50.0,True,25.0
2025-09-26 19:00:00,59.82,8.4,200.0,50.0,True,25.0
2025-09-26 20:00:00,55.71,0.0,200.0,50.0,True,25.0
2025-09-26 21:00:00,46.3,0.0,200.0,50.0,True,25.0
2025-09-26 22:00:00,35.4,0.0,200.0,50.0,True,25.0
2025-09-26 23:00:00,28.94,0.0,200.0,50.0,True,25.0
2025-09-27 00:00:00,22.32,0.0,200.0,50.0,True,25.0
2025-09-27 01:00:00,18.13,0.0,200.0,50.0,True,25.0
2025-09-27 02:00:00,17.68,0.0,200.0,50.0,True,25.0
2025-09-27 03:00:00,16.77,0.0,200.0,50.0,True,25.0
2025-09-27 04:00:00,18.39,0.0,200.0,50.0,True,25.0
2025-09-27 05:00:00,20.07,0.0,200.0,50.0,True,25.0
2025-09-27 06:00:00,25.41,0.0,200.0,50.0,True,25.0
2025-09-27 07:00:00,32.58,0.0,200.0,50.0,True,25.0
2025-09-27 08:00:00,37.77,3.6,200.0,50.0,True,25.0
2025-09-27 09:00:00,34.09,15.7,200.0,50.0,True,25.0
2025-09-27 10:00:00,32.43,33.8,200.0,50.0,True,25.0
2025-09-27 11:00:00,32.65,53.8,200.0,50.0,True,25.0
2025-09-27 12:00:00,31.29,73.5,200.0,50.0,True,25.0
2025-09-27 13:00:00,29.19,92.0,200.0,50.0,True,25.0
2025-09-27 14:00:00,31.47,100.0,200.0,50.0,True,25.0
2025-09-27 15:00:00,34.58,100.0,200.0,50.0,True,25.0
2025-09-27 16:00:00,40.71,91.9,200.0,50.0,True,25.0
2025-09-27 17:00:00,47.31,70.7,200.0,50.0,True,25.0
2025-09-27 18:00:00,54.89,44.1,200.0,50.0,True,25.0
2025-09-27 19:00:00,54.52,17.5,200.0,50.0,True,25.0
2025-09-27 20:00:00,51.32,0.0,200.0,50.0,True,25.0
2025-09-27 21:00:00,41.74,0.0,200.0,50.0,True,25.0
2025-09-27 22:00:00,30.25,0.0,200.0,50.0,True,25.0
2025-09-27 23:00:00,23.19,0.0,200.0,50.0,True,25.0
2025-09-28 00:00:00,20.17,0.0,200.0,50.0,True,25.0
2025-09-28 01:00:00,19.68,0.0,200.0,50.0,True,25.0
2025-09-28 02:00:00,17.17,0.0,200.0,50.0,True,25.0
2025-09-28 03:00:00,17.04,0.0,200.0,50.0,True,25.0
2025-09-28 04:00:00,19.98,0.0,200.0,50.0,True,25.0
2025-09-28 05:00:00,21.58,0.0,200.0,50.0,True,25.0
2025-09-28 06:00:00,22.76,0.0,200.0,50.0,True,25.0
2025-09-28 07:00:00,31.98,0.0,200.0,50.0,True,25.0
2025-09-28 08:00:00,39.36,2.0,200.0,50.0,True,25.0
2025-09-28 09:00:00,36.59,11.0,200.0,50.0,True,25.0
2025-09-28 10:00:00,32.87,26.8,200.0,50.0,True,25.0
2025-09-28 11:00:00,30.19,46.8,200.0,50.0,True,25.0
2025-09-28 12:00:00,28.88,66.3,200.0,50.0,True,25.0
2025-09-28 13:00:00,30.03,82.5,200.0,50.0,True,25.0
2025-09-28 14:00:00,32.75,93.0,200.0,50.0,True,25.0
2025-09-28 15:00:00,35.87,95.5,200.0,50.0,True,25.0
2025-09-28 16:00:00,36.48,88.7,200.0,50.0,True,25.0
2025-09-28 17:00:00,46.01,67.5,200.0,50.0,True,25.0
2025-09-28 18:00:00,51.73,40.9,200.0,50.0,True,25.0
2025-09-28 19:00:00,54.52,14.3,200.0,50.0,True,25.0
2025-09-28 20:00:00,47.96,0.0,200.0,50.0,True,25.0
2025-09-28 21:00:00,39.31,0.0,200.0,50.0,True,25.0
2025-09-28 22:00:00,29.34,0.0,200.0,50.0,True,25.0
2025-09-28 23:00:00,24.61,0.0,200.0,50.0,True,25.0
2025-09-29 00:00:00,22.96,0.0,200.0,50.0,True,25.0
2025-09-29 01:00:00,21.32,0.0,200.0,50.0,True,25.0
2025-09-29 02:00:00,21.66,0.0,200.0,50.0,True,25.0
2025-09-29 03:00:00,21.93,0.0,200.0,50.0,True,25.0
2025-09-29 04:00:00,23.58,0.0,200.0,50.0,True,25.0
2025-09-29 05:00:00,24.13,0.0,200.0,50.0,True,25.0
2025-09-29 06:00:00,28.92,0.0,200.0,50.0,True,25.0
2025-09-29 07:00:00,39.67,0.0,200.0,50.0,True,25.0
2025-09-29 08:00:00,43.12,0.0,200.0,50.0,True,25.0
2025-09-29 09:00:00,40.97,0.0,200.0,50.0,True,25.0
2025-09-29 10:00:00,36.2,2.3,200.0,50.0,True,25.0
2025-09-29 11:00:00,37.73,6.6,200.0,50.0,True,25.0
2025-09-29 12:00:00,34.9,8.0,200.0,50.0,True,25.0
2025-09-29 13:00:00,32.31,9.4,200.0,50.0,True,25.0
2025-09-29 14:00:00,33.66,14.7,200.0,50.0,True,25.0
2025-09-29 15:00:00,38.79,11.2,200.0,50.0,True,25.0
2025-09-29 16:00:00,40.52,0.2,200.0,50.0,True,25.0
2025-09-29 17:00:00,52.46,0.0,200.0,50.0,True,25.0
2025-09-29 18:00:00,59.08,0.0,200.0,50.0,True,25.0
2025-09-29 19:00:00,60.77,0.0,200.0,50.0,True,25.0
2025-09-29 20:00:00,55.69,0.0,200.0,50.0,True,25.0
2025-09-29 21:00:00,43.57,0.0,200.0,50.0,True,25.0
2025-09-29 22:00:00,35.73,0.0,200.0,50.0,True,25.0
2025-09-29 23:00:00,24.66,0.0,200.0,50.0,True,25.0
2025-09-30 00:00:00,23.75,0.0,200.0,50.0,True,25.0
2025-09-30 01:00:00,20.72,0.0,200.0,50.0,True,25.0
2025-09-30 02:00:00,23.39,0.0,200.0,50.0,True,25.0
2025-09-30 03:00:00,19.95,0.0,200.0,50.0,True,25.0
2025-09-30 04:00:00,18.46,0.0,200.0,50.0,True,25.0
2025-09-30 05:00:00,24.2,0.0,200.0,50.0,True,25.0
2025-09-30 06:00:00,27.67,0.0,200.0,50.0,True,25.0
2025-09-30 07:00:00,39.22,0.0,200.0,50.0,True,25.0
2025-09-30 08:00:00,42.4,0.0,200.0,50.0,True,25.0
2025-09-30 09:00:00,41.61,0.0,200.0,50.0,True,25.0
2025-09-30 10:00:00,38.26,0.0,200.0,50.0,True,25.0
2025-09-30 11:00:00,37.21,1.7,200.0,50.0,True,25.0
2025-09-30 12:00:00,34.46,3.2,200.0,50.0,True,25.0
2025-09-30 13:00:00,32.62,12.2,200.0,50.0,True,25.0
2025-09-30 14:00:00,35.69,18.3,200.0,50.0,True,25.0
2025-09-30 15:00:00,36.56,17.4,200.0,50.0,True,25.0
2025-09-30 16:00:00,43.42,4.8,200.0,50.0,True,25.0
2025-09-30 17:00:00,51.84,0.0,200.0,50.0,True,25.0
2025-09-30 18:00:00,60.78,0.0,200.0,50.0,True,25.0
2025-09-30 19:00:00,60.44,0.0,200.0,50.0,True,25.0
2025-09-30 20:00:00,55.66,0.0,200.0,50.0,True,25.0
2025-09-30 21:00:00,45.33,0.0,200.0,50.0,True,25.0
2025-09-30 22:00:00,36.2,0.0,200.0,50.0,True,25.0
2025-09-30 23:00:00,26.53,0.0,200.0,50.0,True,25.0
2025-10-01 00:00:00,23.03,0.0,200.0,50.0,True,25.0
2025-10-01 01:00:00,20.08,0.0,200.0,50.0,True,25.0
2025-10-01 02:00:00,19.8,0.0,200.0,50.0,True,25.0
2025-10-01 03:00:00,20.39,0.0,200.0,50.0,True,25.0
2025-10-01 04:00:00,21.02,0.0,200.0,50.0,True,25.0
2025-10-01 05:00:00,23.57,0.0,200.0,50.0,True,25.0
2025-10-01 06:00:00,31.02,0.0,200.0,50.0,True,25.0
2025-10-01 07:00:00,35.97,0.0,200.0,50.0,True,25.0
2025-10-01 08:00:00,44.37,0.0,200.0,50.0,True,25.0
2025-10-01 09:00:00,41.2,0.0,200.0,50.0,True,25.0
2025-10-01 10:00:00,37.58,7.1,200.0,50.0,True,25.0
2025-10-01 11:00:00,36.64,12.0,200.0,50.0,True,25.0
2025-10-01 12:00:00,33.54,18.9,200.0,50.0,True,25.0
2025-10-01 13:00:00,33.66,22.9,200.0,50.0,True,25.0
2025-10-01 14:00:00,36.94,19.1,200.0,50.0,True,25.0
2025-10-01 15:00:00,37.2,12.2,200.0,50.0,True,25.0
2025-10-01 16:00:00,43.12,0.0,200.0,50.0,True,25.0
2025-10-01 17:00:00,51.53,0.0,200.0,50.0,True,25.0
2025-10-01 18:00:00,58.96,0.0,200.0,50.0,True,25.0
2025-10-01 19:00:00,61.0,0.0,200.0,50.0,True,25.0
2025-10-01 20:00:00,54.75,0.0,200.0,50.0,True,25.0
2025-10-01 21:00:00,44.89,0.0,200.0,50.0,True,25.0
2025-10-01 22:00:00,34.42,0.0,200.0,50.0,True,25.0
2025-10-01 23:00:00,26.64,0.0,200.0,50.0,True,25.0
2025-10-02 00:00:00,20.71,0.0,200.0,50.0,True,25.0
2025-10-02 01:00:00,21.48,0.0,200.0,50.0,True,25.0
2025-10-02 02:00:00,20.89,0.0,200.0,50.0,True,25.0
2025-10-02 03:00:00,22.14,0.0,200.0,50.0,True,25.0
2025-10-02 04:00:00,20.98,0.0,200.0,50.0,True,25.0
2025-10-02 05:00:00,24.59,0.0,200.0,50.0,True,25.0
2025-10-02 06:00:00,28.38,0.0,200.0,50.0,True,25.0
2025-10-02 07:00:00,39.47,0.0,200.0,50.0,True,25.0
2025-10-02 08:00:00,40.39,0.0,200.0,50.0,True,25.0
2025-10-02 09:00:00,40.33,6.1,200.0,50.0,True,25.0
2025-10-02 10:00:00,38.92,14.4,200.0,50.0,True,25.0
2025-10-02 11:00:00,36.94,26.9,200.0,50.0,True,25.0
2025-10-02 12:00:00,36.9,39.6,200.0,50.0,True,25.0
2025-10-02 13:00:00,32.52,51.5,200.0,50.0,True,25.0
2025-10-02 14:00:00,36.0,58.2,200.0,50.0,True,25.0
2025-10-02 15:00:00,39.3,58.2,200.0,50.0,True,25.0
2025-10-02 16:00:00,43.39,46.2,200.0,50.0,True,25.0
2025-10-02 17:00:00,54.57,20.2,200.0,50.0,True,25.0
2025-10-02 18:00:00,59.41,0.0,200.0,50.0,True,25.0
2025-10-02 19:00:00,61.41,0.0,200.0,50.0,True,25.0
2025-10-02 20:00:00,55.96,0.0,200.0,50.0,True,25.0
2025-10-02 21:00:00,43.61,0.0,200.0,50.0,True,25.0
2025-10-02 22:00:00,35.22,0.0,200.0,50.0,True,25.0
2025-10-02 23:00:00,27.81,0.0,200.0,50.0,True,25.0
2025-10-03 00:00:00,23.31,0.0,200.0,50.0,True,25.0
2025-10-03 01:00:00,23.75,0.0,200.0,50.0,True,25.0
2025-10-03 02:00:00,20.39,0.0,200.0,50.0,True,25.0
2025-10-03 03:00:00,17.75,0.0,200.0,50.0,True,25.0
2025-10-03 04:00:00,23.19,0.0,200.0,50.0,True,25.0
2025-10-03 05:00:00,24.65,0.0,200.0,50.0,True,25.0
2025-10-03 06:00:00,29.59,0.0,200.0,50.0,True,25.0
2025-10-03 07:00:00,37.45,0.0,200.0,50.0,True,25.0
2025-10-03 08:00:00,41.87,0.6,200.0,50.0,True,25.0
2025-10-03 09:00:00,38.15,9.4,200.0,50.0,True,25.0
2025-10-03 10:00:00,37.59,22.2,200.0,50.0,True,25.0
2025-10-03 11:00:00,34.97,39.0,200.0,50.0,True,25.0
2025-10-03 12:00:00,34.56,56.1,200.0,50.0,True,25.0
2025-10-03 13:00:00,34.28,68.5,200.0,50.0,True,25.0
2025-10-03 14:00:00,32.99,75.4,200.0,50.0,True,25.0
2025-10-03 15:00:00,38.73,74.3,200.0,50.0,True,25.0
2025-10-03 16:00:00,43.5,62.0,200.0,50.0,True,25.0
2025-10-03 17:00:00,53.1,35.8,200.0,50.0,True,25.0
2025-10-03 18:00:00,59.2,9.2,200.0,50.0,True,25.0
2025-10-03 19:00:00,62.13,0.0,200.0,50.0,True,25.0
2025-10-03 20:00:00,55.05,0.0,200.0,50.0,True,25.0
2025-10-03 21:00:00,43.05,0.0,200.0,50.0,True,25.0
2025-10-03 22:00:00,32.51,0.0,200.0,50.0,True,25.0
2025-10-03 23:00:00,26.44,0.0,200.0,50.0,True,25.0
2025-10-04 00:00:00,18.65,0.0,200.0,50.0,True,25.0
2025-10-04 01:00:00,20.87,0.0,200.0,50.0,True,25.0
2025-10-04 02:00:00,18.27,0.0,200.0,50.0,True,25.0
2025-10-04 03:00:00,18.52,0.0,200.0,50.0,True,25.0
2025-10-04 04:00:00,19.32,0.0,200.0,50.0,True,25.0
2025-10-04 05:00:00,20.6,0.0,200.0,50.0,True,25.0
2025-10-04 06:00:00,29.58,0.0,200.0,50.0,True,25.0
2025-10-04 07:00:00,36.77,0.0,200.0,50.0,True,25.0
2025-10-04 08:00:00,38.1,2.6,200.0,50.0,True,25.0
2025-10-04 09:00:00,33.76,13.1,200.0,50.0,True,25.0
2025-10-04 10:00:00,34.98,28.4,200.0,50.0,True,25.0
2025-10-04 11:00:00,29.58,47.8,200.0,50.0,True,25.0
2025-10-04 12:00:00,31.77,67.5,200.0,50.0,True,25.0
2025-10-04 13:00:00,26.07,86.4,200.0,50.0,True,25.0
2025-10-04 14:00:00,29.71,98.2,200.0,50.0,True,25.0
2025-10-04 15:00:00,34.71,100.0,200.0,50.0,True,25.0
2025-10-04 16:00:00,38.47,92.3,200.0,50.0,True,25.0
2025-10-04 17:00:00,44.16,71.9,200.0,50.0,True,25.0
2025-10-04 18:00:00,52.47,45.3,200.0,50.0,True,25.0
2025-10-04 19:00:00,54.31,18.7,200.0,50.0,True,25.0
2025-10-04 20:00:00,49.34,0.0,200.0,50.0,True,25.0
2025-10-04 21:00:00,39.11,0.0,200.0,50.0,True,25.0
2025-10-04 22:00:00,31.12,0.0,200.0,50.0,True,25.0
2025-10-04 23:00:00,25.13,0.0,200.0,50.0,True,25.0
2025-10-05 00:00:00,20.37,0.0,200.0,50.0,True,25.0
2025-10-05 01:00:00,20.8,0.0,200.0,50.0,True,25.0
2025-10-05 02:00:00,18.15,0.0,200.0,50.0,True,25.0
2025-10-05 03:00:00,16.81,0.0,200.0,50.0,True,25.0
2025-10-05 04:00:00,19.97,0.0,200.0,50.0,True,25.0
2025-10-05 05:00:00,22.14,0.0,200.0,50.0,True,25.0
2025-10-05 06:00:00,24.56,0.0,200.0,50.0,True,25.0
2025-10-05 07:00:00,32.29,0.0,200.0,50.0,True,25.0
2025-10-05 08:00:00,38.49,1.7,200.0,50.0,True,25.0
2025-10-05 09:00:00,34.66,11.4,200.0,50.0,True,25.0
2025-10-05 10:00:00,33.21,26.7,200.0,50.0,True,25.0
2025-10-05 11:00:00,31.32,44.9,200.0,50.0,True,25.0
2025-10-05 12:00:00,31.63,62.8,200.0,50.0,True,25.0
2025-10-05 13:00:00,31.67,78.2,200.0,50.0,True,25.0
2025-10-05 14:00:00,30.13,89.9,200.0,50.0,True,25.0
2025-10-05 15:00:00,36.11,91.9,200.0,50.0,True,25.0
2025-10-05 16:00:00,37.28,84.7,200.0,50.0,True,25.0
2025-10-05 17:00:00,45.52,63.2,200.0,50.0,True,25.0
2025-10-05 18:00:00,52.99,36.6,200.0,50.0,True,25.0
2025-10-05 19:00:00,52.78,10.0,200.0,50.0,True,25.0
2025-10-05 20:00:00,49.81,0.0,200.0,50.0,True,25.0
2025-10-05 21:00:00,38.91,0.0,200.0,50.0,True,25.0
2025-10-05 22:00:00,28.19,0.0,200.0,50.0,True,25.0
2025-10-05 23:00:00,21.63,0.0,200.0,50.0,True,25.0
2025-10-06 00:00:00,22.93,0.0,200.0,50.0,True,25.0
2025-10-06 01:00:00,22.03,0.0,200.0,50.0,True,25.0
2025-10-06 02:00:00,19.18,0.0,200.0,50.0,True,25.0
2025-10-06 03:00:00,19.95,0.0,200.0,50.0,True,25.0
2025-10-06 04:00:00,21.03,0.0,200.0,50.0,True,25.0
2025-10-06 05:00:00,23.12,0.0,200.0,50.0,True,25.0
2025-10-06 06:00:00,27.59,0.0,200.0,50.0,True,25.0
2025-10-06 07:00:00,37.96,0.0,200.0,50.0,True,25.0
2025-10-06 08:00:00,41.09,0.0,200.0,50.0,True,25.0
2025-10-06 09:00:00,40.65,3.8,200.0,50.0,True,25.0
2025-10-06 10:00:00,36.12,13.2,200.0,50.0,True,25.0
2025-10-06 11:00:00,36.02,24.1,200.0,50.0,True,25.0
2025-10-06 12:00:00,32.56,36.0,200.0,50.0,True,25.0
2025-10-06 13:00:00,32.72,46.0,200.0,50.0,True,25.0
2025-10-06 14:00:00,32.77,52.3,200.0,50.0,True,25.0
2025-10-06 15:00:00,36.57,51.2,200.0,50.0,True,25.0
2025-10-06 16:00:00,43.05,40.3,200.0,50.0,True,25.0
2025-10-06 17:00:00,51.35,15.5,200.0,50.0,True,25.0
2025-10-06 18:00:00,60.96,0.0,200.0,50.0,True,25.0
2025-10-06 19:00:00,62.41,0.0,200.0,50.0,True,25.0
2025-10-06 20:00:00,56.58,0.0,200.0,50.0,True,25.0
2025-10-06 21:00:00,45.79,0.0,200.0,50.0,True,25.0
2025-10-06 22:00:00,34.24,0.0,200.0,50.0,True,25.0
2025-10-06 23:00:00,28.48,0.0,200.0,50.0,True,25.0
2025-10-07 00:00:00,22.93,0.0,200.0,50.0,True,25.0
2025-10-07 01:00:00,24.04,0.0,200.0,50.0,True,25.0
2025-10-07 02:00:00,19.65,0.0,200.0,50.0,True,25.0
2025-10-07 03:00:00,18.35,0.0,200.0,50.0,True,25.0
2025-10-07 04:00:00,19.1,0.0,200.0,50.0,True,25.0
2025-10-07 05:00:00,21.82,0.0,200.0,50.0,True,25.0
2025-10-07 06:00:00,26.7,0.0,200.0,50.0,True,25.0
2025-10-07 07:00:00,37.87,0.0,200.0,50.0,True,25.0
2025-10-07 08:00:00,42.22,0.0,200.0,50.0,True,25.0
2025-10-07 09:00:00,39.44,8.8,200.0,50.0,True,25.0
2025-10-07 10:00:00,35.95,23.6,200.0,50.0,True,25.0
2025-10-07 11:00:00,35.26,40.1,200.0,50.0,True,25.0
2025-10-07 12:00:00,35.04,54.0,200.0,50.0,True,25.0
2025-10-07 13:00:00,32.54,66.6,200.0,50.0,True,25.0
2025-10-07 14:00:00,33.07,73.7,200.0,50.0,True,25.0
2025-10-07 15:00:00,35.8,70.8,200.0,50.0,True,25.0
2025-10-07 16:00:00,42.48,56.3,200.0,50.0,True,25.0
2025-10-07 17:00:00,51.1,30.6,200.0,50.0,True,25.0
2025-10-07 18:00:00,59.0,4.0,200.0,50.0,True,25.0
2025-10-07 19:00:00,61.47,0.0,200.0,50.0,True,25.0
2025-10-07 20:00:00,55.18,0.0,200.0,50.0,True,25.0
2025-10-07 21:00:00,45.0,0.0,200.0,50.0,True,25.0
2025-10-07 22:00:00,34.6,0.0,200.0,50.0,True,25.0
2025-10-07 23:00:00,25.39,0.0,200.0,50.0,True,25.0
2025-10-08 00:00:00,25.51,0.0,200.0,50.0,True,25.0
2025-10-08 01:00:00,20.57,0.0,200.0,50.0,True,25.0
2025-10-08 02:00:00,21.36,0.0,200.0,50.0,True,25.0
2025-10-08 03:00:00,18.31,0.0,200.0,50.0,True,25.0
2025-10-08 04:00:00,20.87,0.0,200.0,50.0,True,25.0
2025-10-08 05:00:00,23.42,0.0,200.0,50.0,True,25.0
2025-10-08 06:00:00,30.6,0.0,200.0,50.0,True,25.0
2025-10-08 07:00:00,37.27,0.0,200.0,50.0,True,25.0
2025-10-08 08:00:00,42.69,0.0,200.0,50.0,True,25.0
2025-10-08 09:00:00,39.69,1.9,200.0,50.0,True,25.0
2025-10-08 10:00:00,39.77,3.4,200.0,50.0,True,25.0
2025-10-08 11:00:00,33.63,13.3,200.0,50.0,True,25.0
2025-10-08 12:00:00,34.55,22.1,200.0,50.0,True,25.0
2025-10-08 13:00:00,29.69,32.5,200.0,50.0,True,25.0
2025-10-08 14:00:00,33.9,36.1,200.0,50.0,True,25.0
2025-10-08 15:00:00,38.78,31.7,200.0,50.0,True,25.0
2025-10-08 16:00:00,44.65,16.7,200.0,50.0,True,25.0
2025-10-08 17:00:00,52.74,0.0,200.0,50.0,True,25.0
2025-10-08 18:00:00,58.66,0.0,200.0,50.0,True,25.0
2025-10-08 19:00:00,61.45,0.0,200.0,50.0,True,25.0
2025-10-08 20:00:00,58.45,0.0,200.0,50.0,True,25.0
2025-10-08 21:00:00,44.79,0.0,200.0,50.0,True,25.0
2025-10-08 22:00:00,35.13,0.0,200.0,50.0,True,25.0
2025-10-08 23:00:00,26.31,0.0,200.0,50.0,True,25.0
2025-10-09 00:00:00,24.49,0.0,200.0,50.0,True,25.0
2025-10-09 01:00:00,22.51,0.0,200.0,50.0,True,25.0
2025-10-09 02:00:00,19.98,0.0,200.0,50.0,True,25.0
2025-10-09 03:00:00,20.57,0.0,200.0,50.0,True,25.0
2025-10-09 04:00:00,21.7,0.0,200.0,50.0,True,25.0
2025-10-09 05:00:00,24.09,0.0,200.0,50.0,True,25.0
2025-10-09 06:00:00,28.51,0.0,200.0,50.0,True,25.0
2025-10-09 07:00:00,38.96,0.0,200.0,50.0,True,25.0
2025-10-09 08:00:00,39.94,0.0,200.0,50.0,True,25.0
2025-10-09 09:00:00,39.29,3.4,200.0,50.0,True,25.0
2025-10-09 10:00:00,37.62,15.2,200.0,50.0,True,25.0
2025-10-09 11:00:00,37.11,31.9,200.0,50.0,True,25.0
2025-10-09 12:00:00,32.76,48.5,200.0,50.0,True,25.0
2025-10-09 13:00:00,33.14,62.2,200.0,50.0,True,25.0
2025-10-09 14:00:00,33.33,67.6,200.0,50.0,True,25.0
2025-10-09 15:00:00,37.62,64.7,200.0,50.0,True,25.0
2025-10-09 16:00:00,43.31,50.3,200.0,50.0,True,25.0
2025-10-09 17:00:00,50.24,25.2,200.0,50.0,True,25.0
2025-10-09 18:00:00,60.43,0.0,200.0,50.0,True,25.0
2025-10-09 19:00:00,61.21,0.0,200.0,50.0,True,25.0
2025-10-09 20:00:00,54.31,0.0,200.0,50.0,True,25.0
2025-10-09 21:00:00,44.22,0.0,200.0,50.0,True,25.0
2025-10-09 22:00:00,35.71,0.0,200.0,50.0,True,25.0
2025-10-09 23:00:00,27.28,0.0,200.0,50.0,True,25.0
2025-10-10 00:00:00,22.01,0.0,200.0,50.0,True,25.0
2025-10-10 01:00:00,20.45,0.0,200.0,50.0,True,25.0
2025-10-10 02:00:00,21.42,0.0,200.0,50.0,True,25.0
2025-10-10 03:00:00,20.5,0.0,200.0,50.0,True,25.0
2025-10-10 04:00:00,21.11,0.0,200.0,50.0,True,25.0
2025-10-10 05:00:00,22.82,0.0,200.0,50.0,True,25.0
2025-10-10 06:00:00,29.49,0.0,200.0,50.0,True,25.0
2025-10-10 07:00:00,37.05,0.0,200.0,50.0,True,25.0
2025-10-10 08:00:00,39.96,0.5,200.0,50.0,True,25.0
2025-10-10 09:00:00,41.11,5.7,200.0,50.0,True,25.0
2025-10-10 10:00:00,38.01,16.6,200.0,50.0,True,25.0
2025-10-10 11:00:00,34.7,31.8,200.0,50.0,True,25.0
2025-10-10 12:00:00,34.02,44.8,200.0,50.0,True,25.0
2025-10-10 13:00:00,32.83,55.8,200.0,50.0,True,25.0
2025-10-10 14:00:00,33.44,63.4,200.0,50.0,True,25.0
2025-10-10 15:00:00,37.71,62.7,200.0,50.0,True,25.0
2025-10-10 16:00:00,41.66,50.8,200.0,50.0,True,25.0
2025-10-10 17:00:00,52.73,24.6,200.0,50.0,True,25.0
2025-10-10 18:00:00,58.81,0.0,200.0,50.0,True,25.0
2025-10-10 19:00:00,58.66,0.0,200.0,50.0,True,25.0
2025-10-10 20:00:00,54.97,0.0,200.0,50.0,True,25.0
2025-10-10 21:00:00,43.82,0.0,200.0,50.0,True,25.0
2025-10-10 22:00:00,30.27,0.0,200.0,50.0,True,25.0
2025-10-10 23:00:00,26.55,0.0,200.0,50.0,True,25.0
2025-10-11 00:00:00,21.6,0.0,200.0,50.0,True,25.0
2025-10-11 01:00:00,18.66,0.0,200.0,50.0,True,25.0
2025-10-11 02:00:00,19.01,0.0,200.0,50.0,True,25.0
2025-10-11 03:00:00,17.23,0.0,200.0,50.0,True,25.0
2025-10-11 04:00:00,17.61,0.0,200.0,50.0,True,25.0
2025-10-11 05:00:00,19.48,0.0,200.0,50.0,True,25.0
2025-10-11 06:00:00,23.51,0.0,200.0,50.0,True,25.0
2025-10-11 07:00:00,33.99,0.0,200.0,50.0,True,25.0
2025-10-11 08:00:00,36.89,0.0,200.0,50.0,True,25.0
2025-10-11 09:00:00,34.11,9.7,200.0,50.0,True,25.0
2025-10-11 10:00:00,30.45,26.2,200.0,50.0,True,25.0
2025-10-11 11:00:00,31.88,42.8,200.0,50.0,True,25.0
2025-10-11 12:00:00,28.66,63.4,200.0,50.0,True,25.0
2025-10-11 13:00:00,28.98,80.4,200.0,50.0,True,25.0
2025-10-11 14:00:00,27.9,92.9,200.0,50.0,True,25.0
2025-10-11 15:00:00,32.99,96.7,200.0,50.0,True,25.0
2025-10-11 16:00:00,37.42,88.2,200.0,50.0,True,25.0
2025-10-11 17:00:00,42.51,67.5,200.0,50.0,True,25.0
2025-10-11 18:00:00,53.61,40.9,200.0,50.0,True,25.0
2025-10-11 19:00:00,52.84,14.3,200.0,50.0,True,25.0
2025-10-11 20:00:00,48.23,0.0,200.0,50.0,True,25.0
2025-10-11 21:00:00,39.78,0.0,200.0,50.0,True,25.0
2025-10-11 22:00:00,29.69,0.0,200.0,50.0,True,25.0
2025-10-11 23:00:00,23.92,0.0,200.0,50.0,True,25.0
2025-10-12 00:00:00,18.95,0.0,200.0,50.0,True,25.0
2025-10-12 01:00:00,18.59,0.0,200.0,50.0,True,25.0
2025-10-12 02:00:00,15.84,0.0,200.0,50.0,True,25.0
2025-10-12 03:00:00,16.91,0.0,200.0,50.0,True,25.0
2025-10-12 04:00:00,19.87,0.0,200.0,50.0,True,25.0
2025-10-12 05:00:00,18.51,0.0,200.0,50.0,True,25.0
2025-10-12 06:00:00,24.59,0.0,200.0,50.0,True,25.0
2025-10-12 07:00:00,30.28,0.0,200.0,50.0,True,25.0
2025-10-12 08:00:00,35.96,0.0,200.0,50.0,True,25.0
2025-10-12 09:00:00,34.95,7.0,200.0,50.0,True,25.0
2025-10-12 10:00:00,33.29,20.4,200.0,50.0,True,25.0
2025-10-12 11:00:00,30.54,37.5,200.0,50.0,True,25.0
2025-10-12 12:00:00,27.13,54.9,200.0,50.0,True,25.0
2025-10-12 13:00:00,27.27,70.1,200.0,50.0,True,25.0
2025-10-12 14:00:00,31.21,78.5,200.0,50.0,True,25.0
2025-10-12 15:00:00,33.88,79.9,200.0,50.0,True,25.0
2025-10-12 16:00:00,37.4,71.1,200.0,50.0,True,25.0
2025-10-12 17:00:00,45.52,48.8,200.0,50.0,True,25.0
2025-10-12 18:00:00,50.35,22.2,200.0,50.0,True,25.0
2025-10-12 19:00:00,54.69,0.0,200.0,50.0,True,25.0
2025-10-12 20:00:00,47.59,0.0,200.0,50.0,True,25.0
2025-10-12 21:00:00,39.6,0.0,200.0,50.0,True,25.0
2025-10-12 22:00:00,28.11,0.0,200.0,50.0,True,25.0
2025-10-12 23:00:00,23.23,0.0,200.0,50.0,True,25.0
2025-10-13 00:00:00,24.55,0.0,200.0,50.0,True,25.0
2025-10-13 01:00:00,20.14,0.0,200.0,50.0,True,25.0
2025-10-13 02:00:00,21.47,0.0,200.0,50.0,True,25.0
2025-10-13 03:00:00,18.21,0.0,200.0,50.0,True,25.0
2025-10-13 04:00:00,19.49,0.0,200.0,50.0,True,25.0
2025-10-13 05:00:00,23.04,0.0,200.0,50.0,True,25.0
2025-10-13 06:00:00,29.54,0.0,200.0,50.0,True,25.0
2025-10-13 07:00:00,36.88,0.0,200.0,50.0,True,25.0
2025-10-13 08:00:00,41.53,0.0,200.0,50.0,True,25.0
2025-10-13 09:00:00,40.39,0.0,200.0,50.0,True,25.0
2025-10-13 10:00:00,36.31,2.8,200.0,50.0,True,25.0
2025-10-13 11:00:00,33.64,11.1,200.0,50.0,True,25.0
2025-10-13 12:00:00,33.27,19.7,200.0,50.0,True,25.0
2025-10-13 13:00:00,34.16,29.2,200.0,50.0,True,25.0
2025-10-13 14:00:00,32.72,34.4,200.0,50.0,True,25.0
2025-10-13 15:00:00,38.46,28.5,200.0,50.0,True,25.0
2025-10-13 16:00:00,42.24,13.7,200.0,50.0,True,25.0
2025-10-13 17:00:00,53.53,0.0,200.0,50.0,True,25.0
2025-10-13 18:00:00,61.21,0.0,200.0,50.0,True,25.0
2025-10-13 19:00:00,61.53,0.0,200.0,50.0,True,25.0
2025-10-13 20:00:00,53.0,0.0,200.0,50.0,True,25.0
2025-10-13 21:00:00,41.45,0.0,200.0,50.0,True,25.0
2025-10-13 22:00:00,33.77,0.0,200.0,50.0,True,25.0
2025-10-13 23:00:00,27.69,0.0,200.0,50.0,True,25.0
2025-10-14 00:00:00,23.61,0.0,200.0,50.0,True,25.0
2025-10-14 01:00:00,20.38,0.0,200.0,50.0,True,25.0
2025-10-14 02:00:00,18.75,0.0,200.0,50.0,True,25.0
2025-10-14 03:00:00,20.59,0.0,200.0,50.0,True,25.0
2025-10-14 04:00:00,22.77,0.0,200.0,50.0,True,25.0
2025-10-14 05:00:00,22.21,0.0,200.0,50.0,True,25.0
2025-10-14 06:00:00,29.31,0.0,200.0,50.0,True,25.0
2025-10-14 07:00:00,40.3,0.0,200.0,50.0,True,25.0
2025-10-14 08:00:00,40.49,0.0,200.0,50.0,True,25.0
2025-10-14 09:00:00,38.74,3.1,200.0,50.0,True,25.0
2025-10-14 10:00:00,37.85,12.7,200.0,50.0,True,25.0
2025-10-14 11:00:00,35.06,26.9,200.0,50.0,True,25.0
2025-10-14 12:00:00,35.24,40.1,200.0,50.0,True,25.0
2025-10-14 13:00:00,32.09,52.2,200.0,50.0,True,25.0
2025-10-14 14:00:00,33.6,58.8,200.0,50.0,True,25.0
2025-10-14 15:00:00,35.45,59.2,200.0,50.0,True,25.0
2025-10-14 16:00:00,42.2,47.3,200.0,50.0,True,25.0
2025-10-14 17:00:00,50.13,22.2,200.0,50.0,True,25.0
2025-10-14 18:00:00,58.83,0.0,200.0,50.0,True,25.0
2025-10-14 19:00:00,58.19,0.0,200.0,50.0,True,25.0
2025-10-14 20:00:00,56.05,0.0,200.0,50.0,True,25.0
2025-10-14 21:00:00,43.21,0.0,200.0,50.0,True,25.0
2025-10-14 22:00:00,35.78,0.0,200.0,50.0,True,25.0
2025-10-14 23:00:00,28.2,0.0,200.0,50.0,True,25.0
2025-10-15 00:00:00,23.62,0.0,200.0,50.0,True,25.0
2025-10-15 01:00:00,19.36,0.0,200.0,50.0,True,25.0
2025-10-15 02:00:00,19.75,0.0,200.0,50.0,True,25.0
2025-10-15 03:00:00,18.36,0.0,200.0,50.0,True,25.0
2025-10-15 04:00:00,19.58,0.0,200.0,50.0,True,25.0
2025-10-15 05:00:00,24.87,0.0,200.0,50.0,True,25.0
2025-10-15 06:00:00,28.09,0.0,200.0,50.0,True,25.0
2025-10-15 07:00:00,36.32,0.0,200.0,50.0,True,25.0
2025-10-15 08:00:00,39.75,0.0,200.0,50.0,True,25.0
2025-10-15 09:00:00,38.24,1.5,200.0,50.0,True,25.0
2025-10-15 10:00:00,37.75,7.1,200.0,50.0,True,25.0
2025-10-15 11:00:00,33.39,18.9,200.0,50.0,True,25.0
2025-10-15 12:00:00,33.7,28.2,200.0,50.0,True,25.0
2025-10-15 13:00:00,33.03,34.8,200.0,50.0,True,25.0
2025-10-15 14:00:00,31.5,37.4,200.0,50.0,True,25.0
2025-10-15 15:00:00,35.41,33.4,200.0,50.0,True,25.0
2025-10-15 16:00:00,42.36,19.1,200.0,50.0,True,25.0
2025-10-15 17:00:00,52.98,0.0,200.0,50.0,True,25.0
2025-10-15 18:00:00,59.76,0.0,200.0,50.0,True,25.0
2025-10-15 19:00:00,59.36,0.0,200.0,50.0,True,25.0
2025-10-15 20:00:00,56.48,0.0,200.0,50.0,True,25.0
2025-10-15 21:00:00,43.8,0.0,200.0,50.0,True,25.0
2025-10-15 22:00:00,33.18,0.0,200.0,50.0,True,25.0
2025-10-15 23:00:00,26.62,0.0,200.0,50.0,True,25.0
2025-10-16 00:00:00,23.94,0.0,200.0,50.0,True,25.0
2025-10-16 01:00:00,20.44,0.0,200.0,50.0,True,25.0
2025-10-16 02:00:00,19.99,0.0,200.0,50.0,True,25.0
2025-10-16 03:00:00,17.91,0.0,200.0,50.0,True,25.0
2025-10-16 04:00:00,20.89,0.0,200.0,50.0,True,25.0
2025-10-16 05:00:00,24.06,0.0,200.0,50.0,True,25.0
2025-10-16 06:00:00,29.42,0.0,200.0,50.0,True,25.0
2025-10-16 07:00:00,35.41,0.0,200.0,50.0,True,25.0
2025-10-16 08:00:00,40.12,0.0,200.0,50.0,True,25.0
2025-10-16 09:00:00,40.31,0.1,200.0,50.0,True,25.0
2025-10-16 10:00:00,37.33,4.7,200.0,50.0,True,25.0
2025-10-16 11:00:00,35.33,14.9,200.0,50.0,True,25.0
2025-10-16 12:00:00,33.53,28.9,200.0,50.0,True,25.0
2025-10-16 13:00:00,33.11,41.6,200.0,50.0,True,25.0
2025-10-16 14:00:00,33.86,48.7,200.0,50.0,True,25.0
2025-10-16 15:00:00,36.36,49.0,200.0,50.0,True,25.0
2025-10-16 16:00:00,43.4,36.4,200.0,50.0,True,25.0
2025-10-16 17:00:00,49.72,11.2,200.0,50.0,True,25.0
2025-10-16 18:00:00,59.81,0.0,200.0,50.0,True,25.0
2025-10-16 19:00:00,58.91,0.0,200.0,50.0,True,25.0
2025-10-16 20:00:00,55.35,0.0,200.0,50.0,True,25.0
2025-10-16 21:00:00,43.91,0.0,200.0,50.0,True,25.0
2025-10-16 22:00:00,32.95,0.0,200.0,50.0,True,25.0
2025-10-16 23:00:00,28.09,0.0,200.0,50.0,True,25.0
2025-10-17 00:00:00,23.79,0.0,200.0,50.0,True,25.0
2025-10-17 01:00:00,21.06,0.0,200.0,50.0,True,25.0
2025-10-17 02:00:00,22.53,0.0,200.0,50.0,True,25.0
2025-10-17 03:00:00,20.55,0.0,200.0,50.0,True,25.0
2025-10-17 04:00:00,19.46,0.0,200.0,50.0,True,25.0
2025-10-17 05:00:00,20.18,0.0,200.0,50.0,True,25.0
2025-10-17 06:00:00,28.31,0.0,200.0,50.0,True,25.0
2025-10-17 07:00:00,38.65,0.0,200.0,50.0,True,25.0
2025-10-17 08:00:00,41.24,0.0,200.0,50.0,True,25.0
2025-10-17 09:00:00,40.64,7.0,200.0,50.0,True,25.0
2025-10-17 10:00:00,36.27,19.7,200.0,50.0,True,25.0
2025-10-17 11:00:00,35.09,35.2,200.0,50.0,True,25.0
2025-10-17 12:00:00,33.35,51.2,200.0,50.0,True,25.0
2025-10-17 13:00:00,32.7,64.7,200.0,50.0,True,25.0
2025-10-17 14:00:00,34.39,74.2,200.0,50.0,True,25.0
2025-10-17 15:00:00,38.95,73.8,200.0,50.0,True,25.0
2025-10-17 16:00:00,44.48,61.3,200.0,50.0,True,25.0
2025-10-17 17:00:00,53.08,34.7,200.0,50.0,True,25.0
2025-10-17 18:00:00,58.93,8.1,200.0,50.0,True,25.0
2025-10-17 19:00:00,59.47,0.0,200.0,50.0,True,25.0
2025-10-17 20:00:00,54.87,0.0,200.0,50.0,True,25.0
2025-10-17 21:00:00,44.82,0.0,200.0,50.0,True,25.0
2025-10-17 22:00:00,33.63,0.0,200.0,50.0,True,25.0
2025-10-17 23:00:00,25.32,0.0,200.0,50.0,True,25.0
2025-10-18 00:00:00,19.56,0.0,200.0,50.0,True,25.0
2025-10-18 01:00:00,19.61,0.0,200.0,50.0,True,25.0
2025-10-18 02:00:00,17.65,0.0,200.0,50.0,True,25.0
2025-10-18 03:00:00,17.05,0.0,200.0,50.0,True,25.0
2025-10-18 04:00:00,17.85,0.0,200.0,50.0,True,25.0
2025-10-18 05:00:00,19.04,0.0,200.0,50.0,True,25.0
2025-10-18 06:00:00,24.55,0.0,200.0,50.0,True,25.0
2025-10-18 07:00:00,31.94,0.0,200.0,50.0,True,25.0
2025-10-18 08:00:00,34.76,1.6,200.0,50.0,True,25.0
2025-10-18 09:00:00,32.77,10.6,200.0,50.0,True,25.0
2025-10-18 10:00:00,32.37,23.8,200.0,50.0,True,25.0
2025-10-18 11:00:00,31.69,40.4,200.0,50.0,True,25.0
2025-10-18 12:00:00,30.74,57.5,200.0,50.0,True,25.0
2025-10-18 13:00:00,26.8,72.9,200.0,50.0,True,25.0
2025-10-18 14:00:00,31.33,81.1,200.0,50.0,True,25.0
2025-10-18 15:00:00,32.84,82.5,200.0,50.0,True,25.0
2025-10-18 16:00:00,35.78,73.3,200.0,50.0,True,25.0
2025-10-18 17:00:00,44.39,50.7,200.0,50.0,True,25.0
2025-10-18 18:00:00,48.81,24.7,200.0,50.0,True,25.0
2025-10-18 19:00:00,50.66,0.0,200.0,50.0,True,25.0
2025-10-18 20:00:00,50.03,0.0,200.0,50.0,True,25.0
2025-10-18 21:00:00,37.84,0.0,200.0,50.0,True,25.0
2025-10-18 22:00:00,30.04,0.0,200.0,50.0,True,25.0
2025-10-18 23:00:00,23.08,0.0,200.0,50.0,True,25.0
2025-10-19 00:00:00,20.1,0.0,200.0,50.0,True,25.0
2025-10-19 01:00:00,18.98,0.0,200.0,50.0,True,25.0
2025-10-19 02:00:00,15.42,0.0,200.0,50.0,True,25.0
2025-10-19 03:00:00,18.57,0.0,200.0,50.0,True,25.0
2025-10-19 04:00:00,17.8,0.0,200.0,50.0,True,25.0
2025-10-19 05:00:00,19.48,0.0,200.0,50.0,True,25.0
2025-10-19 06:00:00,25.28,0.0,200.0,50.0,True,25.0
2025-10-19 07:00:00,31.57,0.0,200.0,50.0,True,25.0
2025-10-19 08:00:00,35.78,0.0,200.0,50.0,True,25.0
2025-10-19 09:00:00,33.78,4.2,200.0,50.0,True,25.0
2025-10-19 10:00:00,33.29,14.1,200.0,50.0,True,25.0
2025-10-19 11:00:00,30.64,27.7,200.0,50.0,True,25.0
2025-10-19 12:00:00,28.11,41.8,200.0,50.0,True,25.0
2025-10-19 13:00:00,28.86,55.0,200.0,50.0,True,25.0
2025-10-19 14:00:00,29.02,63.2,200.0,50.0,True,25.0
2025-10-19 15:00:00,30.25,64.9,200.0,50.0,True,25.0
2025-10-19 16:00:00,37.31,54.3,200.0,50.0,True,25.0
2025-10-19 17:00:00,44.15,32.0,200.0,50.0,True,25.0
2025-10-19 18:00:00,51.39,5.4,200.0,50.0,True,25.0
2025-10-19 19:00:00,51.49,0.0,200.0,50.0,True,25.0
2025-10-19 20:00:00,46.44,0.0,200.0,50.0,True,25.0
2025-10-19 21:00:00,40.03,0.0,200.0,50.0,True,25.0
2025-10-19 22:00:00,30.36,0.0,200.0,50.0,True,25.0
2025-10-19 23:00:00,23.16,0.0,200.0,50.0,True,25.0
2025-10-20 00:00:00,23.3,0.0,200.0,50.0,True,25.0
2025-10-20 01:00:00,22.0,0.0,200.0,50.0,True,25.0
2025-10-20 02:00:00,20.31,0.0,200.0,50.0,True,25.0
2025-10-20 03:00:00,17.82,0.0,200.0,50.0,True,25.0
2025-10-20 04:00:00,20.69,0.0,200.0,50.0,True,25.0
2025-10-20 05:00:00,23.98,0.0,200.0,50.0,True,25.0
2025-10-20 06:00:00,28.75,0.0,200.0,50.0,True,25.0
2025-10-20 07:00:00,36.87,0.0,200.0,50.0,True,25.0
2025-10-20 08:00:00,40.98,0.0,200.0,50.0,True,25.0
2025-10-20 09:00:00,38.28,3.4,200.0,50.0,True,25.0
2025-10-20 10:00:00,38.05,9.1,200.0,50.0,True,25.0
2025-10-20 11:00:00,36.66,18.7,200.0,50.0,True,25.0
2025-10-20 12:00:00,31.74,26.2,200.0,50.0,True,25.0
2025-10-20 13:00:00,33.58,35.3,200.0,50.0,True,25.0
2025-10-20 14:00:00,35.98,40.0,200.0,50.0,True,25.0
2025-10-20 15:00:00,37.43,37.6,200.0,50.0,True,25.0
2025-10-20 16:00:00,43.23,23.3,200.0,50.0,True,25.0
2025-10-20 17:00:00,50.04,0.0,200.0,50.0,True,25.0
2025-10-20 18:00:00,57.22,0.0,200.0,50.0,True,25.0
2025-10-20 19:00:00,59.33,0.0,200.0,50.0,True,25.0
2025-10-20 20:00:00,53.84,0.0,200.0,50.0,True,25.0
2025-10-20 21:00:00,42.23,0.0,200.0,50.0,True,25.0
2025-10-20 22:00:00,33.09,0.0,200.0,50.0,True,25.0
2025-10-20 23:00:00,27.29,0.0,200.0,50.0,True,25.0
2025-10-21 00:00:00,21.2,0.0,200.0,50.0,True,25.0
2025-10-21 01:00:00,21.22,0.0,200.0,50.0,True,25.0
2025-10-21 02:00:00,20.49,0.0,200.0,50.0,True,25.0
2025-10-21 03:00:00,18.9,0.0,200.0,50.0,True,25.0
2025-10-21 04:00:00,20.9,0.0,200.0,50.0,True,25.0
2025-10-21 05:00:00,23.24,0.0,200.0,50.0,True,25.0
2025-10-21 06:00:00,27.57,0.0,200.0,50.0,True,25.0
2025-10-21 07:00:00,38.04,0.0,200.0,50.0,True,25.0
2025-10-21 08:00:00,40.94,0.0,200.0,50.0,True,25.0
2025-10-21 09:00:00,40.4,4.8,200.0,50.0,True,25.0
2025-10-21 10:00:00,36.69,15.0,200.0,50.0,True,25.0
2025-10-21 11:00:00,34.63,28.9,200.0,50.0,True,25.0
2025-10-21 12:00:00,33.01,42.0,200.0,50.0,True,25.0
2025-10-21 13:00:00,33.63,53.9,200.0,50.0,True,25.0
2025-10-21 14:00:00,33.09,60.3,200.0,50.0,True,25.0
2025-10-21 15:00:00,36.66,58.5,200.0,50.0,True,25.0
2025-10-21 16:00:00,44.37,44.8,200.0,50.0,True,25.0
2025-10-21 17:00:00,49.16,19.5,200.0,50.0,True,25.0
2025-10-21 18:00:00,58.2,0.0,200.0,50.0,True,25.0
2025-10-21 19:00:00,59.45,0.0,200.0,50.0,True,25.0
2025-10-21 20:00:00,53.97,0.0,200.0,50.0,True,25.0
2025-10-21 21:00:00,42.62,0.0,200.0,50.0,True,25.0
2025-10-21 22:00:00,32.47,0.0,200.0,50.0,True,25.0
2025-10-21 23:00:00,25.77,0.0,200.0,50.0,True,25.0
2025-10-22 00:00:00,23.39,0.0,200.0,50.0,True,25.0
2025-10-22 01:00:00,22.07,0.0,200.0,50.0,True,25.0
2025-10-22 02:00:00,18.21,0.0,200.0,50.0,True,25.0
2025-10-22 03:00:00,17.85,0.0,200.0,50.0,True,25.0
2025-10-22 04:00:00,21.0,0.0,200.0,50.0,True,25.0
2025-10-22 05:00:00,23.56,0.0,200.0,50.0,True,25.0
2025-10-22 06:00:00,26.3,0.0,200.0,50.0,True,25.0
2025-10-22 07:00:00,37.88,0.0,200.0,50.0,True,25.0
2025-10-22 08:00:00,40.32,0.0,200.0,50.0,True,25.0
2025-10-22 09:00:00,39.48,0.0,200.0,50.0,True,25.0
2025-10-22 10:00:00,35.81,0.6,200.0,50.0,True,25.0
2025-10-22 11:00:00,33.41,4.8,200.0,50.0,True,25.0
2025-10-22 12:00:00,32.95,5.2,200.0,50.0,True,25.0
2025-10-22 13:00:00,31.95,9.7,200.0,50.0,True,25.0
2025-10-22 14:00:00,32.94,7.7,200.0,50.0,True,25.0
2025-10-22 15:00:00,36.36,1.2,200.0,50.0,True,25.0
2025-10-22 16:00:00,44.12,0.0,200.0,50.0,True,25.0
2025-10-22 17:00:00,48.82,0.0,200.0,50.0,True,25.0
2025-10-22 18:00:00,56.86,0.0,200.0,50.0,True,25.0
2025-10-22 19:00:00,59.13,0.0,200.0,50.0,True,25.0
2025-10-22 20:00:00,54.4,0.0,200.0,50.0,True,25.0
2025-10-22 21:00:00,44.7,0.0,200.0,50.0,True,25.0
2025-10-22 22:00:00,34.36,0.0,200.0,50.0,True,25.0
2025-10-22 23:00:00,27.6,0.0,200.0,50.0,True,25.0
2025-10-23 00:00:00,23.42,0.0,200.0,50.0,True,25.0
2025-10-23 01:00:00,19.01,0.0,200.0,50.0,True,25.0
2025-10-23 02:00:00,18.38,0.0,200.0,50.0,True,25.0
2025-10-23 03:00:00,20.7,0.0,200.0,50.0,True,25.0
2025-10-23 04:00:00,21.68,0.0,200.0,50.0,True,25.0
2025-10-23 05:00:00,23.6,0.0,200.0,50.0,True,25.0
2025-10-23 06:00:00,27.12,0.0,200.0,50.0,True,25.0
2025-10-23 07:00:00,36.51,0.0,200.0,50.0,True,25.0
2025-10-23 08:00:00,39.93,0.0,200.0,50.0,True,25.0
2025-10-23 09:00:00,37.42,6.2,200.0,50.0,True,25.0
2025-10-23 10:00:00,37.2,17.4,200.0,50.0,True,25.0
2025-10-23 11:00:00,37.72,27.1,200.0,50.0,True,25.0
2025-10-23 12:00:00,32.78,40.8,200.0,50.0,True,25.0
2025-10-23 13:00:00,33.88,50.1,200.0,50.0,True,25.0
2025-10-23 14:00:00,32.32,55.0,200.0,50.0,True,25.0
2025-10-23 15:00:00,35.05,54.4,200.0,50.0,True,25.0
2025-10-23 16:00:00,43.35,39.3,200.0,50.0,True,25.0
2025-10-23 17:00:00,50.68,12.9,200.0,50.0,True,25.0
2025-10-23 18:00:00,59.5,0.0,200.0,50.0,True,25.0
2025-10-23 19:00:00,61.5,0.0,200.0,50.0,True,25.0
2025-10-23 20:00:00,54.13,0.0,200.0,50.0,True,25.0
2025-10-23 21:00:00,45.53,0.0,200.0,50.0,True,25.0
2025-10-23 22:00:00,32.33,0.0,200.0,50.0,True,25.0
2025-10-23 23:00:00,25.28,0.0,200.0,50.0,True,25.0
2025-10-24 00:00:00,24.16,0.0,200.0,50.0,True,25.0
2025-10-24 01:00:00,19.26,0.0,200.0,50.0,True,25.0
2025-10-24 02:00:00,20.41,0.0,200.0,50.0,True,25.0
2025-10-24 03:00:00,20.86,0.0,200.0,50.0,True,25.0
2025-10-24 04:00:00,21.99,0.0,200.0,50.0,True,25.0
2025-10-24 05:00:00,22.36,0.0,200.0,50.0,True,25.0
2025-10-24 06:00:00,29.37,0.0,200.0,50.0,True,25.0
2025-10-24 07:00:00,35.61,0.0,200.0,50.0,True,25.0
2025-10-24 08:00:00,39.67,0.0,200.0,50.0,True,25.0
2025-10-24 09:00:00,38.99,6.1,200.0,50.0,True,25.0
2025-10-24 10:00:00,37.41,18.1,200.0,50.0,True,25.0
2025-10-24 11:00:00,33.94,32.9,200.0,50.0,True,25.0
2025-10-24 12:00:00,35.67,46.5,200.0,50.0,True,25.0
2025-10-24 13:00:00,30.13,60.5,200.0,50.0,True,25.0
2025-10-24 14:00:00,33.5,68.3,200.0,50.0,True,25.0
2025-10-24 15:00:00,37.19,67.8,200.0,50.0,True,25.0
2025-10-24 16:00:00,40.14,56.1,200.0,50.0,True,25.0
2025-10-24 17:00:00,52.62,29.5,200.0,50.0,True,25.0
2025-10-24 18:00:00,57.18,2.9,200.0,50.0,True,25.0
2025-10-24 19:00:00,59.95,0.0,200.0,50.0,True,25.0
2025-10-24 20:00:00,54.95,0.0,200.0,50.0,True,25.0
2025-10-24 21:00:00,42.25,0.0,200.0,50.0,True,25.0
2025-10-24 22:00:00,32.15,0.0,200.0,50.0,True,25.0
2025-10-24 23:00:00,28.27,0.0,200.0,50.0,True,25.0
2025-10-25 00:00:00,20.09,0.0,200.0,50.0,True,25.0
2025-10-25 01:00:00,15.38,0.0,200.0,50.0,True,25.0
2025-10-25 02:00:00,17.63,0.0,200.0,50.0,True,25.0
2025-10-25 03:00:00,17.02,0.0,200.0,50.0,True,25.0
2025-10-25 04:00:00,18.26,0.0,200.0,50.0,True,25.0
2025-10-25 05:00:00,17.77,0.0,200.0,50.0,True,25.0
2025-10-25 06:00:00,24.78,0.0,200.0,50.0,True,25.0
2025-10-25 07:00:00,31.58,0.0,200.0,50.0,True,25.0
2025-10-25 08:00:00,35.94,0.0,200.0,50.0,True,25.0
2025-10-25 09:00:00,34.74,6.2,200.0,50.0,True,25.0
2025-10-25 10:00:00,33.06,18.0,200.0,50.0,True,25.0
2025-10-25 11:00:00,32.71,30.1,200.0,50.0,True,25.0
2025-10-25 12:00:00,32.1,46.5,200.0,50.0,True,25.0
2025-10-25 13:00:00,27.18,62.1,200.0,50.0,True,25.0
2025-10-25 14:00:00,29.02,72.1,200.0,50.0,True,25.0
2025-10-25 15:00:00,33.47,73.5,200.0,50.0,True,25.0
2025-10-25 16:00:00,37.08,63.1,200.0,50.0,True,25.0
2025-10-25 17:00:00,41.72,41.0,200.0,50.0,True,25.0
2025-10-25 18:00:00,50.96,14.4,200.0,50.0,True,25.0
2025-10-25 19:00:00,54.22,0.0,200.0,50.0,True,25.0
2025-10-25 20:00:00,46.42,0.0,200.0,50.0,True,25.0
2025-10-25 21:00:00,39.05,0.0,200.0,50.0,True,25.0
2025-10-25 22:00:00,27.19,0.0,200.0,50.0,True,25.0
2025-10-25 23:00:00,24.31,0.0,200.0,50.0,True,25.0
2025-10-26 00:00:00,20.49,0.0,200.0,50.0,True,25.0
2025-10-26 01:00:00,17.97,0.0,200.0,50.0,True,25.0
2025-10-26 02:00:00,17.52,0.0,200.0,50.0,True,25.0
2025-10-26 03:00:00,15.29,0.0,200.0,50.0,True,25.0
2025-10-26 04:00:00,19.23,0.0,200.0,50.0,True,25.0
2025-10-26 05:00:00,19.24,0.0,200.0,50.0,True,25.0
2025-10-26 06:00:00,25.46,0.0,200.0,50.0,True,25.0
2025-10-26 07:00:00,31.48,0.0,200.0,50.0,True,25.0
2025-10-26 08:00:00,38.38,0.0,200.0,50.0,True,25.0
2025-10-26 09:00:00,36.06,6.3,200.0,50.0,True,25.0
2025-10-26 10:00:00,35.12,18.3,200.0,50.0,True,25.0
2025-10-26 11:00:00,33.71,34.1,200.0,50.0,True,25.0
2025-10-26 12:00:00,28.76,52.3,200.0,50.0,True,25.0
2025-10-26 13:00:00,27.53,67.3,200.0,50.0,True,25.0
2025-10-26 14:00:00,31.96,73.9,200.0,50.0,True,25.0
2025-10-26 15:00:00,32.46,74.1,200.0,50.0,True,25.0
2025-10-26 16:00:00,38.29,62.1,200.0,50.0,True,25.0
2025-10-26 17:00:00,44.32,38.5,200.0,50.0,True,25.0
2025-10-26 18:00:00,50.55,11.9,200.0,50.0,True,25.0
2025-10-26 19:00:00,53.83,0.0,200.0,50.0,True,25.0
2025-10-26 20:00:00,45.81,0.0,200.0,50.0,True,25.0
2025-10-26 21:00:00,39.79,0.0,200.0,50.0,True,25.0
2025-10-26 22:00:00,30.15,0.0,200.0,50.0,True,25.0
2025-10-26 23:00:00,22.67,0.0,200.0,50.0,True,25.0
2025-10-27 00:00:00,23.02,0.0,200.0,50.0,True,25.0
2025-10-27 01:00:00,21.44,0.0,200.0,50.0,True,25.0
2025-10-27 02:00:00,20.8,0.0,200.0,50.0,True,25.0
2025-10-27 03:00:00,20.28,0.0,200.0,50.0,True,25.0
2025-10-27 04:00:00,19.54,0.0,200.0,50.0,True,25.0
2025-10-27 05:00:00,26.23,0.0,200.0,50.0,True,25.0
2025-10-27 06:00:00,28.05,0.0,200.0,50.0,True,25.0
2025-10-27 07:00:00,36.99,0.0,200.0,50.0,True,25.0
2025-10-27 08:00:00,43.02,0.0,200.0,50.0,True,25.0
2025-10-27 09:00:00,36.72,2.6,200.0,50.0,True,25.0
2025-10-27 10:00:00,39.47,12.0,200.0,50.0,True,25.0
2025-10-27 11:00:00,35.49,21.5,200.0,50.0,True,25.0
2025-10-27 12:00:00,32.97,32.0,200.0,50.0,True,25.0
2025-10-27 13:00:00,31.2,45.1,200.0,50.0,True,25.0
2025-10-27 14:00:00,32.08,52.1,200.0,50.0,True,25.0
2025-10-27 15:00:00,36.73,50.1,200.0,50.0,True,25.0
2025-10-27 16:00:00,42.78,35.9,200.0,50.0,True,25.0
2025-10-27 17:00:00,52.04,9.3,200.0,50.0,True,25.0
2025-10-27 18:00:00,58.69,0.0,200.0,50.0,True,25.0
2025-10-27 19:00:00,59.53,0.0,200.0,50.0,True,25.0
2025-10-27 20:00:00,56.44,0.0,200.0,50.0,True,25.0
2025-10-27 21:00:00,47.43,0.0,200.0,50.0,True,25.0
2025-10-27 22:00:00,35.4,0.0,200.0,50.0,True,25.0
2025-10-27 23:00:00,26.1,0.0,200.0,50.0,True,25.0
2025-10-28 00:00:00,23.64,0.0,200.0,50.0,True,25.0
2025-10-28 01:00:00,21.94,0.0,200.0,50.0,True,25.0
2025-10-28 02:00:00,22.48,0.0,200.0,50.0,True,25.0
2025-10-28 03:00:00,19.08,0.0,200.0,50.0,True,25.0
2025-10-28 04:00:00,19.39,0.0,200.0,50.0,True,25.0
2025-10-28 05:00:00,24.39,0.0,200.0,50.0,True,25.0
2025-10-28 06:00:00,28.84,0.0,200.0,50.0,True,25.0
2025-10-28 07:00:00,35.88,0.0,200.0,50.0,True,25.0
2025-10-28 08:00:00,41.6,0.0,200.0,50.0,True,25.0
2025-10-28 09:00:00,41.19,0.0,200.0,50.0,True,25.0
2025-10-28 10:00:00,36.37,0.0,200.0,50.0,True,25.0
2025-10-28 11:00:00,34.37,0.0,200.0,50.0,True,25.0
2025-10-28 12:00:00,33.7,0.0,200.0,50.0,True,25.0
2025-10-28 13:00:00,33.42,0.0,200.0,50.0,True,25.0
2025-10-28 14:00:00,33.57,0.0,200.0,50.0,True,25.0
2025-10-28 15:00:00,38.57,0.0,200.0,50.0,True,25.0
2025-10-28 16:00:00,42.84,0.0,200.0,50.0,True,25.0
2025-10-28 17:00:00,52.6,0.0,200.0,50.0,True,25.0
2025-10-28 18:00:00,57.6,0.0,200.0,50.0,True,25.0
2025-10-28 19:00:00,58.77,0.0,200.0,50.0,True,25.0
2025-10-28 20:00:00,54.52,0.0,200.0,50.0,True,25.0
2025-10-28 21:00:00,42.68,0.0,200.0,50.0,True,25.0
2025-10-28 22:00:00,34.16,0.0,200.0,50.0,True,25.0
2025-10-28 23:00:00,24.16,0.0,200.0,50.0,True,25.0
2025-10-29 00:00:00,22.53,0.0,200.0,50.0,True,25.0
2025-10-29 01:00:00,20.95,0.0,200.0,50.0,True,25.0
2025-10-29 02:00:00,19.33,0.0,200.0,50.0,True,25.0
2025-10-29 03:00:00,19.15,0.0,200.0,50.0,True,25.0
2025-10-29 04:00:00,20.59,0.0,200.0,50.0,True,25.0
2025-10-29 05:00:00,24.6,0.0,200.0,50.0,True,25.0
2025-10-29 06:00:00,27.15,0.0,200.0,50.0,True,25.0
2025-10-29 07:00:00,37.7,0.0,200.0,50.0,True,25.0
2025-10-29 08:00:00,41.49,0.0,200.0,50.0,True,25.0
2025-10-29 09:00:00,39.02,0.0,200.0,50.0,True,25.0
2025-10-29 10:00:00,36.67,0.0,200.0,50.0,True,25.0
2025-10-29 11:00:00,34.13,0.0,200.0,50.0,True,25.0
2025-10-29 12:00:00,36.0,0.0,200.0,50.0,True,25.0
2025-10-29 13:00:00,32.74,0.0,200.0,50.0,True,25.0
2025-10-29 14:00:00,33.34,0.0,200.0,50.0,True,25.0
2025-10-29 15:00:00,39.82,0.0,200.0,50.0,True,25.0
2025-10-29 16:00:00,42.86,0.0,200.0,50.0,True,25.0
2025-10-29 17:00:00,54.52,0.0,200.0,50.0,True,25.0
2025-10-29 18:00:00,56.87,0.0,200.0,50.0,True,25.0
2025-10-29 19:00:00,60.06,0.0,200.0,50.0,True,25.0
2025-10-29 20:00:00,53.37,0.0,200.0,50.0,True,25.0
2025-10-29 21:00:00,44.22,0.0,200.0,50.0,True,25.0
2025-10-29 22:00:00,33.57,0.0,200.0,50.0,True,25.0
2025-10-29 23:00:00,26.07,0.0,200.0,50.0,True,25.0
2025-10-30 00:00:00,23.18,0.0,200.0,50.0,True,25.0
2025-10-30 01:00:00,20.84,0.0,200.0,50.0,True,25.0
2025-10-30 02:00:00,20.49,0.0,200.0,50.0,True,25.0
2025-10-30 03:00:00,18.65,0.0,200.0,50.0,True,25.0
2025-10-30 04:00:00,22.35,0.0,200.0,50.0,True,25.0
2025-10-30 05:00:00,21.78,0.0,200.0,50.0,True,25.0
2025-10-30 06:00:00,28.7,0.0,200.0,50.0,True,25.0
2025-10-30 07:00:00,35.9,0.0,200.0,50.0,True,25.0
2025-10-30 08:00:00,39.89,0.0,200.0,50.0,True,25.0
2025-10-30 09:00:00,38.24,1.7,200.0,50.0,True,25.0
2025-10-30 10:00:00,37.17,10.1,200.0,50.0,True,25.0
2025-10-30 11:00:00,35.77,17.0,200.0,50.0,True,25.0
2025-10-30 12:00:00,32.45,21.4,200.0,50.0,True,25.0
2025-10-30 13:00:00,32.21,26.7,200.0,50.0,True,25.0
2025-10-30 14:00:00,32.59,27.6,200.0,50.0,True,25.0
2025-10-30 15:00:00,36.09,19.6,200.0,50.0,True,25.0
2025-10-30 16:00:00,44.03,2.4,200.0,50.0,True,25.0
2025-10-30 17:00:00,49.88,0.0,200.0,50.0,True,25.0
2025-10-30 18:00:00,58.76,0.0,200.0,50.0,True,25.0
2025-10-30 19:00:00,62.48,0.0,200.0,50.0,True,25.0
2025-10-30 20:00:00,56.56,0.0,200.0,50.0,True,25.0
2025-10-30 21:00:00,44.95,0.0,200.0,50.0,True,25.0
2025-10-30 22:00:00,33.76,0.0,200.0,50.0,True,25.0
2025-10-30 23:00:00,27.55,0.0,200.0,50.0,True,25.0
2025-10-31 00:00:00,23.59,0.0,200.0,50.0,True,25.0
2025-10-31 01:00:00,23.08,0.0,200.0,50.0,True,25.0
2025-10-31 02:00:00,20.5,0.0,200.0,50.0,True,25.0
2025-10-31 03:00:00,20.79,0.0,200.0,50.0,True,25.0
2025-10-31 04:00:00,20.27,0.0,200.0,50.0,True,25.0
2025-10-31 05:00:00,25.42,0.0,200.0,50.0,True,25.0
2025-10-31 06:00:00,28.3,0.0,200.0,50.0,True,25.0
2025-10-31 07:00:00,35.45,0.0,200.0,50.0,True,25.0
2025-10-31 08:00:00,41.05,0.0,200.0,50.0,True,25.0
2025-10-31 09:00:00,40.09,2.9,200.0,50.0,True,25.0
2025-10-31 10:00:00,39.35,7.2,200.0,50.0,True,25.0
2025-10-31 11:00:00,34.42,16.8,200.0,50.0,True,25.0
2025-10-31 12:00:00,31.74,26.2,200.0,50.0,True,25.0
2025-10-31 13:00:00,33.36,35.1,200.0,50.0,True,25.0
2025-10-31 14:00:00,34.39,37.8,200.0,50.0,True,25.0
2025-10-31 15:00:00,35.7,32.5,200.0,50.0,True,25.0
2025-10-31 16:00:00,42.34,16.6,200.0,50.0,True,25.0
2025-10-31 17:00:00,51.3,0.0,200.0,50.0,True,25.0
2025-10-31 18:00:00,59.75,0.0,200.0,50.0,True,25.0
2025-10-31 19:00:00,60.05,0.0,200.0,50.0,True,25.0
2025-10-31 20:00:00,54.68,0.0,200.0,50.0,True,25.0
2025-10-31 21:00:00,44.66,0.0,200.0,50.0,True,25.0
2025-10-31 22:00:00,32.18,0.0,200.0,50.0,True,25.0
2025-10-31 23:00:00,28.99,0.0,200.0,50.0,True,25.0
2025-11-01 00:00:00,21.53,0.0,200.0,50.0,True,25.0
2025-11-01 01:00:00,17.99,0.0,200.0,50.0,True,25.0
2025-11-01 02:00:00,16.87,0.0,200.0,50.0,True,25.0
2025-11-01 03:00:00,16.02,0.0,200.0,50.0,True,25.0
2025-11-01 04:00:00,18.91,0.0,200.0,50.0,True,25.0
2025-11-01 05:00:00,19.19,0.0,200.0,50.0,True,25.0
2025-11-01 06:00:00,24.82,0.0,200.0,50.0,True,25.0
2025-11-01 07:00:00,30.93,0.0,200.0,50.0,True,25.0
2025-11-01 08:00:00,36.75,0.0,200.0,50.0,True,25.0
2025-11-01 09:00:00,35.23,6.9,200.0,50.0,True,25.0
2025-11-01 10:00:00,32.74,20.2,200.0,50.0,True,25.0
2025-11-01 11:00:00,31.63,35.6,200.0,50.0,True,25.0
2025-11-01 12:00:00,30.78,50.7,200.0,50.0,True,25.0
2025-11-01 13:00:00,29.08,65.2,200.0,50.0,True,25.0
2025-11-01 14:00:00,30.76,73.3,200.0,50.0,True,25.0
2025-11-01 15:00:00,31.56,74.0,200.0,50.0,True,25.0
2025-11-01 16:00:00,38.13,62.5,200.0,50.0,True,25.0
2025-11-01 17:00:00,45.75,38.1,200.0,50.0,True,25.0
2025-11-01 18:00:00,53.24,11.5,200.0,50.0,True,25.0
2025-11-01 19:00:00,53.4,0.0,200.0,50.0,True,25.0
2025-11-01 20:00:00,48.54,0.0,200.0,50.0,True,25.0
2025-11-01 21:00:00,38.57,0.0,200.0,50.0,True,25.0
2025-11-01 22:00:00,31.61,0.0,200.0,50.0,True,25.0
2025-11-01 23:00:00,20.72,0.0,200.0,50.0,True,25.0
2025-11-02 00:00:00,21.05,0.0,200.0,50.0,True,25.0
2025-11-02 01:00:00,18.84,0.0,200.0,50.0,True,25.0
2025-11-02 02:00:00,18.02,0.0,200.0,50.0,True,25.0
2025-11-02 03:00:00,16.9,0.0,200.0,50.0,True,25.0
2025-11-02 04:00:00,18.17,0.0,200.0,50.0,True,25.0
2025-11-02 05:00:00,21.01,0.0,200.0,50.0,True,25.0
2025-11-02 06:00:00,24.2,0.0,200.0,50.0,True,25.0
2025-11-02 07:00:00,33.18,0.0,200.0,50.0,True,25.0
2025-11-02 08:00:00,36.58,0.0,200.0,50.0,True,25.0
2025-11-02 09:00:00,33.44,6.6,200.0,50.0,True,25.0
2025-11-02 10:00:00,33.62,17.9,200.0,50.0,True,25.0
2025-11-02 11:00:00,31.88,32.4,200.0,50.0,True,25.0
2025-11-02 12:00:00,28.91,44.9,200.0,50.0,True,25.0
2025-11-02 13:00:00,27.5,55.5,200.0,50.0,True,25.0
2025-11-02 14:00:00,28.9,61.8,200.0,50.0,True,25.0
2025-11-02 15:00:00,33.18,59.0,200.0,50.0,True,25.0
2025-11-02 16:00:00,37.64,46.9,200.0,50.0,True,25.0
2025-11-02 17:00:00,47.27,21.8,200.0,50.0,True,25.0
2025-11-02 18:00:00,51.44,0.0,200.0,50.0,True,25.0
2025-11-02 19:00:00,52.39,0.0,200.0,50.0,True,25.0
2025-11-02 20:00:00,49.53,0.0,200.0,50.0,True,25.0
2025-11-02 21:00:00,38.13,0.0,200.0,50.0,True,25.0
2025-11-02 22:00:00,28.92,0.0,200.0,50.0,True,25.0
2025-11-02 23:00:00,22.65,0.0,200.0,50.0,True,25.0
2025-11-03 00:00:00,19.67,0.0,200.0,50.0,True,25.0
2025-11-03 01:00:00,22.16,0.0,200.0,50.0,True,25.0
2025-11-03 02:00:00,21.89,0.0,200.0,50.0,True,25.0
2025-11-03 03:00:00,20.79,0.0,200.0,50.0,True,25.0
2025-11-03 04:00:00,23.02,0.0,200.0,50.0,True,25.0
2025-11-03 05:00:00,25.07,0.0,200.0,50.0,True,25.0
2025-11-03 06:00:00,28.23,0.0,200.0,50.0,True,25.0
2025-11-03 07:00:00,38.91,0.0,200.0,50.0,True,25.0
2025-11-03 08:00:00,41.04,0.0,200.0,50.0,True,25.0
2025-11-03 09:00:00,38.86,3.1,200.0,50.0,True,25.0
2025-11-03 10:00:00,36.67,10.6,200.0,50.0,True,25.0
2025-11-03 11:00:00,35.47,19.5,200.0,50.0,True,25.0
2025-11-03 12:00:00,34.4,28.2,200.0,50.0,True,25.0
2025-11-03 13:00:00,34.83,34.6,200.0,50.0,True,25.0
2025-11-03 14:00:00,34.88,38.6,200.0,50.0,True,25.0
2025-11-03 15:00:00,36.66,33.2,200.0,50.0,True,25.0
2025-11-03 16:00:00,41.7,18.4,200.0,50.0,True,25.0
2025-11-03 17:00:00,52.58,0.0,200.0,50.0,True,25.0
2025-11-03 18:00:00,60.14,0.0,200.0,50.0,True,25.0
2025-11-03 19:00:00,62.32,0.0,200.0,50.0,True,25.0
2025-11-03 20:00:00,55.15,0.0,200.0,50.0,True,25.0
2025-11-03 21:00:00,45.3,0.0,200.0,50.0,True,25.0
2025-11-03 22:00:00,35.03,0.0,200.0,50.0,True,25.0
2025-11-03 23:00:00,25.22,0.0,200.0,50.0,True,25.0
2025-11-04 00:00:00,23.64,0.0,200.0,50.0,True,25.0
2025-11-04 01:00:00,22.6,0.0,200.0,50.0,True,25.0
2025-11-04 02:00:00,21.41,0.0,200.0,50.0,True,25.0
2025-11-04 03:00:00,19.62,0.0,200.0,50.0,True,25.0
2025-11-04 04:00:00,23.92,0.0,200.0,50.0,True,25.0
2025-11-04 05:00:00,25.62,0.0,200.0,50.0,True,25.0
2025-11-04 06:00:00,28.69,0.0,200.0,50.0,True,25.0
2025-11-04 07:00:00,37.41,0.0,200.0,50.0,True,25.0
2025-11-04 08:00:00,42.07,0.0,200.0,50.0,True,25.0
2025-11-04 09:00:00,39.37,0.0,200.0,50.0,True,25.0
2025-11-04 10:00:00,39.17,0.0,200.0,50.0,True,25.0
2025-11-04 11:00:00,34.33,0.0,200.0,50.0,True,25.0
2025-11-04 12:00:00,33.77,0.0,200.0,50.0,True,25.0
2025-11-04 13:00:00,33.8,0.0,200.0,50.0,True,25.0
2025-11-04 14:00:00,35.26,0.0,200.0,50.0,True,25.0
2025-11-04 15:00:00,35.87,0.0,200.0,50.0,True,25.0
2025-11-04 16:00:00,41.88,0.0,200.0,50.0,True,25.0
2025-11-04 17:00:00,49.97,0.0,200.0,50.0,True,25.0
2025-11-04 18:00:00,58.1,0.0,200.0,50.0,True,25.0
2025-11-04 19:00:00,59.41,0.0,200.0,50.0,True,25.0
2025-11-04 20:00:00,56.21,0.0,200.0,50.0,True,25.0
2025-11-04 21:00:00,45.09,0.0,200.0,50.0,True,25.0
2025-11-04 22:00:00,33.87,0.0,200.0,50.0,True,25.0
2025-11-04 23:00:00,26.92,0.0,200.0,50.0,True,25.0
2025-11-05 00:00:00,24.77,0.0,200.0,50.0,True,25.0
2025-11-05 01:00:00,20.29,0.0,200.0,50.0,True,25.0
2025-11-05 02:00:00,18.51,0.0,200.0,50.0,True,25.0
2025-11-05 03:00:00,20.6,0.0,200.0,50.0,True,25.0
2025-11-05 04:00:00,20.36,0.0,200.0,50.0,True,25.0
2025-11-05 05:00:00,22.12,0.0,200.0,50.0,True,25.0
2025-11-05 06:00:00,29.39,0.0,200.0,50.0,True,25.0
2025-11-05 07:00:00,35.34,0.0,200.0,50.0,True,25.0
2025-11-05 08:00:00,40.27,0.0,200.0,50.0,True,25.0
2025-11-05 09:00:00,36.63,0.2,200.0,50.0,True,25.0
2025-11-05 10:00:00,38.01,3.4,200.0,50.0,True,25.0
2025-11-05 11:00:00,37.8,10.5,200.0,50.0,True,25.0
2025-11-05 12:00:00,33.43,20.3,200.0,50.0,True,25.0
2025-11-05 13:00:00,32.09,24.9,200.0,50.0,True,25.0
2025-11-05 14:00:00,36.25,25.6,200.0,50.0,True,25.0
2025-11-05 15:00:00,38.46,17.9,200.0,50.0,True,25.0
2025-11-05 16:00:00,45.95,1.0,200.0,50.0,True,25.0
2025-11-05 17:00:00,52.26,0.0,200.0,50.0,True,25.0
2025-11-05 18:00:00,59.52,0.0,200.0,50.0,True,25.0
2025-11-05 19:00:00,62.78,0.0,200.0,50.0,True,25.0
2025-11-05 20:00:00,55.48,0.0,200.0,50.0,True,25.0
2025-11-05 21:00:00,45.18,0.0,200.0,50.0,True,25.0
2025-11-05 22:00:00,31.21,0.0,200.0,50.0,True,25.0
2025-11-05 23:00:00,29.02,0.0,200.0,50.0,True,25.0
2025-11-06 00:00:00,23.85,0.0,200.0,50.0,True,25.0
2025-11-06 01:00:00,21.45,0.0,200.0,50.0,True,25.0
2025-11-06 02:00:00,21.95,0.0,200.0,50.0,True,25.0
2025-11-06 03:00:00,18.36,0.0,200.0,50.0,True,25.0
2025-11-06 04:00:00,20.2,0.0,200.0,50.0,True,25.0
2025-11-06 05:00:00,24.04,0.0,200.0,50.0,True,25.0
2025-11-06 06:00:00,28.83,0.0,200.0,50.0,True,25.0
2025-11-06 07:00:00,38.3,0.0,200.0,50.0,True,25.0
2025-11-06 08:00:00,41.66,0.0,200.0,50.0,True,25.0
2025-11-06 09:00:00,40.32,2.2,200.0,50.0,True,25.0
2025-11-06 10:00:00,36.18,11.1,200.0,50.0,True,25.0
2025-11-06 11:00:00,37.5,22.7,200.0,50.0,True,25.0
2025-11-06 12:00:00,33.59,35.4,200.0,50.0,True,25.0
2025-11-06 13:00:00,33.16,46.7,200.0,50.0,True,25.0
2025-11-06 14:00:00,33.45,52.8,200.0,50.0,True,25.0
2025-11-06 15:00:00,37.42,49.7,200.0,50.0,True,25.0
2025-11-06 16:00:00,43.43,34.3,200.0,50.0,True,25.0
2025-11-06 17:00:00,53.03,7.7,200.0,50.0,True,25.0
2025-11-06 18:00:00,60.43,0.0,200.0,50.0,True,25.0
2025-11-06 19:00:00,61.66,0.0,200.0,50.0,True,25.0
2025-11-06 20:00:00,55.03,0.0,200.0,50.0,True,25.0
2025-11-06 21:00:00,45.4,0.0,200.0,50.0,True,25.0
2025-11-06 22:00:00,34.46,0.0,200.0,50.0,True,25.0
2025-11-06 23:00:00,27.05,0.0,200.0,50.0,True,25.0
2025-11-07 00:00:00,24.06,0.0,200.0,50.0,True,25.0
2025-11-07 01:00:00,20.08,0.0,200.0,50.0,True,25.0
2025-11-07 02:00:00,18.46,0.0,200.0,50.0,True,25.0
2025-11-07 03:00:00,21.24,0.0,200.0,50.0,True,25.0
2025-11-07 04:00:00,20.74,0.0,200.0,50.0,True,25.0
2025-11-07 05:00:00,23.91,0.0,200.0,50.0,True,25.0
2025-11-07 06:00:00,27.78,0.0,200.0,50.0,True,25.0
2025-11-07 07:00:00,39.34,0.0,200.0,50.0,True,25.0
2025-11-07 08:00:00,41.85,0.0,200.0,50.0,True,25.0
2025-11-07 09:00:00,39.41,0.0,200.0,50.0,True,25.0
2025-11-07 10:00:00,38.17,4.8,200.0,50.0,True,25.0
2025-11-07 11:00:00,33.93,12.7,200.0,50.0,True,25.0
2025-11-07 12:00:00,34.67,22.6,200.0,50.0,True,25.0
2025-11-07 13:00:00,34.93,28.8,200.0,50.0,True,25.0
2025-11-07 14:00:00,34.6,31.6,200.0,50.0,True,25.0
2025-11-07 15:00:00,38.05,27.7,200.0,50.0,True,25.0
2025-11-07 16:00:00,42.85,12.3,200.0,50.0,True,25.0
2025-11-07 17:00:00,53.53,0.0,200.0,50.0,True,25.0
2025-11-07 18:00:00,60.92,0.0,200.0,50.0,True,25.0
2025-11-07 19:00:00,60.72,0.0,200.0,50.0,True,25.0
2025-11-07 20:00:00,56.27,0.0,200.0,50.0,True,25.0
2025-11-07 21:00:00,45.31,0.0,200.0,50.0,True,25.0
2025-11-07 22:00:00,34.71,0.0,200.0,50.0,True,25.0
2025-11-07 23:00:00,26.09,0.0,200.0,50.0,True,25.0
2025-11-08 00:00:00,22.01,0.0,200.0,50.0,True,25.0
2025-11-08 01:00:00,19.73,0.0,200.0,50.0,True,25.0
2025-11-08 02:00:00,19.86,0.0,200.0,50.0,True,25.0
2025-11-08 03:00:00,16.13,0.0,200.0,50.0,True,25.0
2025-11-08 04:00:00,17.15,0.0,200.0,50.0,True,25.0
2025-11-08 05:00:00,23.11,0.0,200.0,50.0,True,25.0
2025-11-08 06:00:00,26.78,0.0,200.0,50.0,True,25.0
2025-11-08 07:00:00,32.36,0.0,200.0,50.0,True,25.0
2025-11-08 08:00:00,37.56,0.0,200.0,50.0,True,25.0
2025-11-08 09:00:00,34.37,5.9,200.0,50.0,True,25.0
2025-11-08 10:00:00,31.3,17.3,200.0,50.0,True,25.0
2025-11-08 11:00:00,29.23,30.8,200.0,50.0,True,25.0
2025-11-08 12:00:00,30.14,45.7,200.0,50.0,True,25.0
2025-11-08 13:00:00,31.08,58.2,200.0,50.0,True,25.0
2025-11-08 14:00:00,31.99,64.6,200.0,50.0,True,25.0
2025-11-08 15:00:00,34.85,62.5,200.0,50.0,True,25.0
2025-11-08 16:00:00,39.1,49.6,200.0,50.0,True,25.0
2025-11-08 17:00:00,46.42,24.9,200.0,50.0,True,25.0
2025-11-08 18:00:00,53.77,0.0,200.0,50.0,True,25.0
2025-11-08 19:00:00,51.56,0.0,200.0,50.0,True,25.0
2025-11-08 20:00:00,50.4,0.0,200.0,50.0,True,25.0
2025-11-08 21:00:00,38.34,0.0,200.0,50.0,True,25.0
2025-11-08 22:00:00,29.07,0.0,200.0,50.0,True,25.0
2025-11-08 23:00:00,24.65,0.0,200.0,50.0,True,25.0
2025-11-09 00:00:00,21.79,0.0,200.0,50.0,True,25.0
2025-11-09 01:00:00,18.35,0.0,200.0,50.0,True,25.0
2025-11-09 02:00:00,19.22,0.0,200.0,50.0,True,25.0
2025-11-09 03:00:00,18.17,0.0,200.0,50.0,True,25.0
2025-11-09 04:00:00,18.07,0.0,200.0,50.0,True,25.0
2025-11-09 05:00:00,20.86,0.0,200.0,50.0,True,25.0
2025-11-09 06:00:00,27.94,0.0,200.0,50.0,True,25.0
2025-11-09 07:00:00,33.05,0.0,200.0,50.0,True,25.0
2025-11-09 08:00:00,36.28,0.0,200.0,50.0,True,25.0
2025-11-09 09:00:00,35.16,3.8,200.0,50.0,True,25.0
2025-11-09 10:00:00,33.17,15.6,200.0,50.0,True,25.0
2025-11-09 11:00:00,32.75,29.4,200.0,50.0,True,25.0
2025-11-09 12:00:00,31.98,43.7,200.0,50.0,True,25.0
2025-11-09 13:00:00,28.96,56.5,200.0,50.0,True,25.0
2025-11-09 14:00:00,29.18,63.2,200.0,50.0,True,25.0
2025-11-09 15:00:00,35.76,60.0,200.0,50.0,True,25.0
2025-11-09 16:00:00,38.31,47.0,200.0,50.0,True,25.0
2025-11-09 17:00:00,44.07,23.5,200.0,50.0,True,25.0
2025-11-09 18:00:00,54.71,0.0,200.0,50.0,True,25.0
2025-11-09 19:00:00,55.41,0.0,200.0,50.0,True,25.0
2025-11-09 20:00:00,51.21,0.0,200.0,50.0,True,25.0
2025-11-09 21:00:00,41.47,0.0,200.0,50.0,True,25.0
2025-11-09 22:00:00,33.39,0.0,200.0,50.0,True,25.0
2025-11-09 23:00:00,22.61,0.0,200.0,50.0,True,25.0
2025-11-10 00:00:00,22.57,0.0,200.0,50.0,True,25.0
2025-11-10 01:00:00,21.13,0.0,200.0,50.0,True,25.0
2025-11-10 02:00:00,20.37,0.0,200.0,50.0,True,25.0
2025-11-10 03:00:00,20.06,0.0,200.0,50.0,True,25.0
2025-11-10 04:00:00,20.41,0.0,200.0,50.0,True,25.0
2025-11-10 05:00:00,22.1,0.0,200.0,50.0,True,25.0
2025-11-10 06:00:00,27.91,0.0,200.0,50.0,True,25.0
2025-11-10 07:00:00,37.65,0.0,200.0,50.0,True,25.0
2025-11-10 08:00:00,43.0,0.0,200.0,50.0,True,25.0
2025-11-10 09:00:00,39.12,0.0,200.0,50.0,True,25.0
2025-11-10 10:00:00,38.98,0.7,200.0,50.0,True,25.0
2025-11-10 11:00:00,34.61,3.7,200.0,50.0,True,25.0
2025-11-10 12:00:00,30.55,8.3,200.0,50.0,True,25.0
2025-11-10 13:00:00,33.14,11.1,200.0,50.0,True,25.0
2025-11-10 14:00:00,33.65,8.1,200.0,50.0,True,25.0
2025-11-10 15:00:00,36.95,0.0,200.0,50.0,True,25.0
2025-11-10 16:00:00,42.24,0.0,200.0,50.0,True,25.0
2025-11-10 17:00:00,51.63,0.0,200.0,50.0,True,25.0
2025-11-10 18:00:00,58.54,0.0,200.0,50.0,True,25.0
2025-11-10 19:00:00,60.46,0.0,200.0,50.0,True,25.0
2025-11-10 20:00:00,54.47,0.0,200.0,50.0,True,25.0
2025-11-10 21:00:00,42.69,0.0,200.0,50.0,True,25.0
2025-11-10 22:00:00,31.73,0.0,200.0,50.0,True,25.0
2025-11-10 23:00:00,30.1,0.0,200.0,50.0,True,25.0
2025-11-11 00:00:00,23.49,0.0,200.0,50.0,True,25.0
2025-11-11 01:00:00,23.58,0.0,200.0,50.0,True,25.0
2025-11-11 02:00:00,20.81,0.0,200.0,50.0,True,25.0
2025-11-11 03:00:00,19.77,0.0,200.0,50.0,True,25.0
2025-11-11 04:00:00,21.39,0.0,200.0,50.0,True,25.0
2025-11-11 05:00:00,24.33,0.0,200.0,50.0,True,25.0
2025-11-11 06:00:00,27.51,0.0,200.0,50.0,True,25.0
2025-11-11 07:00:00,37.61,0.0,200.0,50.0,True,25.0
2025-11-11 08:00:00,42.06,0.0,200.0,50.0,True,25.0
2025-11-11 09:00:00,37.56,0.0,200.0,50.0,True,25.0
2025-11-11 10:00:00,39.62,0.0,200.0,50.0,True,25.0
2025-11-11 11:00:00,37.53,0.0,200.0,50.0,True,25.0
2025-11-11 12:00:00,31.92,1.9,200.0,50.0,True,25.0
2025-11-11 13:00:00,32.3,0.0,200.0,50.0,True,25.0
2025-11-11 14:00:00,34.57,0.0,200.0,50.0,True,25.0
2025-11-11 15:00:00,39.07,0.0,200.0,50.0,True,25.0
2025-11-11 16:00:00,45.33,0.0,200.0,50.0,True,25.0
2025-11-11 17:00:00,51.8,0.0,200.0,50.0,True,25.0
2025-11-11 18:00:00,62.62,0.0,200.0,50.0,True,25.0
2025-11-11 19:00:00,61.57,0.0,200.0,50.0,True,25.0
2025-11-11 20:00:00,55.92,0.0,200.0,50.0,True,25.0
2025-11-11 21:00:00,45.99,0.0,200.0,50.0,True,25.0
2025-11-11 22:00:00,34.81,0.0,200.0,50.0,True,25.0
2025-11-11 23:00:00,27.49,0.0,200.0,50.0,True,25.0
2025-11-12 00:00:00,26.0,0.0,200.0,50.0,True,25.0
2025-11-12 01:00:00,22.08,0.0,200.0,50.0,True,25.0
2025-11-12 02:00:00,19.88,0.0,200.0,50.0,True,25.0
2025-11-12 03:00:00,18.96,0.0,200.0,50.0,True,25.0
2025-11-12 04:00:00,22.83,0.0,200.0,50.0,True,25.0
2025-11-12 05:00:00,24.42,0.0,200.0,50.0,True,25.0
2025-11-12 06:00:00,27.18,0.0,200.0,50.0,True,25.0
2025-11-12 07:00:00,36.2,0.0,200.0,50.0,True,25.0
2025-11-12 08:00:00,41.78,0.0,200.0,50.0,True,25.0
2025-11-12 09:00:00,40.68,0.2,200.0,50.0,True,25.0
2025-11-12 10:00:00,37.31,7.2,200.0,50.0,True,25.0
2025-11-12 11:00:00,34.29,17.0,200.0,50.0,True,25.0
2025-11-12 12:00:00,33.14,26.9,200.0,50.0,True,25.0
2025-11-12 13:00:00,35.38,31.9,200.0,50.0,True,25.0
2025-11-12 14:00:00,35.09,34.0,200.0,50.0,True,25.0
2025-11-12 15:00:00,39.32,27.3,200.0,50.0,True,25.0
2025-11-12 16:00:00,44.97,10.6,200.0,50.0,True,25.0
2025-11-12 17:00:00,51.9,0.0,200.0,50.0,True,25.0
2025-11-12 18:00:00,59.46,0.0,200.0,50.0,True,25.0
2025-11-12 19:00:00,61.52,0.0,200.0,50.0,True,25.0
2025-11-12 20:00:00,56.78,0.0,200.0,50.0,True,25.0
2025-11-12 21:00:00,46.69,0.0,200.0,50.0,True,25.0
2025-11-12 22:00:00,36.74,0.0,200.0,50.0,True,25.0
2025-11-12 23:00:00,28.21,0.0,200.0,50.0,True,25.0
2025-11-13 00:00:00,24.62,0.0,200.0,50.0,True,25.0
2025-11-13 01:00:00,24.13,0.0,200.0,50.0,True,25.0
2025-11-13 02:00:00,20.84,0.0,200.0,50.0,True,25.0
2025-11-13 03:00:00,21.43,0.0,200.0,50.0,True,25.0
2025-11-13 04:00:00,21.78,0.0,200.0,50.0,True,25.0
2025-11-13 05:00:00,24.37,0.0,200.0,50.0,True,25.0
2025-11-13 06:00:00,28.83,0.0,200.0,50.0,True,25.0
2025-11-13 07:00:00,36.51,0.0,200.0,50.0,True,25.0
2025-11-13 08:00:00,42.23,0.0,200.0,50.0,True,25.0
2025-11-13 09:00:00,40.42,0.0,200.0,50.0,True,25.0
2025-11-13 10:00:00,37.49,1.0,200.0,50.0,True,25.0
2025-11-13 11:00:00,36.25,5.9,200.0,50.0,True,25.0
2025-11-13 12:00:00,33.49,14.4,200.0,50.0,True,25.0
2025-11-13 13:00:00,32.41,22.4,200.0,50.0,True,25.0
2025-11-13 14:00:00,33.97,24.0,200.0,50.0,True,25.0
2025-11-13 15:00:00,36.59,17.8,200.0,50.0,True,25.0
2025-11-13 16:00:00,42.94,0.5,200.0,50.0,True,25.0
2025-11-13 17:00:00,53.58,0.0,200.0,50.0,True,25.0
2025-11-13 18:00:00,61.75,0.0,200.0,50.0,True,25.0
2025-11-13 19:00:00,64.31,0.0,200.0,50.0,True,25.0
2025-11-13 20:00:00,55.88,0.0,200.0,50.0,True,25.0
2025-11-13 21:00:00,46.89,0.0,200.0,50.0,True,25.0
2025-11-13 22:00:00,34.95,0.0,200.0,50.0,True,25.0
2025-11-13 23:00:00,26.99,0.0,200.0,50.0,True,25.0
2025-11-14 00:00:00,24.15,0.0,200.0,50.0,True,25.0
2025-11-14 01:00:00,23.17,0.0,200.0,50.0,True,25.0
2025-11-14 02:00:00,20.53,0.0,200.0,50.0,True,25.0
2025-11-14 03:00:00,19.4,0.0,200.0,50.0,True,25.0
2025-11-14 04:00:00,20.63,0.0,200.0,50.0,True,25.0
2025-11-14 05:00:00,22.92,0.0,200.0,50.0,True,25.0
2025-11-14 06:00:00,30.57,0.0,200.0,50.0,True,25.0
2025-11-14 07:00:00,37.32,0.0,200.0,50.0,True,25.0
2025-11-14 08:00:00,41.18,0.0,200.0,50.0,True,25.0
2025-11-14 09:00:00,40.43,1.9,200.0,50.0,True,25.0
2025-11-14 10:00:00,38.52,9.1,200.0,50.0,True,25.0
2025-11-14 11:00:00,35.93,20.0,200.0,50.0,True,25.0
2025-11-14 12:00:00,36.62,30.4,200.0,50.0,True,25.0
2025-11-14 13:00:00,32.75,40.8,200.0,50.0,True,25.0
2025-11-14 14:00:00,34.39,45.0,200.0,50.0,True,25.0
2025-11-14 15:00:00,35.93,42.1,200.0,50.0,True,25.0
2025-11-14 16:00:00,43.34,25.6,200.0,50.0,True,25.0
2025-11-14 17:00:00,51.22,0.0,200.0,50.0,True,25.0
2025-11-14 18:00:00,58.99,0.0,200.0,50.0,True,25.0
2025-11-14 19:00:00,59.57,0.0,200.0,50.0,True,25.0
2025-11-14 20:00:00,55.38,0.0,200.0,50.0,True,25.0
2025-11-14 21:00:00,45.43,0.0,200.0,50.0,True,25.0
2025-11-14 22:00:00,34.31,0.0,200.0,50.0,True,25.0
2025-11-14 23:00:00,26.82,0.0,200.0,50.0,True,25.0
2025-11-15 00:00:00,20.47,0.0,200.0,50.0,True,25.0
2025-11-15 01:00:00,18.65,0.0,200.0,50.0,True,25.0
2025-11-15 02:00:00,18.57,0.0,200.0,50.0,True,25.0
2025-11-15 03:00:00,17.52,0.0,200.0,50.0,True,25.0
2025-11-15 04:00:00,18.95,0.0,200.0,50.0,True,25.0
2025-11-15 05:00:00,20.62,0.0,200.0,50.0,True,25.0
2025-11-15 06:00:00,25.16,0.0,200.0,50.0,True,25.0
2025-11-15 07:00:00,34.64,0.0,200.0,50.0,True,25.0
2025-11-15 08:00:00,37.63,0.0,200.0,50.0,True,25.0
2025-11-15 09:00:00,35.27,5.4,200.0,50.0,True,25.0
2025-11-15 10:00:00,35.14,15.7,200.0,50.0,True,25.0
2025-11-15 11:00:00,32.2,30.1,200.0,50.0,True,25.0
2025-11-15 12:00:00,30.3,45.3,200.0,50.0,True,25.0
2025-11-15 13:00:00,29.45,57.4,200.0,50.0,True,25.0
2025-11-15 14:00:00,30.69,63.5,200.0,50.0,True,25.0
2025-11-15 15:00:00,32.6,62.5,200.0,50.0,True,25.0
2025-11-15 16:00:00,36.27,50.3,200.0,50.0,True,25.0
2025-11-15 17:00:00,46.88,25.4,200.0,50.0,True,25.0
2025-11-15 18:00:00,53.96,0.0,200.0,50.0,True,25.0
2025-11-15 19:00:00,53.36,0.0,200.0,50.0,True,25.0
2025-11-15 20:00:00,51.04,0.0,200.0,50.0,True,25.0
2025-11-15 21:00:00,38.15,0.0,200.0,50.0,True,25.0
2025-11-15 22:00:00,29.82,0.0,200.0,50.0,True,25.0
2025-11-15 23:00:00,26.12,0.0,200.0,50.0,True,25.0
2025-11-16 00:00:00,21.32,0.0,200.0,50.0,True,25.0
2025-11-16 01:00:00,18.92,0.0,200.0,50.0,True,25.0
2025-11-16 02:00:00,18.95,0.0,200.0,50.0,True,25.0
2025-11-16 03:00:00,19.12,0.0,200.0,50.0,True,25.0
2025-11-16 04:00:00,16.91,0.0,200.0,50.0,True,25.0
2025-11-16 05:00:00,22.48,0.0,200.0,50.0,True,25.0
2025-11-16 06:00:00,25.13,0.0,200.0,50.0,True,25.0
2025-11-16 07:00:00,34.6,0.0,200.0,50.0,True,25.0
2025-11-16 08:00:00,36.23,0.0,200.0,50.0,True,25.0
2025-11-16 09:00:00,37.38,1.8,200.0,50.0,True,25.0
2025-11-16 10:00:00,33.71,10.6,200.0,50.0,True,25.0
2025-11-16 11:00:00,30.55,23.0,200.0,50.0,True,25.0
2025-11-16 12:00:00,31.1,34.9,200.0,50.0,True,25.0
2025-11-16 13:00:00,31.13,44.6,200.0,50.0,True,25.0
2025-11-16 14:00:00,31.96,49.4,200.0,50.0,True,25.0
2025-11-16 15:00:00,33.86,48.0,200.0,50.0,True,25.0
2025-11-16 16:00:00,39.55,33.7,200.0,50.0,True,25.0
2025-11-16 17:00:00,46.1,9.2,200.0,50.0,True,25.0
2025-11-16 18:00:00,53.75,0.0,200.0,50.0,True,25.0
2025-11-16 19:00:00,55.08,0.0,200.0,50.0,True,25.0
2025-11-16 20:00:00,46.35,0.0,200.0,50.0,True,25.0
2025-11-16 21:00:00,38.98,0.0,200.0,50.0,True,25.0
2025-11-16 22:00:00,30.79,0.0,200.0,50.0,True,25.0
2025-11-16 23:00:00,24.31,0.0,200.0,50.0,True,25.0
2025-11-17 00:00:00,23.74,0.0,200.0,50.0,True,25.0
2025-11-17 01:00:00,22.06,0.0,200.0,50.0,True,25.0
2025-11-17 02:00:00,22.67,0.0,200.0,50.0,True,25.0
2025-11-17 03:00:00,20.55,0.0,200.0,50.0,True,25.0
2025-11-17 04:00:00,18.42,0.0,200.0,50.0,True,25.0
2025-11-17 05:00:00,26.12,0.0,200.0,50.0,True,25.0
2025-11-17 06:00:00,26.98,0.0,200.0,50.0,True,25.0
2025-11-17 07:00:00,39.56,0.0,200.0,50.0,True,25.0
2025-11-17 08:00:00,40.19,0.0,200.0,50.0,True,25.0
2025-11-17 09:00:00,41.95,0.0,200.0,50.0,True,25.0
2025-11-17 10:00:00,38.08,4.1,200.0,50.0,True,25.0
2025-11-17 11:00:00,37.04,12.2,200.0,50.0,True,25.0
2025-11-17 12:00:00,32.37,19.0,200.0,50.0,True,25.0
2025-11-17 13:00:00,34.53,23.1,200.0,50.0,True,25.0
2025-11-17 14:00:00,35.25,21.9,200.0,50.0,True,25.0
2025-11-17 15:00:00,39.15,11.2,200.0,50.0,True,25.0
2025-11-17 16:00:00,45.04,0.0,200.0,50.0,True,25.0
2025-11-17 17:00:00,53.26,0.0,200.0,50.0,True,25.0
2025-11-17 18:00:00,60.11,0.0,200.0,50.0,True,25.0
2025-11-17 19:00:00,61.22,0.0,200.0,50.0,True,25.0
2025-11-17 20:00:00,56.17,0.0,200.0,50.0,True,25.0
2025-11-17 21:00:00,47.18,0.0,200.0,50.0,True,25.0
2025-11-17 22:00:00,33.75,0.0,200.0,50.0,True,25.0
2025-11-17 23:00:00,25.22,0.0,200.0,50.0,True,25.0
2025-11-18 00:00:00,22.63,0.0,200.0,50.0,True,25.0
2025-11-18 01:00:00,22.71,0.0,200.0,50.0,True,25.0
2025-11-18 02:00:00,20.89,0.0,200.0,50.0,True,25.0
2025-11-18 03:00:00,20.88,0.0,200.0,50.0,True,25.0
2025-11-18 04:00:00,18.85,0.0,200.0,50.0,True,25.0
2025-11-18 05:00:00,20.23,0.0,200.0,50.0,True,25.0
2025-11-18 06:00:00,29.63,0.0,200.0,50.0,True,25.0
2025-11-18 07:00:00,39.67,0.0,200.0,50.0,True,25.0
2025-11-18 08:00:00,40.08,0.0,200.0,50.0,True,25.0
2025-11-18 09:00:00,40.93,0.7,200.0,50.0,True,25.0
2025-11-18 10:00:00,39.9,3.9,200.0,50.0,True,25.0
2025-11-18 11:00:00,36.63,10.0,200.0,50.0,True,25.0
2025-11-18 12:00:00,35.89,18.9,200.0,50.0,True,25.0
2025-11-18 13:00:00,33.93,23.5,200.0,50.0,True,25.0
2025-11-18 14:00:00,34.49,25.0,200.0,50.0,True,25.0
2025-11-18 15:00:00,39.45,18.4,200.0,50.0,True,25.0
2025-11-18 16:00:00,46.26,0.0,200.0,50.0,True,25.0
2025-11-18 17:00:00,52.45,0.0,200.0,50.0,True,25.0
2025-11-18 18:00:00,60.34,0.0,200.0,50.0,True,25.0
2025-11-18 19:00:00,61.09,0.0,200.0,50.0,True,25.0
2025-11-18 20:00:00,56.97,0.0,200.0,50.0,True,25.0
2025-11-18 21:00:00,45.61,0.0,200.0,50.0,True,25.0
2025-11-18 22:00:00,36.19,0.0,200.0,50.0,True,25.0
2025-11-18 23:00:00,29.18,0.0,200.0,50.0,True,25.0
2025-11-19 00:00:00,24.79,0.0,200.0,50.0,True,25.0
2025-11-19 01:00:00,23.27,0.0,200.0,50.0,True,25.0
2025-11-19 02:00:00,20.43,0.0,200.0,50.0,True,25.0
2025-11-19 03:00:00,19.03,0.0,200.0,50.0,True,25.0
2025-11-19 04:00:00,21.8,0.0,200.0,50.0,True,25.0
2025-11-19 05:00:00,23.87,0.0,200.0,50.0,True,25.0
2025-11-19 06:00:00,31.75,0.0,200.0,50.0,True,25.0
2025-11-19 07:00:00,36.22,0.0,200.0,50.0,True,25.0
2025-11-19 08:00:00,42.94,0.0,200.0,50.0,True,25.0
2025-11-19 09:00:00,41.08,0.0,200.0,50.0,True,25.0
2025-11-19 10:00:00,37.61,0.0,200.0,50.0,True,25.0
2025-11-19 11:00:00,35.53,1.4,200.0,50.0,True,25.0
2025-11-19 12:00:00,34.45,1.4,200.0,50.0,True,25.0
2025-11-19 13:00:00,31.78,2.5,200.0,50.0,True,25.0
2025-11-19 14:00:00,36.6,0.0,200.0,50.0,True,25.0
2025-11-19 15:00:00,41.76,0.0,200.0,50.0,True,25.0
2025-11-19 16:00:00,43.62,0.0,200.0,50.0,True,25.0
2025-11-19 17:00:00,52.43,0.0,200.0,50.0,True,25.0
2025-11-19 18:00:00,58.96,0.0,200.0,50.0,True,25.0
2025-11-19 19:00:00,61.06,0.0,200.0,50.0,True,25.0
2025-11-19 20:00:00,56.16,0.0,200.0,50.0,True,25.0
2025-11-19 21:00:00,47.31,0.0,200.0,50.0,True,25.0
2025-11-19 22:00:00,38.69,0.0,200.0,50.0,True,25.0
2025-11-19 23:00:00,26.65,0.0,200.0,50.0,True,25.0
2025-11-20 00:00:00,22.8,0.0,200.0,50.0,True,25.0
2025-11-20 01:00:00,20.64,0.0,200.0,50.0,True,25.0
2025-11-20 02:00:00,21.85,0.0,200.0,50.0,True,25.0
2025-11-20 03:00:00,20.62,0.0,200.0,50.0,True,25.0
2025-11-20 04:00:00,21.43,0.0,200.0,50.0,True,25.0
2025-11-20 05:00:00,23.35,0.0,200.0,50.0,True,25.0
2025-11-20 06:00:00,31.02,0.0,200.0,50.0,True,25.0
2025-11-20 07:00:00,39.5,0.0,200.0,50.0,True,25.0
2025-11-20 08:00:00,43.12,0.0,200.0,50.0,True,25.0
2025-11-20 09:00:00,40.86,0.0,200.0,50.0,True,25.0
2025-11-20 10:00:00,38.35,1.5,200.0,50.0,True,25.0
2025-11-20 11:00:00,35.88,4.9,200.0,50.0,True,25.0
2025-11-20 12:00:00,35.53,5.0,200.0,50.0,True,25.0
2025-11-20 13:00:00,34.31,4.6,200.0,50.0,True,25.0
2025-11-20 14:00:00,35.58,0.0,200.0,50.0,True,25.0
2025-11-20 15:00:00,36.7,0.0,200.0,50.0,True,25.0
2025-11-20 16:00:00,44.5,0.0,200.0,50.0,True,25.0
2025-11-20 17:00:00,52.9,0.0,200.0,50.0,True,25.0
2025-11-20 18:00:00,59.57,0.0,200.0,50.0,True,25.0
2025-11-20 19:00:00,63.33,0.0,200.0,50.0,True,25.0
2025-11-20 20:00:00,57.16,0.0,200.0,50.0,True,25.0
2025-11-20 21:00:00,48.75,0.0,200.0,50.0,True,25.0
2025-11-20 22:00:00,35.49,0.0,200.0,50.0,True,25.0
2025-11-20 23:00:00,27.2,0.0,200.0,50.0,True,25.0
2025-11-21 00:00:00,23.79,0.0,200.0,50.0,True,25.0
2025-11-21 01:00:00,20.67,0.0,200.0,50.0,True,25.0
2025-11-21 02:00:00,22.82,0.0,200.0,50.0,True,25.0
2025-11-21 03:00:00,20.61,0.0,200.0,50.0,True,25.0
2025-11-21 04:00:00,21.74,0.0,200.0,50.0,True,25.0
2025-11-21 05:00:00,22.64,0.0,200.0,50.0,True,25.0
2025-11-21 06:00:00,30.37,0.0,200.0,50.0,True,25.0
2025-11-21 07:00:00,37.51,0.0,200.0,50.0,True,25.0
2025-11-21 08:00:00,41.65,0.0,200.0,50.0,True,25.0
2025-11-21 09:00:00,40.62,0.2,200.0,50.0,True,25.0
2025-11-21 10:00:00,37.94,5.4,200.0,50.0,True,25.0
2025-11-21 11:00:00,35.84,14.6,200.0,50.0,True,25.0
2025-11-21 12:00:00,34.89,25.5,200.0,50.0,True,25.0
2025-11-21 13:00:00,35.06,32.6,200.0,50.0,True,25.0
2025-11-21 14:00:00,36.03,35.4,200.0,50.0,True,25.0
2025-11-21 15:00:00,39.48,28.8,200.0,50.0,True,25.0
2025-11-21 16:00:00,44.74,11.4,200.0,50.0,True,25.0
2025-11-21 17:00:00,52.78,0.0,200.0,50.0,True,25.0
2025-11-21 18:00:00,62.05,0.0,200.0,50.0,True,25.0
2025-11-21 19:00:00,60.47,0.0,200.0,50.0,True,25.0
2025-11-21 20:00:00,57.55,0.0,200.0,50.0,True,25.0
2025-11-21 21:00:00,47.0,0.0,200.0,50.0,True,25.0
2025-11-21 22:00:00,34.85,0.0,200.0,50.0,True,25.0
2025-11-21 23:00:00,26.73,0.0,200.0,50.0,True,25.0
2025-11-22 00:00:00,21.03,0.0,200.0,50.0,True,25.0
2025-11-22 01:00:00,18.54,0.0,200.0,50.0,True,25.0
2025-11-22 02:00:00,19.42,0.0,200.0,50.0,True,25.0
2025-11-22 03:00:00,18.97,0.0,200.0,50.0,True,25.0
2025-11-22 04:00:00,19.34,0.0,200.0,50.0,True,25.0
2025-11-22 05:00:00,21.54,0.0,200.0,50.0,True,25.0
2025-11-22 06:00:00,26.85,0.0,200.0,50.0,True,25.0
2025-11-22 07:00:00,35.1,0.0,200.0,50.0,True,25.0
2025-11-22 08:00:00,36.35,0.0,200.0,50.0,True,25.0
2025-11-22 09:00:00,33.82,5.6,200.0,50.0,True,25.0
2025-11-22 10:00:00,34.38,14.8,200.0,50.0,True,25.0
2025-11-22 11:00:00,33.53,27.1,200.0,50.0,True,25.0
2025-11-22 12:00:00,28.91,41.7,200.0,50.0,True,25.0
2025-11-22 13:00:00,29.91,52.3,200.0,50.0,True,25.0
2025-11-22 14:00:00,32.16,56.8,200.0,50.0,True,25.0
2025-11-22 15:00:00,33.9,53.7,200.0,50.0,True,25.0
2025-11-22 16:00:00,40.73,38.1,200.0,50.0,True,25.0
2025-11-22 17:00:00,48.61,12.3,200.0,50.0,True,25.0
2025-11-22 18:00:00,53.28,0.0,200.0,50.0,True,25.0
2025-11-22 19:00:00,54.68,0.0,200.0,50.0,True,25.0
2025-11-22 20:00:00,49.84,0.0,200.0,50.0,True,25.0
2025-11-22 21:00:00,40.69,0.0,200.0,50.0,True,25.0
2025-11-22 22:00:00,29.39,0.0,200.0,50.0,True,25.0
2025-11-22 23:00:00,22.69,0.0,200.0,50.0,True,25.0
2025-11-23 00:00:00,18.38,0.0,200.0,50.0,True,25.0
2025-11-23 01:00:00,19.46,0.0,200.0,50.0,True,25.0
2025-11-23 02:00:00,21.28,0.0,200.0,50.0,True,25.0
2025-11-23 03:00:00,15.47,0.0,200.0,50.0,True,25.0
2025-11-23 04:00:00,18.61,0.0,200.0,50.0,True,25.0
2025-11-23 05:00:00,20.85,0.0,200.0,50.0,True,25.0
2025-11-23 06:00:00,25.79,0.0,200.0,50.0,True,25.0
2025-11-23 07:00:00,35.6,0.0,200.0,50.0,True,25.0
2025-11-23 08:00:00,36.27,0.0,200.0,50.0,True,25.0
2025-11-23 09:00:00,33.38,0.0,200.0,50.0,True,25.0
2025-11-23 10:00:00,33.45,3.5,200.0,50.0,True,25.0
2025-11-23 11:00:00,31.67,11.4,200.0,50.0,True,25.0
2025-11-23 12:00:00,28.17,20.1,200.0,50.0,True,25.0
2025-11-23 13:00:00,30.17,25.6,200.0,50.0,True,25.0
2025-11-23 14:00:00,29.42,28.2,200.0,50.0,True,25.0
2025-11-23 15:00:00,33.99,22.9,200.0,50.0,True,25.0
2025-11-23 16:00:00,38.53,7.6,200.0,50.0,True,25.0
2025-11-23 17:00:00,45.79,0.0,200.0,50.0,True,25.0
2025-11-23 18:00:00,54.64,0.0,200.0,50.0,True,25.0
2025-11-23 19:00:00,54.86,0.0,200.0,50.0,True,25.0
2025-11-23 20:00:00,50.39,0.0,200.0,50.0,True,25.0
2025-11-23 21:00:00,41.29,0.0,200.0,50.0,True,25.0
2025-11-23 22:00:00,31.19,0.0,200.0,50.0,True,25.0
2025-11-23 23:00:00,24.53,0.0,200.0,50.0,True,25.0
2025-11-24 00:00:00,23.03,0.0,200.0,50.0,True,25.0
2025-11-24 01:00:00,20.83,0.0,200.0,50.0,True,25.0
2025-11-24 02:00:00,21.62,0.0,200.0,50.0,True,25.0
2025-11-24 03:00:00,19.17,0.0,200.0,50.0,True,25.0
2025-11-24 04:00:00,22.38,0.0,200.0,50.0,True,25.0
2025-11-24 05:00:00,23.86,0.0,200.0,50.0,True,25.0
2025-11-24 06:00:00,30.34,0.0,200.0,50.0,True,25.0
2025-11-24 07:00:00,37.61,0.0,200.0,50.0,True,25.0
2025-11-24 08:00:00,41.12,0.0,200.0,50.0,True,25.0
2025-11-24 09:00:00,42.66,0.0,200.0,50.0,True,25.0
2025-11-24 10:00:00,38.61,7.1,200.0,50.0,True,25.0
2025-11-24 11:00:00,38.04,15.4,200.0,50.0,True,25.0
2025-11-24 12:00:00,33.4,23.5,200.0,50.0,True,25.0
2025-11-24 13:00:00,33.65,29.1,200.0,50.0,True,25.0
2025-11-24 14:00:00,36.66,30.9,200.0,50.0,True,25.0
2025-11-24 15:00:00,36.92,25.3,200.0,50.0,True,25.0
2025-11-24 16:00:00,47.07,6.1,200.0,50.0,True,25.0
2025-11-24 17:00:00,53.81,0.0,200.0,50.0,True,25.0
2025-11-24 18:00:00,59.98,0.0,200.0,50.0,True,25.0
2025-11-24 19:00:00,63.23,0.0,200.0,50.0,True,25.0
2025-11-24 20:00:00,58.6,0.0,200.0,50.0,True,25.0
2025-11-24 21:00:00,45.19,0.0,200.0,50.0,True,25.0
2025-11-24 22:00:00,34.28,0.0,200.0,50.0,True,25.0
2025-11-24 23:00:00,28.01,0.0,200.0,50.0,True,25.0
2025-11-25 00:00:00,24.6,0.0,200.0,50.0,True,25.0
2025-11-25 01:00:00,21.96,0.0,200.0,50.0,True,25.0
2025-11-25 02:00:00,21.94,0.0,200.0,50.0,True,25.0
2025-11-25 03:00:00,21.37,0.0,200.0,50.0,True,25.0
2025-11-25 04:00:00,21.67,0.0,200.0,50.0,True,25.0
2025-11-25 05:00:00,23.22,0.0,200.0,50.0,True,25.0
2025-11-25 06:00:00,29.57,0.0,200.0,50.0,True,25.0
2025-11-25 07:00:00,40.95,0.0,200.0,50.0,True,25.0
2025-11-25 08:00:00,42.94,0.0,200.0,50.0,True,25.0
2025-11-25 09:00:00,42.18,0.0,200.0,50.0,True,25.0
2025-11-25 10:00:00,38.23,0.0,200.0,50.0,True,25.0
2025-11-25 11:00:00,37.31,0.0,200.0,50.0,True,25.0
2025-11-25 12:00:00,36.1,0.0,200.0,50.0,True,25.0
2025-11-25 13:00:00,35.83,0.0,200.0,50.0,True,25.0
2025-11-25 14:00:00,36.62,0.0,200.0,50.0,True,25.0
2025-11-25 15:00:00,37.5,0.0,200.0,50.0,True,25.0
2025-11-25 16:00:00,45.78,0.0,200.0,50.0,True,25.0
2025-11-25 17:00:00,55.67,0.0,200.0,50.0,True,25.0
2025-11-25 18:00:00,60.35,0.0,200.0,50.0,True,25.0
2025-11-25 19:00:00,61.82,0.0,200.0,50.0,True,25.0
2025-11-25 20:00:00,57.31,0.0,200.0,50.0,True,25.0
2025-11-25 21:00:00,46.46,0.0,200.0,50.0,True,25.0
2025-11-25 22:00:00,34.73,0.0,200.0,50.0,True,25.0
2025-11-25 23:00:00,26.32,0.0,200.0,50.0,True,25.0
2025-11-26 00:00:00,25.85,0.0,200.0,50.0,True,25.0
2025-11-26 01:00:00,21.2,0.0,200.0,50.0,True,25.0
2025-11-26 02:00:00,20.88,0.0,200.0,50.0,True,25.0
2025-11-26 03:00:00,20.51,0.0,200.0,50.0,True,25.0
2025-11-26 04:00:00,19.72,0.0,200.0,50.0,True,25.0
2025-11-26 05:00:00,22.22,0.0,200.0,50.0,True,25.0
2025-11-26 06:00:00,29.12,0.0,200.0,50.0,True,25.0
2025-11-26 07:00:00,39.89,0.0,200.0,50.0,True,25.0
2025-11-26 08:00:00,42.83,0.0,200.0,50.0,False,0.0
2025-11-26 09:00:00,38.28,0.0,200.0,50.0,False,0.0
2025-11-26 10:00:00,40.56,0.0,200.0,50.0,False,0.0
2025-11-26 11:00:00,38.0,0.5,200.0,50.0,False,0.0
2025-11-26 12:00:00,35.42,0.0,200.0,50.0,False,0.0
2025-11-26 13:00:00,34.28,0.0,200.0,50.0,False,0.0
2025-11-26 14:00:00,36.0,0.0,200.0,50.0,False,0.0
2025-11-26 15:00:00,41.69,0.0,200.0,50.0,False,0.0
2025-11-26 16:00:00,45.51,0.0,200.0,50.0,False,0.0
2025-11-26 17:00:00,54.07,0.0,200.0,50.0,True,25.0
2025-11-26 18:00:00,59.65,0.0,200.0,50.0,True,25.0
2025-11-26 19:00:00,63.17,0.0,200.0,50.0,True,25.0
2025-11-26 20:00:00,58.35,0.0,200.0,50.0,True,25.0
2025-11-26 21:00:00,46.17,0.0,200.0,50.0,True,25.0
2025-11-26 22:00:00,34.57,0.0,200.0,50.0,True,25.0
2025-11-26 23:00:00,28.45,0.0,200.0,50.0,True,25.0
2025-11-27 00:00:00,22.93,0.0,200.0,50.0,True,25.0
2025-11-27 01:00:00,23.3,0.0,200.0,50.0,True,25.0
2025-11-27 02:00:00,20.99,0.0,200.0,50.0,True,25.0
2025-11-27 03:00:00,17.85,0.0,200.0,50.0,True,25.0
2025-11-27 04:00:00,20.97,0.0,200.0,50.0,True,25.0
2025-11-27 05:00:00,24.04,0.0,200.0,50.0,True,25.0
2025-11-27 06:00:00,30.34,0.0,200.0,50.0,True,25.0
2025-11-27 07:00:00,39.47,0.0,200.0,50.0,True,25.0
2025-11-27 08:00:00,41.11,0.0,200.0,50.0,True,25.0
2025-11-27 09:00:00,40.95,0.0,200.0,50.0,True,25.0
2025-11-27 10:00:00,38.31,2.3,200.0,50.0,True,25.0
2025-11-27 11:00:00,36.66,5.3,200.0,50.0,True,25.0
2025-11-27 12:00:00,34.04,10.3,200.0,50.0,True,25.0
2025-11-27 13:00:00,34.07,10.6,200.0,50.0,True,25.0
2025-11-27 14:00:00,39.0,5.9,200.0,50.0,True,25.0
2025-11-27 15:00:00,41.18,0.0,200.0,50.0,True,25.0
2025-11-27 16:00:00,43.31,0.0,200.0,50.0,True,25.0
2025-11-27 17:00:00,53.86,0.0,200.0,50.0,True,25.0
2025-11-27 18:00:00,60.83,0.0,200.0,50.0,True,25.0
2025-11-27 19:00:00,63.23,0.0,200.0,50.0,True,25.0
2025-11-27 20:00:00,58.59,0.0,200.0,50.0,True,25.0
2025-11-27 21:00:00,46.21,0.0,200.0,50.0,True,25.0
2025-11-27 22:00:00,34.38,0.0,200.0,50.0,True,25.0
2025-11-27 23:00:00,29.21,0.0,200.0,50.0,True,25.0
2025-11-28 00:00:00,22.66,0.0,200.0,50.0,True,25.0
2025-11-28 01:00:00,22.51,0.0,200.0,50.0,True,25.0
2025-11-28 02:00:00,19.76,0.0,200.0,50.0,True,25.0
2025-11-28 03:00:00,19.2,0.0,200.0,50.0,True,25.0
2025-11-28 04:00:00,22.44,0.0,200.0,50.0,True,25.0
2025-11-28 05:00:00,23.33,0.0,200.0,50.0,True,25.0
2025-11-28 06:00:00,27.46,0.0,200.0,50.0,True,25.0
2025-11-28 07:00:00,38.13,0.0,200.0,50.0,True,25.0
2025-11-28 08:00:00,41.72,0.0,200.0,50.0,True,25.0
2025-11-28 09:00:00,39.34,1.2,200.0,50.0,True,25.0
2025-11-28 10:00:00,39.66,6.6,200.0,50.0,True,25.0
2025-11-28 11:00:00,35.29,15.0,200.0,50.0,True,25.0
2025-11-28 12:00:00,34.58,24.4,200.0,50.0,True,25.0
2025-11-28 13:00:00,34.33,29.4,200.0,50.0,True,25.0
2025-11-28 14:00:00,34.87,30.0,200.0,50.0,True,25.0
2025-11-28 15:00:00,38.51,23.1,200.0,50.0,True,25.0
2025-11-28 16:00:00,43.7,5.2,200.0,50.0,True,25.0
2025-11-28 17:00:00,52.39,0.0,200.0,50.0,True,25.0
2025-11-28 18:00:00,60.52,0.0,200.0,50.0,True,25.0
2025-11-28 19:00:00,63.93,0.0,200.0,50.0,True,25.0
2025-11-28 20:00:00,57.05,0.0,200.0,50.0,True,25.0
2025-11-28 21:00:00,46.63,0.0,200.0,50.0,True,25.0
2025-11-28 22:00:00,36.63,0.0,200.0,50.0,True,25.0
2025-11-28 23:00:00,28.58,0.0,200.0,50.0,True,25.0
2025-11-29 00:00:00,19.74,0.0,200.0,50.0,True,25.0
2025-11-29 01:00:00,20.17,0.0,200.0,50.0,True,25.0
2025-11-29 02:00:00,20.24,0.0,200.0,50.0,True,25.0
2025-11-29 03:00:00,17.3,0.0,200.0,50.0,True,25.0
2025-11-29 04:00:00,17.08,0.0,200.0,50.0,True,25.0
2025-11-29 05:00:00,20.74,0.0,200.0,50.0,True,25.0
2025-11-29 06:00:00,26.41,0.0,200.0,50.0,True,25.0
2025-11-29 07:00:00,35.07,0.0,200.0,50.0,True,25.0
2025-11-29 08:00:00,37.01,0.0,200.0,50.0,True,25.0
2025-11-29 09:00:00,33.56,2.2,200.0,50.0,True,25.0
2025-11-29 10:00:00,32.83,10.3,200.0,50.0,True,25.0
2025-11-29 11:00:00,33.16,20.8,200.0,50.0,True,25.0
2025-11-29 12:00:00,33.48,31.7,200.0,50.0,True,25.0
2025-11-29 13:00:00,30.08,41.3,200.0,50.0,True,25.0
2025-11-29 14:00:00,32.67,45.1,200.0,50.0,True,25.0
2025-11-29 15:00:00,33.09,41.4,200.0,50.0,True,25.0
2025-11-29 16:00:00,38.49,26.0,200.0,50.0,True,25.0
2025-11-29 17:00:00,44.64,2.3,200.0,50.0,True,25.0
2025-11-29 18:00:00,54.44,0.0,200.0,50.0,True,25.0
2025-11-29 19:00:00,54.56,0.0,200.0,50.0,True,25.0
2025-11-29 20:00:00,51.44,0.0,200.0,50.0,True,25.0
2025-11-29 21:00:00,40.31,0.0,200.0,50.0,True,25.0
2025-11-29 22:00:00,33.52,0.0,200.0,50.0,True,25.0
2025-11-29 23:00:00,26.7,0.0,200.0,50.0,True,25.0
2025-11-30 00:00:00,18.53,0.0,200.0,50.0,True,25.0
2025-11-30 01:00:00,20.37,0.0,200.0,50.0,True,25.0
2025-11-30 02:00:00,18.11,0.0,200.0,50.0,True,25.0
2025-11-30 03:00:00,18.8,0.0,200.0,50.0,True,25.0
2025-11-30 04:00:00,17.39,0.0,200.0,50.0,True,25.0
2025-11-30 05:00:00,23.03,0.0,200.0,50.0,True,25.0
2025-11-30 06:00:00,27.45,0.0,200.0,50.0,True,25.0
2025-11-30 07:00:00,32.71,0.0,200.0,50.0,True,25.0
2025-11-30 08:00:00,37.46,0.0,200.0,50.0,True,25.0
2025-11-30 09:00:00,36.24,0.0,200.0,50.0,True,25.0
2025-11-30 10:00:00,35.27,3.2,200.0,50.0,True,25.0
2025-11-30 11:00:00,32.75,9.1,200.0,50.0,True,25.0
2025-11-30 12:00:00,32.07,13.7,200.0,50.0,True,25.0
2025-11-30 13:00:00,30.06,17.4,200.0,50.0,True,25.0
2025-11-30 14:00:00,31.86,16.6,200.0,50.0,True,25.0
2025-11-30 15:00:00,32.76,9.0,200.0,50.0,True,25.0
2025-11-30 16:00:00,39.29,0.0,200.0,50.0,True,25.0
2025-11-30 17:00:00,48.89,0.0,200.0,50.0,True,25.0
2025-11-30 18:00:00,55.76,0.0,200.0,50.0,True,25.0
2025-11-30 19:00:00,55.91,0.0,200.0,50.0,True,25.0
2025-11-30 20:00:00,50.67,0.0,200.0,50.0,True,25.0
2025-11-30 21:00:00,42.6,0.0,200.0,50.0,True,25.0
2025-11-30 22:00:00,31.01,0.0,200.0,50.0,True,25.0
2025-11-30 23:00:00,25.95,0.0,200.0,50.0,True,25.0
2025-12-01 00:00:00,24.11,0.0,200.0,50.0,True,25.0
2025-12-01 01:00:00,22.42,0.0,200.0,50.0,True,25.0
2025-12-01 02:00:00,20.3,0.0,200.0,50.0,True,25.0
2025-12-01 03:00:00,19.01,0.0,200.0,50.0,True,25.0
2025-12-01 04:00:00,22.8,0.0,200.0,50.0,True,25.0
2025-12-01 05:00:00,26.3,0.0,200.0,50.0,True,25.0
2025-12-01 06:00:00,29.95,0.0,200.0,50.0,True,25.0
2025-12-01 07:00:00,38.95,0.0,200.0,50.0,True,25.0
2025-12-01 08:00:00,44.1,0.0,200.0,50.0,True,25.0
2025-12-01 09:00:00,41.41,0.0,200.0,50.0,True,25.0
2025-12-01 10:00:00,36.27,7.0,200.0,50.0,True,25.0
2025-12-01 11:00:00,38.47,16.1,200.0,50.0,True,25.0
2025-12-01 12:00:00,33.81,26.8,200.0,50.0,True,25.0
2025-12-01 13:00:00,34.29,34.4,200.0,50.0,True,25.0
2025-12-01 14:00:00,34.89,37.1,200.0,50.0,True,25.0
2025-12-01 15:00:00,38.38,31.1,200.0,50.0,True,25.0
2025-12-01 16:00:00,44.79,12.8,200.0,50.0,True,25.0
2025-12-01 17:00:00,55.13,0.0,200.0,50.0,True,25.0
2025-12-01 18:00:00,61.55,0.0,200.0,50.0,True,25.0
2025-12-01 19:00:00,65.07,0.0,200.0,50.0,True,25.0
2025-12-01 20:00:00,59.63,0.0,200.0,50.0,True,25.0
2025-12-01 21:00:00,48.43,0.0,200.0,50.0,True,25.0
2025-12-01 22:00:00,35.35,0.0,200.0,50.0,True,25.0
2025-12-01 23:00:00,27.39,0.0,200.0,50.0,True,25.0
2025-12-02 00:00:00,24.22,0.0,200.0,50.0,True,25.0
2025-12-02 01:00:00,23.75,0.0,200.0,50.0,True,25.0
2025-12-02 02:00:00,22.93,0.0,200.0,50.0,True,25.0
2025-12-02 03:00:00,17.42,0.0,200.0,50.0,True,25.0
2025-12-02 04:00:00,22.02,0.0,200.0,50.0,True,25.0
2025-12-02 05:00:00,21.42,0.0,200.0,50.0,True,25.0
2025-12-02 06:00:00,29.84,0.0,200.0,50.0,True,25.0
2025-12-02 07:00:00,38.56,0.0,200.0,50.0,True,25.0
2025-12-02 08:00:00,41.92,0.0,200.0,50.0,True,25.0
2025-12-02 09:00:00,42.08,0.0,200.0,50.0,True,25.0
2025-12-02 10:00:00,38.42,3.2,200.0,50.0,True,25.0
2025-12-02 11:00:00,37.32,10.6,200.0,50.0,True,25.0
2025-12-02 12:00:00,34.34,19.0,200.0,50.0,True,25.0
2025-12-02 13:00:00,34.43,24.4,200.0,50.0,True,25.0
2025-12-02 14:00:00,36.61,24.9,200.0,50.0,True,25.0
2025-12-02 15:00:00,38.14,16.9,200.0,50.0,True,25.0
2025-12-02 16:00:00,45.56,0.0,200.0,50.0,True,25.0
2025-12-02 17:00:00,54.19,0.0,200.0,50.0,True,25.0
2025-12-02 18:00:00,61.65,0.0,200.0,50.0,True,25.0
2025-12-02 19:00:00,63.04,0.0,200.0,50.0,True,25.0
2025-12-02 20:00:00,58.78,0.0,200.0,50.0,True,25.0
2025-12-02 21:00:00,47.46,0.0,200.0,50.0,True,25.0
2025-12-02 22:00:00,35.3,0.0,200.0,50.0,True,25.0
2025-12-02 23:00:00,28.24,0.0,200.0,50.0,True,25.0
2025-12-03 00:00:00,25.18,0.0,200.0,50.0,True,25.0
2025-12-03 01:00:00,23.07,0.0,200.0,50.0,True,25.0
2025-12-03 02:00:00,21.31,0.0,200.0,50.0,True,25.0
2025-12-03 03:00:00,21.95,0.0,200.0,50.0,True,25.0
2025-12-03 04:00:00,22.71,0.0,200.0,50.0,True,25.0
2025-12-03 05:00:00,26.83,0.0,200.0,50.0,True,25.0
2025-12-03 06:00:00,28.01,0.0,200.0,50.0,True,25.0
2025-12-03 07:00:00,40.08,0.0,200.0,50.0,True,25.0
2025-12-03 08:00:00,44.36,0.0,200.0,50.0,True,25.0
2025-12-03 09:00:00,42.32,0.0,200.0,50.0,True,25.0
2025-12-03 10:00:00,38.94,2.3,200.0,50.0,True,25.0
2025-12-03 11:00:00,35.74,7.6,200.0,50.0,True,25.0
2025-12-03 12:00:00,37.35,11.8,200.0,50.0,True,25.0
2025-12-03 13:00:00,33.8,13.0,200.0,50.0,True,25.0
2025-12-03 14:00:00,35.15,9.4,200.0,50.0,True,25.0
2025-12-03 15:00:00,41.72,0.0,200.0,50.0,True,25.0
2025-12-03 16:00:00,43.32,0.0,200.0,50.0,True,25.0
2025-12-03 17:00:00,55.17,0.0,200.0,50.0,True,25.0
2025-12-03 18:00:00,60.76,0.0,200.0,50.0,True,25.0
2025-12-03 19:00:00,62.6,0.0,200.0,50.0,True,25.0
2025-12-03 20:00:00,58.13,0.0,200.0,50.0,True,25.0
2025-12-03 21:00:00,47.53,0.0,200.0,50.0,True,25.0
2025-12-03 22:00:00,36.64,0.0,200.0,50.0,True,25.0
2025-12-03 23:00:00,29.33,0.0,200.0,50.0,True,25.0
2025-12-04 00:00:00,23.47,0.0,200.0,50.0,True,25.0
2025-12-04 01:00:00,21.08,0.0,200.0,50.0,True,25.0
2025-12-04 02:00:00,21.29,0.0,200.0,50.0,True,25.0
2025-12-04 03:00:00,21.0,0.0,200.0,50.0,True,25.0
2025-12-04 04:00:00,21.45,0.0,200.0,50.0,True,25.0
2025-12-04 05:00:00,19.96,0.0,200.0,50.0,True,25.0
2025-12-04 06:00:00,27.74,0.0,200.0,50.0,True,25.0
2025-12-04 07:00:00,39.0,0.0,200.0,50.0,True,25.0
2025-12-04 08:00:00,44.05,0.0,200.0,50.0,True,25.0
2025-12-04 09:00:00,40.07,0.0,200.0,50.0,True,25.0
2025-12-04 10:00:00,40.17,0.8,200.0,50.0,True,25.0
2025-12-04 11:00:00,35.62,6.4,200.0,50.0,True,25.0
2025-12-04 12:00:00,35.85,15.1,200.0,50.0,True,25.0
2025-12-04 13:00:00,34.74,22.3,200.0,50.0,True,25.0
2025-12-04 14:00:00,36.11,24.0,200.0,50.0,True,25.0
2025-12-04 15:00:00,38.08,17.6,200.0,50.0,True,25.0
2025-12-04 16:00:00,43.04,0.0,200.0,50.0,True,25.0
2025-12-04 17:00:00,55.12,0.0,200.0,50.0,True,25.0
2025-12-04 18:00:00,59.9,0.0,200.0,50.0,True,25.0
2025-12-04 19:00:00,62.68,0.0,200.0,50.0,True,25.0
2025-12-04 20:00:00,59.66,0.0,200.0,50.0,True,25.0
2025-12-04 21:00:00,46.97,0.0,200.0,50.0,True,25.0
2025-12-04 22:00:00,35.99,0.0,200.0,50.0,True,25.0
2025-12-04 23:00:00,28.81,0.0,200.0,50.0,True,25.0
2025-12-05 00:00:00,25.06,0.0,200.0,50.0,True,25.0
2025-12-05 01:00:00,22.45,0.0,200.0,50.0,True,25.0
2025-12-05 02:00:00,20.64,0.0,200.0,50.0,True,25.0
2025-12-05 03:00:00,23.82,0.0,200.0,50.0,True,25.0
2025-12-05 04:00:00,21.37,0.0,200.0,50.0,True,25.0
2025-12-05 05:00:00,24.75,0.0,200.0,50.0,True,25.0
2025-12-05 06:00:00,30.5,0.0,200.0,50.0,True,25.0
2025-12-05 07:00:00,38.69,0.0,200.0,50.0,True,25.0
2025-12-05 08:00:00,42.57,0.0,200.0,50.0,True,25.0
2025-12-05 09:00:00,42.99,0.0,200.0,50.0,True,25.0
2025-12-05 10:00:00,38.45,5.9,200.0,50.0,True,25.0
2025-12-05 11:00:00,37.95,14.8,200.0,50.0,True,25.0
2025-12-05 12:00:00,36.66,24.3,200.0,50.0,True,25.0
2025-12-05 13:00:00,34.21,32.7,200.0,50.0,True,25.0
2025-12-05 14:00:00,35.47,34.0,200.0,50.0,True,25.0
2025-12-05 15:00:00,40.48,26.4,200.0,50.0,True,25.0
2025-12-05 16:00:00,44.79,7.8,200.0,50.0,True,25.0
2025-12-05 17:00:00,51.82,0.0,200.0,50.0,True,25.0
2025-12-05 18:00:00,63.61,0.0,200.0,50.0,True,25.0
2025-12-05 19:00:00,62.51,0.0,200.0,50.0,True,25.0
2025-12-05 20:00:00,58.32,0.0,200.0,50.0,True,25.0
2025-12-05 21:00:00,45.24,0.0,200.0,50.0,True,25.0
2025-12-05 22:00:00,34.97,0.0,200.0,50.0,True,25.0
2025-12-05 23:00:00,27.57,0.0,200.0,50.0,True,25.0
2025-12-06 00:00:00,21.66,0.0,200.0,50.0,True,25.0
2025-12-06 01:00:00,18.75,0.0,200.0,50.0,True,25.0
2025-12-06 02:00:00,21.52,0.0,200.0,50.0,True,25.0
2025-12-06 03:00:00,18.18,0.0,200.0,50.0,True,25.0
2025-12-06 04:00:00,20.2,0.0,200.0,50.0,True,25.0
2025-12-06 05:00:00,21.44,0.0,200.0,50.0,True,25.0
2025-12-06 06:00:00,27.6,0.0,200.0,50.0,True,25.0
2025-12-06 07:00:00,32.13,0.0,200.0,50.0,True,25.0
2025-12-06 08:00:00,37.11,0.0,200.0,50.0,True,25.0
2025-12-06 09:00:00,35.68,2.9,200.0,50.0,True,25.0
2025-12-06 10:00:00,34.02,10.4,200.0,50.0,True,25.0
2025-12-06 11:00:00,33.62,18.4,200.0,50.0,True,25.0
2025-12-06 12:00:00,32.06,27.4,200.0,50.0,True,25.0
2025-12-06 13:00:00,30.27,36.4,200.0,50.0,True,25.0
2025-12-06 14:00:00,31.29,38.4,200.0,50.0,True,25.0
2025-12-06 15:00:00,37.58,31.2,200.0,50.0,True,25.0
2025-12-06 16:00:00,39.99,14.6,200.0,50.0,True,25.0
2025-12-06 17:00:00,45.18,0.0,200.0,50.0,True,25.0
2025-12-06 18:00:00,55.38,0.0,200.0,50.0,True,25.0
2025-12-06 19:00:00,56.77,0.0,200.0,50.0,True,25.0
2025-12-06 20:00:00,52.54,0.0,200.0,50.0,True,25.0
2025-12-06 21:00:00,41.97,0.0,200.0,50.0,True,25.0
2025-12-06 22:00:00,30.27,0.0,200.0,50.0,True,25.0
2025-12-06 23:00:00,25.82,0.0,200.0,50.0,True,25.0
2025-12-07 00:00:00,21.59,0.0,200.0,50.0,True,25.0
2025-12-07 01:00:00,21.08,0.0,200.0,50.0,True,25.0
2025-12-07 02:00:00,21.02,0.0,200.0,50.0,True,25.0
2025-12-07 03:00:00,18.02,0.0,200.0,50.0,True,25.0
2025-12-07 04:00:00,20.21,0.0,200.0,50.0,True,25.0
2025-12-07 05:00:00,22.72,0.0,200.0,50.0,True,25.0
2025-12-07 06:00:00,26.62,0.0,200.0,50.0,True,25.0
2025-12-07 07:00:00,37.04,0.0,200.0,50.0,True,25.0
2025-12-07 08:00:00,39.25,0.0,200.0,50.0,True,25.0
2025-12-07 09:00:00,35.64,0.9,200.0,50.0,True,25.0
2025-12-07 10:00:00,35.0,7.1,200.0,50.0,True,25.0
2025-12-07 11:00:00,34.07,14.9,200.0,50.0,True,25.0
2025-12-07 12:00:00,33.69,21.9,200.0,50.0,True,25.0
2025-12-07 13:00:00,31.14,29.7,200.0,50.0,True,25.0
2025-12-07 14:00:00,31.73,32.6,200.0,50.0,True,25.0
2025-12-07 15:00:00,36.21,25.8,200.0,50.0,True,25.0
2025-12-07 16:00:00,39.38,9.1,200.0,50.0,True,25.0
2025-12-07 17:00:00,46.72,0.0,200.0,50.0,True,25.0
2025-12-07 18:00:00,55.36,0.0,200.0,50.0,True,25.0
2025-12-07 19:00:00,55.71,0.0,200.0,50.0,True,25.0
2025-12-07 20:00:00,54.47,0.0,200.0,50.0,True,25.0
2025-12-07 21:00:00,41.6,0.0,200.0,50.0,True,25.0
2025-12-07 22:00:00,32.24,0.0,200.0,50.0,True,25.0
2025-12-07 23:00:00,24.02,0.0,200.0,50.0,True,25.0
2025-12-08 00:00:00,25.95,0.0,200.0,50.0,True,25.0
2025-12-08 01:00:00,22.52,0.0,200.0,50.0,True,25.0
2025-12-08 02:00:00,21.65,0.0,200.0,50.0,True,25.0
2025-12-08 03:00:00,20.55,0.0,200.0,50.0,True,25.0
2025-12-08 04:00:00,20.25,0.0,200.0,50.0,True,25.0
2025-12-08 05:00:00,24.13,0.0,200.0,50.0,True,25.0
2025-12-08 06:00:00,30.72,0.0,200.0,50.0,True,25.0
2025-12-08 07:00:00,37.61,0.0,200.0,50.0,True,25.0
2025-12-08 08:00:00,44.45,0.0,200.0,50.0,True,25.0
2025-12-08 09:00:00,41.02,0.0,200.0,50.0,True,25.0
2025-12-08 10:00:00,39.76,0.0,200.0,50.0,True,25.0
2025-12-08 11:00:00,34.9,1.7,200.0,50.0,True,25.0
2025-12-08 12:00:00,35.97,2.3,200.0,50.0,True,25.0
2025-12-08 13:00:00,33.33,0.0,200.0,50.0,True,25.0
2025-12-08 14:00:00,35.28,0.0,200.0,50.0,True,25.0
2025-12-08 15:00:00,37.58,0.0,200.0,50.0,True,25.0
2025-12-08 16:00:00,44.04,0.0,200.0,50.0,True,25.0
2025-12-08 17:00:00,54.3,0.0,200.0,50.0,True,25.0
2025-12-08 18:00:00,61.69,0.0,200.0,50.0,True,25.0
2025-12-08 19:00:00,64.95,0.0,200.0,50.0,True,25.0
2025-12-08 20:00:00,56.01,0.0,200.0,50.0,True,25.0
2025-12-08 21:00:00,46.92,0.0,200.0,50.0,True,25.0
2025-12-08 22:00:00,35.59,0.0,200.0,50.0,True,25.0
2025-12-08 23:00:00,27.64,0.0,200.0,50.0,True,25.0
2025-12-09 00:00:00,23.36,0.0,200.0,50.0,True,25.0
2025-12-09 01:00:00,23.9,0.0,200.0,50.0,True,25.0
2025-12-09 02:00:00,24.28,0.0,200.0,50.0,True,25.0
2025-12-09 03:00:00,18.64,0.0,200.0,50.0,True,25.0
2025-12-09 04:00:00,20.71,0.0,200.0,50.0,True,25.0
2025-12-09 05:00:00,23.25,0.0,200.0,50.0,True,25.0
2025-12-09 06:00:00,29.76,0.0,200.0,50.0,True,25.0
2025-12-09 07:00:00,41.01,0.0,200.0,50.0,True,25.0
2025-12-09 08:00:00,43.9,0.0,200.0,50.0,True,25.0
2025-12-09 09:00:00,41.2,0.0,200.0,50.0,True,25.0
2025-12-09 10:00:00,39.53,0.0,200.0,50.0,True,25.0
2025-12-09 11:00:00,37.24,1.0,200.0,50.0,True,25.0
2025-12-09 12:00:00,36.63,4.4,200.0,50.0,True,25.0
2025-12-09 13:00:00,35.65,3.8,200.0,50.0,True,25.0
2025-12-09 14:00:00,36.45,0.0,200.0,50.0,True,25.0
2025-12-09 15:00:00,36.87,0.0,200.0,50.0,True,25.0
2025-12-09 16:00:00,45.17,0.0,200.0,50.0,True,25.0
2025-12-09 17:00:00,54.33,0.0,200.0,50.0,True,25.0
2025-12-09 18:00:00,63.27,0.0,200.0,50.0,True,25.0
2025-12-09 19:00:00,64.25,0.0,200.0,50.0,True,25.0
2025-12-09 20:00:00,58.99,0.0,200.0,50.0,True,25.0
2025-12-09 21:00:00,46.44,0.0,200.0,50.0,True,25.0
2025-12-09 22:00:00,36.87,0.0,200.0,50.0,True,25.0
2025-12-09 23:00:00,29.7,0.0,200.0,50.0,True,25.0
2025-12-10 00:00:00,22.53,0.0,200.0,50.0,True,25.0
2025-12-10 01:00:00,21.04,0.0,200.0,50.0,True,25.0
2025-12-10 02:00:00,22.76,0.0,200.0,50.0,True,25.0
2025-12-10 03:00:00,20.51,0.0,200.0,50.0,True,25.0
2025-12-10 04:00:00,23.08,0.0,200.0,50.0,True,25.0
2025-12-10 05:00:00,24.77,0.0,200.0,50.0,True,25.0
2025-12-10 06:00:00,30.96,0.0,200.0,50.0,True,25.0
2025-12-10 07:00:00,38.65,0.0,200.0,50.0,True,25.0
2025-12-10 08:00:00,43.72,0.0,200.0,50.0,True,25.0
2025-12-10 09:00:00,41.84,0.0,200.0,50.0,True,25.0
2025-12-10 10:00:00,38.72,0.0,200.0,50.0,True,25.0
2025-12-10 11:00:00,38.87,0.0,200.0,50.0,True,25.0
2025-12-10 12:00:00,33.51,1.2,200.0,50.0,True,25.0
2025-12-10 13:00:00,34.9,1.9,200.0,50.0,True,25.0
2025-12-10 14:00:00,34.23,0.0,200.0,50.0,True,25.0
2025-12-10 15:00:00,38.32,0.0,200.0,50.0,True,25.0
2025-12-10 16:00:00,46.38,0.0,200.0,50.0,True,25.0
2025-12-10 17:00:00,53.29,0.0,200.0,50.0,True,25.0
2025-12-10 18:00:00,60.77,0.0,200.0,50.0,True,25.0
2025-12-10 19:00:00,64.72,0.0,200.0,50.0,True,25.0
2025-12-10 20:00:00,57.05,0.0,200.0,50.0,True,25.0
2025-12-10 21:00:00,48.3,0.0,200.0,50.0,True,25.0
2025-12-10 22:00:00,36.55,0.0,200.0,50.0,True,25.0
2025-12-10 23:00:00,27.31,0.0,200.0,50.0,True,25.0
2025-12-11 00:00:00,25.68,0.0,200.0,50.0,True,25.0
2025-12-11 01:00:00,20.3,0.0,200.0,50.0,True,25.0
2025-12-11 02:00:00,22.43,0.0,200.0,50.0,True,25.0
2025-12-11 03:00:00,19.24,0.0,200.0,50.0,True,25.0
2025-12-11 04:00:00,21.24,0.0,200.0,50.0,True,25.0
2025-12-11 05:00:00,23.96,0.0,200.0,50.0,True,25.0
2025-12-11 06:00:00,31.7,0.0,200.0,50.0,True,25.0
2025-12-11 07:00:00,38.99,0.0,200.0,50.0,True,25.0
2025-12-11 08:00:00,43.26,0.0,200.0,50.0,True,25.0
2025-12-11 09:00:00,40.95,0.0,200.0,50.0,True,25.0
2025-12-11 10:00:00,38.41,3.2,200.0,50.0,True,25.0
2025-12-11 11:00:00,36.47,10.4,200.0,50.0,True,25.0
2025-12-11 12:00:00,36.19,18.1,200.0,50.0,True,25.0
2025-12-11 13:00:00,34.65,23.5,200.0,50.0,True,25.0
2025-12-11 14:00:00,36.73,24.6,200.0,50.0,True,25.0
2025-12-11 15:00:00,39.3,16.5,200.0,50.0,True,25.0
2025-12-11 16:00:00,44.99,0.0,200.0,50.0,True,25.0
2025-12-11 17:00:00,55.59,0.0,200.0,50.0,True,25.0
2025-12-11 18:00:00,61.76,0.0,200.0,50.0,True,25.0
2025-12-11 19:00:00,62.37,0.0,200.0,50.0,True,25.0
2025-12-11 20:00:00,59.46,0.0,200.0,50.0,True,25.0
2025-12-11 21:00:00,46.32,0.0,200.0,50.0,True,25.0
2025-12-11 22:00:00,35.9,0.0,200.0,50.0,True,25.0
2025-12-11 23:00:00,27.53,0.0,200.0,50.0,True,25.0
2025-12-12 00:00:00,23.36,0.0,200.0,50.0,True,25.0
2025-12-12 01:00:00,20.37,0.0,200.0,50.0,True,25.0
2025-12-12 02:00:00,22.3,0.0,200.0,50.0,True,25.0
2025-12-12 03:00:00,16.68,0.0,200.0,50.0,True,25.0
2025-12-12 04:00:00,23.45,0.0,200.0,50.0,True,25.0
2025-12-12 05:00:00,25.77,0.0,200.0,50.0,True,25.0
2025-12-12 06:00:00,29.1,0.0,200.0,50.0,True,25.0
2025-12-12 07:00:00,41.53,0.0,200.0,50.0,True,25.0
2025-12-12 08:00:00,45.87,0.0,200.0,50.0,True,25.0
2025-12-12 09:00:00,41.19,0.0,200.0,50.0,True,25.0
2025-12-12 10:00:00,40.12,4.5,200.0,50.0,True,25.0
2025-12-12 11:00:00,37.9,10.0,200.0,50.0,True,25.0
2025-12-12 12:00:00,37.67,15.9,200.0,50.0,True,25.0
2025-12-12 13:00:00,33.05,17.4,200.0,50.0,True,25.0
2025-12-12 14:00:00,35.58,13.2,200.0,50.0,True,25.0
2025-12-12 15:00:00,40.73,0.5,200.0,50.0,True,25.0
2025-12-12 16:00:00,46.26,0.0,200.0,50.0,True,25.0
2025-12-12 17:00:00,54.67,0.0,200.0,50.0,True,25.0
2025-12-12 18:00:00,63.94,0.0,200.0,50.0,True,25.0
2025-12-12 19:00:00,64.44,0.0,200.0,50.0,True,25.0
2025-12-12 20:00:00,58.63,0.0,200.0,50.0,True,25.0
2025-12-12 21:00:00,48.01,0.0,200.0,50.0,True,25.0
2025-12-12 22:00:00,35.78,0.0,200.0,50.0,True,25.0
2025-12-12 23:00:00,28.37,0.0,200.0,50.0,True,25.0
2025-12-13 00:00:00,20.66,0.0,200.0,50.0,True,25.0
2025-12-13 01:00:00,23.47,0.0,200.0,50.0,True,25.0
2025-12-13 02:00:00,18.71,0.0,200.0,50.0,True,25.0
2025-12-13 03:00:00,19.16,0.0,200.0,50.0,True,25.0
2025-12-13 04:00:00,21.57,0.0,200.0,50.0,True,25.0
2025-12-13 05:00:00,20.0,0.0,200.0,50.0,True,25.0
2025-12-13 06:00:00,27.33,0.0,200.0,50.0,True,25.0
2025-12-13 07:00:00,34.93,0.0,200.0,50.0,True,25.0
2025-12-13 08:00:00,40.38,0.0,200.0,50.0,True,25.0
2025-12-13 09:00:00,35.48,1.3,200.0,50.0,True,25.0
2025-12-13 10:00:00,34.0,7.1,200.0,50.0,True,25.0
2025-12-13 11:00:00,33.18,15.4,200.0,50.0,True,25.0
2025-12-13 12:00:00,30.99,25.4,200.0,50.0,True,25.0
2025-12-13 13:00:00,30.03,32.6,200.0,50.0,True,25.0
2025-12-13 14:00:00,34.02,34.3,200.0,50.0,True,25.0
2025-12-13 15:00:00,35.06,29.3,200.0,50.0,True,25.0
2025-12-13 16:00:00,38.95,13.7,200.0,50.0,True,25.0
2025-12-13 17:00:00,47.74,0.0,200.0,50.0,True,25.0
2025-12-13 18:00:00,55.34,0.0,200.0,50.0,True,25.0
2025-12-13 19:00:00,56.92,0.0,200.0,50.0,True,25.0
2025-12-13 20:00:00,50.84,0.0,200.0,50.0,True,25.0
2025-12-13 21:00:00,39.6,0.0,200.0,50.0,True,25.0
2025-12-13 22:00:00,31.52,0.0,200.0,50.0,True,25.0
2025-12-13 23:00:00,24.84,0.0,200.0,50.0,True,25.0
2025-12-14 00:00:00,20.85,0.0,200.0,50.0,True,25.0
2025-12-14 01:00:00,21.5,0.0,200.0,50.0,True,25.0
2025-12-14 02:00:00,19.99,0.0,200.0,50.0,True,25.0
2025-12-14 03:00:00,18.46,0.0,200.0,50.0,True,25.0
2025-12-14 04:00:00,18.87,0.0,200.0,50.0,True,25.0
2025-12-14 05:00:00,23.71,0.0,200.0,50.0,True,25.0
2025-12-14 06:00:00,25.24,0.0,200.0,50.0,True,25.0
2025-12-14 07:00:00,34.34,0.0,200.0,50.0,True,25.0
2025-12-14 08:00:00,37.72,0.0,200.0,50.0,True,25.0
2025-12-14 09:00:00,36.96,1.8,200.0,50.0,True,25.0
2025-12-14 10:00:00,35.73,8.9,200.0,50.0,True,25.0
2025-12-14 11:00:00,31.67,20.2,200.0,50.0,True,25.0
2025-12-14 12:00:00,30.79,31.9,200.0,50.0,True,25.0
2025-12-14 13:00:00,31.15,40.9,200.0,50.0,True,25.0
2025-12-14 14:00:00,30.81,43.4,200.0,50.0,True,25.0
2025-12-14 15:00:00,34.46,39.3,200.0,50.0,True,25.0
2025-12-14 16:00:00,40.14,23.1,200.0,50.0,True,25.0
2025-12-14 17:00:00,47.07,0.0,200.0,50.0,True,25.0
2025-12-14 18:00:00,55.24,0.0,200.0,50.0,True,25.0
2025-12-14 19:00:00,57.3,0.0,200.0,50.0,True,25.0
2025-12-14 20:00:00,51.62,0.0,200.0,50.0,True,25.0
2025-12-14 21:00:00,43.31,0.0,200.0,50.0,True,25.0
2025-12-14 22:00:00,32.48,0.0,200.0,50.0,True,25.0
2025-12-14 23:00:00,24.91,0.0,200.0,50.0,True,25.0
2025-12-15 00:00:00,24.22,0.0,200.0,50.0,True,25.0
2025-12-15 01:00:00,24.82,0.0,200.0,50.0,True,25.0
2025-12-15 02:00:00,21.16,0.0,200.0,50.0,True,25.0
2025-12-15 03:00:00,20.49,0.0,200.0,50.0,True,25.0
2025-12-15 04:00:00,21.46,0.0,200.0,50.0,True,25.0
2025-12-15 05:00:00,25.08,0.0,200.0,50.0,True,25.0
2025-12-15 06:00:00,32.99,0.0,200.0,50.0,True,25.0
2025-12-15 07:00:00,40.04,0.0,200.0,50.0,True,25.0
2025-12-15 08:00:00,43.14,0.0,200.0,50.0,True,25.0
2025-12-15 09:00:00,41.86,0.0,200.0,50.0,True,25.0
2025-12-15 10:00:00,38.17,1.9,200.0,50.0,True,25.0
2025-12-15 11:00:00,37.62,7.1,200.0,50.0,True,25.0
2025-12-15 12:00:00,38.0,9.6,200.0,50.0,True,25.0
2025-12-15 13:00:00,35.62,11.6,200.0,50.0,True,25.0
2025-12-15 14:00:00,37.43,7.4,200.0,50.0,True,25.0
2025-12-15 15:00:00,40.96,0.0,200.0,50.0,True,25.0
2025-12-15 16:00:00,44.57,0.0,200.0,50.0,True,25.0
2025-12-15 17:00:00,57.18,0.0,200.0,50.0,True,25.0
2025-12-15 18:00:00,60.32,0.0,200.0,50.0,True,25.0
2025-12-15 19:00:00,64.74,0.0,200.0,50.0,True,25.0
2025-12-15 20:00:00,56.19,0.0,200.0,50.0,True,25.0
2025-12-15 21:00:00,45.26,0.0,200.0,50.0,True,25.0
2025-12-15 22:00:00,37.08,0.0,200.0,50.0,True,25.0
2025-12-15 23:00:00,27.56,0.0,200.0,50.0,True,25.0
2025-12-16 00:00:00,26.12,0.0,200.0,50.0,True,25.0
2025-12-16 01:00:00,20.12,0.0,200.0,50.0,True,25.0
2025-12-16 02:00:00,21.87,0.0,200.0,50.0,True,25.0
2025-12-16 03:00:00,19.38,0.0,200.0,50.0,True,25.0
2025-12-16 04:00:00,21.58,0.0,200.0,50.0,True,25.0
2025-12-16 05:00:00,26.48,0.0,200.0,50.0,True,25.0
2025-12-16 06:00:00,32.46,0.0,200.0,50.0,True,25.0
2025-12-16 07:00:00,40.39,0.0,200.0,50.0,True,25.0
2025-12-16 08:00:00,41.65,0.0,200.0,50.0,True,25.0
2025-12-16 09:00:00,40.22,0.0,200.0,50.0,True,25.0
2025-12-16 10:00:00,39.97,0.0,200.0,50.0,True,25.0
2025-12-16 11:00:00,36.92,0.0,200.0,50.0,True,25.0
2025-12-16 12:00:00,36.78,1.3,200.0,50.0,True,25.0
2025-12-16 13:00:00,36.86,3.3,200.0,50.0,True,25.0
2025-12-16 14:00:00,34.81,1.0,200.0,50.0,True,25.0
2025-12-16 15:00:00,38.7,0.0,200.0,50.0,True,25.0
2025-12-16 16:00:00,44.04,0.0,200.0,50.0,True,25.0
2025-12-16 17:00:00,54.63,0.0,200.0,50.0,True,25.0
2025-12-16 18:00:00,62.57,0.0,200.0,50.0,True,25.0
2025-12-16 19:00:00,64.43,0.0,200.0,50.0,True,25.0
2025-12-16 20:00:00,59.8,0.0,200.0,50.0,True,25.0
2025-12-16 21:00:00,47.83,0.0,200.0,50.0,True,25.0
2025-12-16 22:00:00,35.92,0.0,200.0,50.0,True,25.0
2025-12-16 23:00:00,28.46,0.0,200.0,50.0,True,25.0
2025-12-17 00:00:00,24.75,0.0,200.0,50.0,True,25.0
2025-12-17 01:00:00,22.68,0.0,200.0,50.0,True,25.0
2025-12-17 02:00:00,21.18,0.0,200.0,50.0,True,25.0
2025-12-17 03:00:00,19.41,0.0,200.0,50.0,True,25.0
2025-12-17 04:00:00,22.16,0.0,200.0,50.0,True,25.0
2025-12-17 05:00:00,24.05,0.0,200.0,50.0,True,25.0
2025-12-17 06:00:00,30.96,0.0,200.0,50.0,True,25.0
2025-12-17 07:00:00,39.9,0.0,200.0,50.0,True,25.0
2025-12-17 08:00:00,43.62,0.0,200.0,50.0,True,25.0
2025-12-17 09:00:00,42.89,0.0,200.0,50.0,True,25.0
2025-12-17 10:00:00,38.13,3.5,200.0,50.0,True,25.0
2025-12-17 11:00:00,40.04,7.7,200.0,50.0,True,25.0
2025-12-17 12:00:00,33.4,15.3,200.0,50.0,True,25.0
2025-12-17 13:00:00,36.63,18.8,200.0,50.0,True,25.0
2025-12-17 14:00:00,36.26,18.8,200.0,50.0,True,25.0
2025-12-17 15:00:00,39.18,10.7,200.0,50.0,True,25.0
2025-12-17 16:00:00,43.73,0.0,200.0,50.0,True,25.0
2025-12-17 17:00:00,54.26,0.0,200.0,50.0,True,25.0
2025-12-17 18:00:00,62.37,0.0,200.0,50.0,True,25.0
2025-12-17 19:00:00,64.69,0.0,200.0,50.0,True,25.0
2025-12-17 20:00:00,60.51,0.0,200.0,50.0,True,25.0
2025-12-17 21:00:00,47.48,0.0,200.0,50.0,True,25.0
2025-12-17 22:00:00,36.41,0.0,200.0,50.0,True,25.0
2025-12-17 23:00:00,28.86,0.0,200.0,50.0,True,25.0
2025-12-18 00:00:00,24.27,0.0,200.0,50.0,True,25.0
2025-12-18 01:00:00,22.54,0.0,200.0,50.0,True,25.0
2025-12-18 02:00:00,21.88,0.0,200.0,50.0,True,25.0
2025-12-18 03:00:00,21.62,0.0,200.0,50.0,True,25.0
2025-12-18 04:00:00,20.92,0.0,200.0,50.0,True,25.0
2025-12-18 05:00:00,24.06,0.0,200.0,50.0,True,25.0
2025-12-18 06:00:00,30.79,0.0,200.0,50.0,True,25.0
2025-12-18 07:00:00,38.56,0.0,200.0,50.0,True,25.0
2025-12-18 08:00:00,43.78,0.0,200.0,50.0,True,25.0
2025-12-18 09:00:00,41.09,0.0,200.0,50.0,True,25.0
2025-12-18 10:00:00,40.45,3.3,200.0,50.0,True,25.0
2025-12-18 11:00:00,39.6,9.2,200.0,50.0,True,25.0
2025-12-18 12:00:00,35.4,17.2,200.0,50.0,True,25.0
2025-12-18 13:00:00,35.82,22.4,200.0,50.0,True,25.0
2025-12-18 14:00:00,36.29,22.4,200.0,50.0,True,25.0
2025-12-18 15:00:00,39.39,13.7,200.0,50.0,True,25.0
2025-12-18 16:00:00,45.55,0.0,200.0,50.0,True,25.0
2025-12-18 17:00:00,56.59,0.0,200.0,50.0,True,25.0
2025-12-18 18:00:00,62.41,0.0,200.0,50.0,True,25.0
2025-12-18 19:00:00,66.09,0.0,200.0,50.0,True,25.0
2025-12-18 20:00:00,58.68,0.0,200.0,50.0,True,25.0
2025-12-18 21:00:00,45.74,0.0,200.0,50.0,True,25.0
2025-12-18 22:00:00,35.88,0.0,200.0,50.0,True,25.0
2025-12-18 23:00:00,26.67,0.0,200.0,50.0,True,25.0
2025-12-19 00:00:00,24.31,0.0,200.0,50.0,True,25.0
2025-12-19 01:00:00,22.36,0.0,200.0,50.0,True,25.0
2025-12-19 02:00:00,24.21,0.0,200.0,50.0,True,25.0
2025-12-19 03:00:00,22.82,0.0,200.0,50.0,True,25.0
2025-12-19 04:00:00,22.13,0.0,200.0,50.0,True,25.0
2025-12-19 05:00:00,26.14,0.0,200.0,50.0,True,25.0
2025-12-19 06:00:00,29.91,0.0,200.0,50.0,True,25.0
2025-12-19 07:00:00,38.17,0.0,200.0,50.0,True,25.0
2025-12-19 08:00:00,44.31,0.0,200.0,50.0,True,25.0
2025-12-19 09:00:00,42.21,0.0,200.0,50.0,True,25.0
2025-12-19 10:00:00,38.76,5.1,200.0,50.0,True,25.0
2025-12-19 11:00:00,36.91,11.4,200.0,50.0,True,25.0
2025-12-19 12:00:00,37.21,19.6,200.0,50.0,True,25.0
2025-12-19 13:00:00,32.92,28.1,200.0,50.0,True,25.0
2025-12-19 14:00:00,36.75,29.4,200.0,50.0,True,25.0
2025-12-19 15:00:00,39.5,22.4,200.0,50.0,True,25.0
2025-12-19 16:00:00,46.25,2.7,200.0,50.0,True,25.0
2025-12-19 17:00:00,56.26,0.0,200.0,50.0,True,25.0
2025-12-19 18:00:00,61.62,0.0,200.0,50.0,True,25.0
2025-12-19 19:00:00,63.2,0.0,200.0,50.0,True,25.0
2025-12-19 20:00:00,60.63,0.0,200.0,50.0,True,25.0
2025-12-19 21:00:00,47.41,0.0,200.0,50.0,True,25.0
2025-12-19 22:00:00,36.48,0.0,200.0,50.0,True,25.0
2025-12-19 23:00:00,29.58,0.0,200.0,50.0,True,25.0
2025-12-20 00:00:00,20.59,0.0,200.0,50.0,True,25.0
2025-12-20 01:00:00,21.15,0.0,200.0,50.0,True,25.0
2025-12-20 02:00:00,20.17,0.0,200.0,50.0,True,25.0
2025-12-20 03:00:00,20.16,0.0,200.0,50.0,True,25.0
2025-12-20 04:00:00,21.15,0.0,200.0,50.0,True,25.0
2025-12-20 05:00:00,21.82,0.0,200.0,50.0,True,25.0
2025-12-20 06:00:00,27.67,0.0,200.0,50.0,True,25.0
2025-12-20 07:00:00,35.18,0.0,200.0,50.0,True,25.0
2025-12-20 08:00:00,38.64,0.0,200.0,50.0,True,25.0
2025-12-20 09:00:00,35.44,2.8,200.0,50.0,True,25.0
2025-12-20 10:00:00,34.85,10.0,200.0,50.0,True,25.0
2025-12-20 11:00:00,31.3,22.3,200.0,50.0,True,25.0
2025-12-20 12:00:00,31.61,33.4,200.0,50.0,True,25.0
2025-12-20 13:00:00,32.36,41.0,200.0,50.0,True,25.0
2025-12-20 14:00:00,32.71,43.7,200.0,50.0,True,25.0
2025-12-20 15:00:00,35.26,38.6,200.0,50.0,True,25.0
2025-12-20 16:00:00,39.9,22.0,200.0,50.0,True,25.0
2025-12-20 17:00:00,47.86,0.0,200.0,50.0,True,25.0
2025-12-20 18:00:00,54.09,0.0,200.0,50.0,True,25.0
2025-12-20 19:00:00,57.85,0.0,200.0,50.0,True,25.0
2025-12-20 20:00:00,50.01,0.0,200.0,50.0,True,25.0
2025-12-20 21:00:00,39.95,0.0,200.0,50.0,True,25.0
2025-12-20 22:00:00,32.86,0.0,200.0,50.0,True,25.0
2025-12-20 23:00:00,25.34,0.0,200.0,50.0,True,25.0
2025-12-21 00:00:00,21.81,0.0,200.0,50.0,True,25.0
2025-12-21 01:00:00,20.34,0.0,200.0,50.0,True,25.0
2025-12-21 02:00:00,21.83,0.0,200.0,50.0,True,25.0
2025-12-21 03:00:00,18.48,0.0,200.0,50.0,True,25.0
2025-12-21 04:00:00,19.77,0.0,200.0,50.0,True,25.0
2025-12-21 05:00:00,24.23,0.0,200.0,50.0,True,25.0
2025-12-21 06:00:00,26.71,0.0,200.0,50.0,True,25.0
2025-12-21 07:00:00,37.22,0.0,200.0,50.0,True,25.0
2025-12-21 08:00:00,35.97,0.0,200.0,50.0,True,25.0
2025-12-21 09:00:00,35.43,0.7,200.0,50.0,True,25.0
2025-12-21 10:00:00,34.35,4.9,200.0,50.0,True,25.0
2025-12-21 11:00:00,34.18,11.9,200.0,50.0,True,25.0
2025-12-21 12:00:00,33.93,20.1,200.0,50.0,True,25.0
2025-12-21 13:00:00,30.09,26.9,200.0,50.0,True,25.0
2025-12-21 14:00:00,32.98,27.8,200.0,50.0,True,25.0
2025-12-21 15:00:00,37.84,19.6,200.0,50.0,True,25.0
2025-12-21 16:00:00,42.05,1.4,200.0,50.0,True,25.0
2025-12-21 17:00:00,48.06,0.0,200.0,50.0,True,25.0
2025-12-21 18:00:00,56.28,0.0,200.0,50.0,True,25.0
2025-12-21 19:00:00,57.32,0.0,200.0,50.0,True,25.0
2025-12-21 20:00:00,51.1,0.0,200.0,50.0,True,25.0
2025-12-21 21:00:00,42.36,0.0,200.0,50.0,True,25.0
2025-12-21 22:00:00,31.24,0.0,200.0,50.0,True,25.0
2025-12-21 23:00:00,25.26,0.0,200.0,50.0,True,25.0
2025-12-22 00:00:00,23.09,0.0,200.0,50.0,True,25.0
2025-12-22 01:00:00,20.73,0.0,200.0,50.0,True,25.0
2025-12-22 02:00:00,21.74,0.0,200.0,50.0,True,25.0
2025-12-22 03:00:00,21.32,0.0,200.0,50.0,True,25.0
2025-12-22 04:00:00,20.73,0.0,200.0,50.0,True,25.0
2025-12-22 05:00:00,25.38,0.0,200.0,50.0,True,25.0
2025-12-22 06:00:00,30.51,0.0,200.0,50.0,True,25.0
2025-12-22 07:00:00,40.76,0.0,200.0,50.0,True,25.0
2025-12-22 08:00:00,44.92,0.0,200.0,50.0,True,25.0
2025-12-22 09:00:00,43.49,0.0,200.0,50.0,True,25.0
2025-12-22 10:00:00,40.7,0.0,200.0,50.0,True,25.0
2025-12-22 11:00:00,37.72,5.0,200.0,50.0,True,25.0
2025-12-22 12:00:00,36.4,8.8,200.0,50.0,True,25.0
2025-12-22 13:00:00,37.82,7.2,200.0,50.0,True,25.0
2025-12-22 14:00:00,37.35,0.0,200.0,50.0,True,25.0
2025-12-22 15:00:00,40.06,0.0,200.0,50.0,True,25.0
2025-12-22 16:00:00,45.51,0.0,200.0,50.0,True,25.0
2025-12-22 17:00:00,54.49,0.0,200.0,50.0,True,25.0
2025-12-22 18:00:00,61.4,0.0,200.0,50.0,True,25.0
2025-12-22 19:00:00,66.77,0.0,200.0,50.0,True,25.0
2025-12-22 20:00:00,59.59,0.0,200.0,50.0,True,25.0
2025-12-22 21:00:00,46.07,0.0,200.0,50.0,True,25.0
2025-12-22 22:00:00,36.02,0.0,200.0,50.0,True,25.0
2025-12-22 23:00:00,30.08,0.0,200.0,50.0,True,25.0
2025-12-23 00:00:00,24.23,0.0,200.0,50.0,True,25.0
2025-12-23 01:00:00,21.88,0.0,200.0,50.0,True,25.0
2025-12-23 02:00:00,22.53,0.0,200.0,50.0,True,25.0
2025-12-23 03:00:00,21.75,0.0,200.0,50.0,True,25.0
2025-12-23 04:00:00,21.56,0.0,200.0,50.0,True,25.0
2025-12-23 05:00:00,24.05,0.0,200.0,50.0,True,25.0
2025-12-23 06:00:00,31.03,0.0,200.0,50.0,True,25.0
2025-12-23 07:00:00,38.66,0.0,200.0,50.0,True,25.0
2025-12-23 08:00:00,43.17,0.0,200.0,50.0,True,25.0
2025-12-23 09:00:00,41.77,0.0,200.0,50.0,True,25.0
2025-12-23 10:00:00,40.89,0.0,200.0,50.0,True,25.0
2025-12-23 11:00:00,37.59,0.0,200.0,50.0,True,25.0
2025-12-23 12:00:00,36.87,0.1,200.0,50.0,True,25.0
2025-12-23 13:00:00,36.45,0.0,200.0,50.0,True,25.0
2025-12-23 14:00:00,35.59,0.0,200.0,50.0,True,25.0
2025-12-23 15:00:00,43.87,0.0,200.0,50.0,True,25.0
2025-12-23 16:00:00,47.42,0.0,200.0,50.0,True,25.0
2025-12-23 17:00:00,55.57,0.0,200.0,50.0,True,25.0
2025-12-23 18:00:00,62.65,0.0,200.0,50.0,True,25.0
2025-12-23 19:00:00,64.11,0.0,200.0,50.0,True,25.0
2025-12-23 20:00:00,61.05,0.0,200.0,50.0,True,25.0
2025-12-23 21:00:00,47.88,0.0,200.0,50.0,True,25.0
2025-12-23 22:00:00,34.47,0.0,200.0,50.0,True,25.0
2025-12-23 23:00:00,26.52,0.0,200.0,50.0,True,25.0
2025-12-24 00:00:00,24.92,0.0,200.0,50.0,True,25.0
2025-12-24 01:00:00,23.04,0.0,200.0,50.0,True,25.0
2025-12-24 02:00:00,21.01,0.0,200.0,50.0,True,25.0
2025-12-24 03:00:00,19.15,0.0,200.0,50.0,True,25.0
2025-12-24 04:00:00,19.76,0.0,200.0,50.0,True,25.0
2025-12-24 05:00:00,23.87,0.0,200.0,50.0,True,25.0
2025-12-24 06:00:00,30.07,0.0,200.0,50.0,True,25.0
2025-12-24 07:00:00,40.87,0.0,200.0,50.0,True,25.0
2025-12-24 08:00:00,43.69,0.0,200.0,50.0,True,25.0
2025-12-24 09:00:00,43.22,0.0,200.0,50.0,True,25.0
2025-12-24 10:00:00,40.76,0.8,200.0,50.0,True,25.0
2025-12-24 11:00:00,38.74,3.6,200.0,50.0,True,25.0
2025-12-24 12:00:00,37.4,5.7,200.0,50.0,True,25.0
2025-12-24 13:00:00,33.41,9.3,200.0,50.0,True,25.0
2025-12-24 14:00:00,35.58,8.4,200.0,50.0,True,25.0
2025-12-24 15:00:00,42.92,0.0,200.0,50.0,True,25.0
2025-12-24 16:00:00,43.47,0.0,200.0,50.0,True,25.0
2025-12-24 17:00:00,54.93,0.0,200.0,50.0,True,25.0
2025-12-24 18:00:00,63.48,0.0,200.0,50.0,True,25.0
2025-12-24 19:00:00,62.57,0.0,200.0,50.0,True,25.0
2025-12-24 20:00:00,58.2,0.0,200.0,50.0,True,25.0
2025-12-24 21:00:00,50.06,0.0,200.0,50.0,True,25.0
2025-12-24 22:00:00,36.43,0.0,200.0,50.0,True,25.0
2025-12-24 23:00:00,27.91,0.0,200.0,50.0,True,25.0
2025-12-25 00:00:00,25.05,0.0,200.0,50.0,True,25.0
2025-12-25 01:00:00,22.2,0.0,200.0,50.0,True,25.0
2025-12-25 02:00:00,24.19,0.0,200.0,50.0,True,25.0
2025-12-25 03:00:00,19.8,0.0,200.0,50.0,True,25.0
2025-12-25 04:00:00,21.5,0.0,200.0,50.0,True,25.0
2025-12-25 05:00:00,23.01,0.0,200.0,50.0,True,25.0
2025-12-25 06:00:00,30.17,0.0,200.0,50.0,True,25.0
2025-12-25 07:00:00,39.85,0.0,200.0,50.0,True,25.0
2025-12-25 08:00:00,45.31,0.0,200.0,50.0,True,25.0
2025-12-25 09:00:00,40.75,0.0,200.0,50.0,True,25.0
2025-12-25 10:00:00,40.64,0.0,200.0,50.0,True,25.0
2025-12-25 11:00:00,38.26,0.0,200.0,50.0,True,25.0
2025-12-25 12:00:00,33.98,0.0,200.0,50.0,True,25.0
2025-12-25 13:00:00,34.23,0.0,200.0,50.0,True,25.0
2025-12-25 14:00:00,35.33,0.0,200.0,50.0,True,25.0
2025-12-25 15:00:00,42.08,0.0,200.0,50.0,True,25.0
2025-12-25 16:00:00,46.44,0.0,200.0,50.0,True,25.0
2025-12-25 17:00:00,55.5,0.0,200.0,50.0,True,25.0
2025-12-25 18:00:00,57.8,0.0,200.0,50.0,True,25.0
2025-12-25 19:00:00,62.57,0.0,200.0,50.0,True,25.0
2025-12-25 20:00:00,60.01,0.0,200.0,50.0,True,25.0
2025-12-25 21:00:00,48.63,0.0,200.0,50.0,True,25.0
2025-12-25 22:00:00,35.36,0.0,200.0,50.0,True,25.0
2025-12-25 23:00:00,28.65,0.0,200.0,50.0,True,25.0
2025-12-26 00:00:00,24.77,0.0,200.0,50.0,True,25.0
2025-12-26 01:00:00,23.11,0.0,200.0,50.0,True,25.0
2025-12-26 02:00:00,21.7,0.0,200.0,50.0,True,25.0
2025-12-26 03:00:00,21.98,0.0,200.0,50.0,True,25.0
2025-12-26 04:00:00,23.47,0.0,200.0,50.0,True,25.0
2025-12-26 05:00:00,23.67,0.0,200.0,50.0,True,25.0
2025-12-26 06:00:00,29.11,0.0,200.0,50.0,True,25.0
2025-12-26 07:00:00,39.13,0.0,200.0,50.0,True,25.0
2025-12-26 08:00:00,43.97,0.0,200.0,50.0,True,25.0
2025-12-26 09:00:00,42.43,0.0,200.0,50.0,True,25.0
2025-12-26 10:00:00,41.04,2.6,200.0,50.0,True,25.0
2025-12-26 11:00:00,39.35,7.7,200.0,50.0,True,25.0
2025-12-26 12:00:00,36.71,13.6,200.0,50.0,True,25.0
2025-12-26 13:00:00,35.4,18.9,200.0,50.0,True,25.0
2025-12-26 14:00:00,38.25,18.6,200.0,50.0,True,25.0
2025-12-26 15:00:00,40.1,11.1,200.0,50.0,True,25.0
2025-12-26 16:00:00,46.53,0.0,200.0,50.0,True,25.0
2025-12-26 17:00:00,55.75,0.0,200.0,50.0,True,25.0
2025-12-26 18:00:00,62.79,0.0,200.0,50.0,True,25.0
2025-12-26 19:00:00,64.71,0.0,200.0,50.0,True,25.0
2025-12-26 20:00:00,60.77,0.0,200.0,50.0,True,25.0
2025-12-26 21:00:00,47.62,0.0,200.0,50.0,True,25.0
2025-12-26 22:00:00,35.85,0.0,200.0,50.0,True,25.0
2025-12-26 23:00:00,27.75,0.0,200.0,50.0,True,25.0
2025-12-27 00:00:00,22.36,0.0,200.0,50.0,True,25.0
2025-12-27 01:00:00,19.56,0.0,200.0,50.0,True,25.0
2025-12-27 02:00:00,19.9,0.0,200.0,50.0,True,25.0
2025-12-27 03:00:00,18.7,0.0,200.0,50.0,True,25.0
2025-12-27 04:00:00,18.99,0.0,200.0,50.0,True,25.0
2025-12-27 05:00:00,20.18,0.0,200.0,50.0,True,25.0
2025-12-27 06:00:00,25.66,0.0,200.0,50.0,True,25.0
2025-12-27 07:00:00,34.26,0.0,200.0,50.0,True,25.0
2025-12-27 08:00:00,37.46,0.0,200.0,50.0,True,25.0
2025-12-27 09:00:00,37.53,1.7,200.0,50.0,True,25.0
2025-12-27 10:00:00,37.86,7.2,200.0,50.0,True,25.0
2025-12-27 11:00:00,33.01,17.4,200.0,50.0,True,25.0
2025-12-27 12:00:00,31.48,27.8,200.0,50.0,True,25.0
2025-12-27 13:00:00,30.23,36.8,200.0,50.0,True,25.0
2025-12-27 14:00:00,32.97,39.8,200.0,50.0,True,25.0
2025-12-27 15:00:00,35.81,34.4,200.0,50.0,True,25.0
2025-12-27 16:00:00,40.33,17.9,200.0,50.0,True,25.0
2025-12-27 17:00:00,47.29,0.0,200.0,50.0,True,25.0
2025-12-27 18:00:00,54.31,0.0,200.0,50.0,True,25.0
2025-12-27 19:00:00,57.37,0.0,200.0,50.0,True,25.0
2025-12-27 20:00:00,52.38,0.0,200.0,50.0,True,25.0
2025-12-27 21:00:00,42.01,0.0,200.0,50.0,True,25.0
2025-12-27 22:00:00,32.74,0.0,200.0,50.0,True,25.0
2025-12-27 23:00:00,23.75,0.0,200.0,50.0,True,25.0
2025-12-28 00:00:00,22.23,0.0,200.0,50.0,True,25.0
2025-12-28 01:00:00,20.48,0.0,200.0,50.0,True,25.0
2025-12-28 02:00:00,18.36,0.0,200.0,50.0,True,25.0
2025-12-28 03:00:00,17.78,0.0,200.0,50.0,True,25.0
2025-12-28 04:00:00,20.34,0.0,200.0,50.0,True,25.0
2025-12-28 05:00:00,20.5,0.0,200.0,50.0,True,25.0
2025-12-28 06:00:00,29.87,0.0,200.0,50.0,True,25.0
2025-12-28 07:00:00,35.99,0.0,200.0,50.0,True,25.0
2025-12-28 08:00:00,38.62,0.0,200.0,50.0,True,25.0
2025-12-28 09:00:00,36.7,0.0,200.0,50.0,True,25.0
2025-12-28 10:00:00,36.27,0.0,200.0,50.0,True,25.0
2025-12-28 11:00:00,33.15,2.0,200.0,50.0,True,25.0
2025-12-28 12:00:00,31.52,6.5,200.0,50.0,True,25.0
2025-12-28 13:00:00,32.69,6.9,200.0,50.0,True,25.0
2025-12-28 14:00:00,31.39,4.7,200.0,50.0,True,25.0
2025-12-28 15:00:00,35.49,0.0,200.0,50.0,True,25.0
2025-12-28 16:00:00,39.46,0.0,200.0,50.0,True,25.0
2025-12-28 17:00:00,49.09,0.0,200.0,50.0,True,25.0
2025-12-28 18:00:00,56.21,0.0,200.0,50.0,True,25.0
2025-12-28 19:00:00,59.21,0.0,200.0,50.0,True,25.0
2025-12-28 20:00:00,51.02,0.0,200.0,50.0,True,25.0
2025-12-28 21:00:00,40.31,0.0,200.0,50.0,True,25.0
2025-12-28 22:00:00,31.64,0.0,200.0,50.0,True,25.0
2025-12-28 23:00:00,24.49,0.0,200.0,50.0,True,25.0
2025-12-29 00:00:00,24.85,0.0,200.0,50.0,True,25.0
2025-12-29 01:00:00,23.58,0.0,200.0,50.0,True,25.0
2025-12-29 02:00:00,24.9,0.0,200.0,50.0,True,25.0
2025-12-29 03:00:00,20.5,0.0,200.0,50.0,True,25.0
2025-12-29 04:00:00,19.53,0.0,200.0,50.0,True,25.0
2025-12-29 05:00:00,24.58,0.0,200.0,50.0,True,25.0
2025-12-29 06:00:00,31.02,0.0,200.0,50.0,True,25.0
2025-12-29 07:00:00,39.0,0.0,200.0,50.0,True,25.0
2025-12-29 08:00:00,44.27,0.0,200.0,50.0,True,25.0
2025-12-29 09:00:00,42.24,0.0,200.0,50.0,True,25.0
2025-12-29 10:00:00,40.48,0.0,200.0,50.0,True,25.0
2025-12-29 11:00:00,39.2,3.8,200.0,50.0,True,25.0
2025-12-29 12:00:00,36.24,6.1,200.0,50.0,True,25.0
2025-12-29 13:00:00,35.85,8.0,200.0,50.0,True,25.0
2025-12-29 14:00:00,34.18,8.4,200.0,50.0,True,25.0
2025-12-29 15:00:00,39.01,0.0,200.0,50.0,True,25.0
2025-12-29 16:00:00,45.49,0.0,200.0,50.0,True,25.0
2025-12-29 17:00:00,54.26,0.0,200.0,50.0,True,25.0
2025-12-29 18:00:00,63.12,0.0,200.0,50.0,True,25.0
2025-12-29 19:00:00,64.62,0.0,200.0,50.0,True,25.0
2025-12-29 20:00:00,58.74,0.0,200.0,50.0,True,25.0
2025-12-29 21:00:00,48.88,0.0,200.0,50.0,True,25.0
2025-12-29 22:00:00,36.44,0.0,200.0,50.0,True,25.0
2025-12-29 23:00:00,27.39,0.0,200.0,50.0,True,25.0
2025-12-30 00:00:00,24.15,0.0,200.0,50.0,True,25.0
2025-12-30 01:00:00,23.87,0.0,200.0,50.0,True,25.0
2025-12-30 02:00:00,22.44,0.0,200.0,50.0,True,25.0
2025-12-30 03:00:00,22.49,0.0,200.0,50.0,True,25.0
2025-12-30 04:00:00,23.21,0.0,200.0,50.0,True,25.0
2025-12-30 05:00:00,24.41,0.0,200.0,50.0,True,25.0
2025-12-30 06:00:00,32.34,0.0,200.0,50.0,True,25.0
2025-12-30 07:00:00,42.01,0.0,200.0,50.0,True,25.0
2025-12-30 08:00:00,41.87,0.0,200.0,50.0,True,25.0
2025-12-30 09:00:00,42.14,0.0,200.0,50.0,True,25.0
2025-12-30 10:00:00,39.53,1.5,200.0,50.0,True,25.0
2025-12-30 11:00:00,37.96,5.2,200.0,50.0,True,25.0
2025-12-30 12:00:00,35.38,10.9,200.0,50.0,True,25.0
2025-12-30 13:00:00,34.08,15.1,200.0,50.0,True,25.0
2025-12-30 14:00:00,37.44,9.1,200.0,50.0,True,25.0
2025-12-30 15:00:00,38.79,0.0,200.0,50.0,True,25.0
2025-12-30 16:00:00,46.04,0.0,200.0,50.0,True,25.0
2025-12-30 17:00:00,53.88,0.0,200.0,50.0,True,25.0
2025-12-30 18:00:00,64.68,0.0,200.0,50.0,True,25.0
2025-12-30 19:00:00,65.1,0.0,200.0,50.0,True,25.0
2025-12-30 20:00:00,60.22,0.0,200.0,50.0,True,25.0
2025-12-30 21:00:00,48.08,0.0,200.0,50.0,True,25.0
2025-12-30 22:00:00,36.06,0.0,200.0,50.0,True,25.0
2025-12-30 23:00:00,28.79,0.0,200.0,50.0,True,25.0
2025-12-31 00:00:00,26.7,0.0,200.0,50.0,True,25.0
2025-12-31 01:00:00,21.9,0.0,200.0,50.0,True,25.0
2025-12-31 02:00:00,19.15,0.0,200.0,50.0,True,25.0
2025-12-31 03:00:00,20.12,0.0,200.0,50.0,True,25.0
2025-12-31 04:00:00,20.76,0.0,200.0,50.0,True,25.0
2025-12-31 05:00:00,26.05,0.0,200.0,50.0,True,25.0
2025-12-31 06:00:00,30.42,0.0,200.0,50.0,True,25.0
2025-12-31 07:00:00,41.2,0.0,200.0,50.0,True,25.0
2025-12-31 08:00:00,44.08,0.0,200.0,50.0,True,25.0
2025-12-31 09:00:00,42.13,0.0,200.0,50.0,True,25.0
2025-12-31 10:00:00,40.41,0.0,200.0,50.0,True,25.0
2025-12-31 11:00:00,40.07,0.0,200.0,50.0,True,25.0
2025-12-31 12:00:00,36.6,3.9,200.0,50.0,True,25.0
2025-12-31 13:00:00,36.56,6.1,200.0,50.0,True,25.0
2025-12-31 14:00:00,37.63,1.8,200.0,50.0,True,25.0
2025-12-31 15:00:00,40.01,0.0,200.0,50.0,True,25.0
2025-12-31 16:00:00,45.86,0.0,200.0,50.0,True,25.0
2025-12-31 17:00:00,55.07,0.0,200.0,50.0,True,25.0
2025-12-31 18:00:00,64.73,0.0,200.0,50.0,True,25.0
2025-12-31 19:00:00,63.97,0.0,200.0,50.0,True,25.0
2025-12-31 20:00:00,58.49,0.0,200.0,50.0,True,25.0
2025-12-31 21:00:00,47.54,0.0,200.0,50.0,True,25.0
2025-12-31 22:00:00,35.0,0.0,200.0,50.0,True,25.0
2025-12-31 23:00:00,28.01,0.0,200.0,50.0,True,25.0
