timestamp,cloud_cover,temperature,irradiance
2025-01-01 00:00:00,58.9,9.5,0.0
2025-01-01 01:00:00,57.8,8.9,0.0
2025-01-01 02:00:00,63.1,7.9,0.0
2025-01-01 03:00:00,74.8,8.7,0.0
2025-01-01 04:00:00,71.0,7.8,0.0
2025-01-01 05:00:00,67.7,9.1,0.0
2025-01-01 06:00:00,79.3,10.2,0.0
2025-01-01 07:00:00,83.0,11.4,40.6
2025-01-01 08:00:00,76.3,12.1,135.9
2025-01-01 09:00:00,78.6,13.2,204.8
2025-01-01 10:00:00,72.5,14.6,293.0
2025-01-01 11:00:00,67.2,16.3,375.5
2025-01-01 12:00:00,68.1,17.2,352.5
2025-01-01 13:00:00,51.7,19.1,415.2
2025-01-01 14:00:00,38.8,19.5,376.9
2025-01-01 15:00:00,36.7,20.0,230.3
2025-01-01 16:00:00,31.3,20.4,87.3
2025-01-01 17:00:00,37.1,20.6,0.0
2025-01-01 18:00:00,32.5,19.7,0.0
2025-01-01 19:00:00,24.3,18.0,0.0
2025-01-01 20:00:00,40.2,17.2,0.0
2025-01-01 21:00:00,40.7,15.2,0.0
2025-01-01 22:00:00,43.4,14.4,0.0
2025-01-01 23:00:00,33.9,12.7,0.0
2025-01-02 00:00:00,0.0,10.0,0.0
2025-01-02 01:00:00,0.0,8.4,0.0
2025-01-02 02:00:00,0.0,7.7,0.0
2025-01-02 03:00:00,0.0,7.6,0.0
2025-01-02 04:00:00,0.0,8.7,0.0
2025-01-02 05:00:00,0.0,8.7,0.0
2025-01-02 06:00:00,0.0,9.6,0.0
2025-01-02 07:00:00,7.0,10.3,97.1
2025-01-02 08:00:00,7.8,11.4,272.7
2025-01-02 09:00:00,0.2,13.8,429.3
2025-01-02 10:00:00,8.5,14.6,529.7
2025-01-02 11:00:00,0.0,16.5,586.8
2025-01-02 12:00:00,3.0,17.8,601.8
2025-01-02 13:00:00,0.0,18.8,557.4
2025-01-02 14:00:00,0.0,19.6,442.5
2025-01-02 15:00:00,0.0,19.2,281.2
2025-01-02 16:00:00,0.0,19.8,96.9
2025-01-02 17:00:00,0.0,20.1,0.0
2025-01-02 18:00:00,0.7,19.1,0.0
2025-01-02 19:00:00,0.0,18.9,0.0
2025-01-02 20:00:00,0.0,17.1,0.0
2025-01-02 21:00:00,0.0,15.6,0.0
2025-01-02 22:00:00,0.0,14.6,0.0
2025-01-02 23:00:00,0.0,12.8,0.0
2025-01-03 00:00:00,0.0,10.6,0.0
2025-01-03 01:00:00,0.0,8.8,0.0
2025-01-03 02:00:00,0.0,9.1,0.0
2025-01-03 03:00:00,0.0,8.6,0.0
2025-01-03 04:00:00,0.0,8.6,0.0
2025-01-03 05:00:00,0.0,8.5,0.0
2025-01-03 06:00:00,3.4,10.0,0.0
2025-01-03 07:00:00,11.4,10.8,97.8
2025-01-03 08:00:00,4.4,11.8,273.3
2025-01-03 09:00:00,2.4,13.5,433.1
2025-01-03 10:00:00,5.7,14.4,551.5
2025-01-03 11:00:00,13.9,15.6,599.1
2025-01-03 12:00:00,9.4,17.6,607.7
2025-01-03 13:00:00,7.8,18.8,558.9
2025-01-03 14:00:00,0.0,19.5,435.1
2025-01-03 15:00:00,0.0,19.8,272.1
2025-01-03 16:00:00,0.0,19.3,101.1
2025-01-03 17:00:00,11.1,19.9,0.0
2025-01-03 18:00:00,10.2,18.4,0.0
2025-01-03 19:00:00,18.0,17.3,0.0
2025-01-03 20:00:00,19.8,15.9,0.0
2025-01-03 21:00:00,13.2,14.7,0.0
2025-01-03 22:00:00,15.5,13.6,0.0
2025-01-03 23:00:00,27.0,12.2,0.0
2025-01-04 00:00:00,32.3,11.0,0.0
2025-01-04 01:00:00,42.9,10.3,0.0
2025-01-04 02:00:00,18.7,8.1,0.0
2025-01-04 03:00:00,25.0,7.1,0.0
2025-01-04 04:00:00,24.6,7.0,0.0
2025-01-04 05:00:00,21.2,7.3,0.0
2025-01-04 06:00:00,21.4,7.7,0.0
2025-01-04 07:00:00,4.8,9.1,101.0
2025-01-04 08:00:00,4.4,10.5,272.0
2025-01-04 09:00:00,8.7,11.9,435.8
2025-01-04 10:00:00,21.4,12.6,521.4
2025-01-04 11:00:00,16.7,14.1,588.3
2025-01-04 12:00:00,10.1,14.2,608.8
2025-01-04 13:00:00,6.8,15.3,538.5
2025-01-04 14:00:00,15.3,16.0,419.0
2025-01-04 15:00:00,18.0,16.6,267.0
2025-01-04 16:00:00,13.6,15.8,96.9
2025-01-04 17:00:00,18.0,15.6,0.0
2025-01-04 18:00:00,18.5,14.3,0.0
2025-01-04 19:00:00,26.0,12.9,0.0
2025-01-04 20:00:00,19.2,11.9,0.0
2025-01-04 21:00:00,16.2,11.4,0.0
2025-01-04 22:00:00,13.1,9.9,0.0
2025-01-04 23:00:00,1.8,8.0,0.0
2025-01-05 00:00:00,0.0,6.8,0.0
2025-01-05 01:00:00,0.0,6.4,0.0
2025-01-05 02:00:00,0.0,6.2,0.0
2025-01-05 03:00:00,0.0,7.4,0.0
2025-01-05 04:00:00,0.0,7.2,0.0
2025-01-05 05:00:00,0.0,7.9,0.0
2025-01-05 06:00:00,0.0,9.6,0.0
2025-01-05 07:00:00,0.0,11.5,97.7
2025-01-05 08:00:00,0.0,11.9,280.5
2025-01-05 09:00:00,0.0,13.4,446.5
2025-01-05 10:00:00,6.9,15.5,551.1
2025-01-05 11:00:00,8.2,18.3,597.4
2025-01-05 12:00:00,10.0,19.7,605.8
2025-01-05 13:00:00,8.9,20.4,531.0
2025-01-05 14:00:00,0.0,20.5,444.6
2025-01-05 15:00:00,0.0,21.7,278.3
2025-01-05 16:00:00,0.0,21.7,97.5
2025-01-05 17:00:00,17.2,20.8,0.0
2025-01-05 18:00:00,14.4,19.5,0.0
2025-01-05 19:00:00,15.8,18.3,0.0
2025-01-05 20:00:00,14.3,17.0,0.0
2025-01-05 21:00:00,4.0,14.7,0.0
2025-01-05 22:00:00,13.3,12.9,0.0
2025-01-05 23:00:00,18.5,10.6,0.0
2025-01-06 00:00:00,54.0,10.3,0.0
2025-01-06 01:00:00,44.7,9.0,0.0
2025-01-06 02:00:00,54.9,8.7,0.0
2025-01-06 03:00:00,41.5,9.0,0.0
2025-01-06 04:00:00,45.6,9.3,0.0
2025-01-06 05:00:00,62.1,10.0,0.0
2025-01-06 06:00:00,51.1,10.8,0.0
2025-01-06 07:00:00,44.8,11.5,82.1
2025-01-06 08:00:00,44.7,13.1,225.1
2025-01-06 09:00:00,39.7,14.4,367.0
2025-01-06 10:00:00,26.9,15.5,507.5
2025-01-06 11:00:00,28.6,17.3,567.9
2025-01-06 12:00:00,21.1,19.2,573.3
2025-01-06 13:00:00,26.8,19.3,499.9
2025-01-06 14:00:00,20.6,20.8,406.6
2025-01-06 15:00:00,34.9,21.2,254.7
2025-01-06 16:00:00,28.9,21.3,94.0
2025-01-06 17:00:00,27.2,21.2,0.0
2025-01-06 18:00:00,34.9,19.9,0.0
2025-01-06 19:00:00,25.2,18.9,0.0
2025-01-06 20:00:00,28.4,17.2,0.0
2025-01-06 21:00:00,39.9,14.9,0.0
2025-01-06 22:00:00,26.6,12.6,0.0
2025-01-06 23:00:00,29.3,11.4,0.0
2025-01-07 00:00:00,73.0,10.2,0.0
2025-01-07 01:00:00,79.8,10.1,0.0
2025-01-07 02:00:00,69.6,9.9,0.0
2025-01-07 03:00:00,60.0,10.1,0.0
2025-01-07 04:00:00,66.2,10.3,0.0
2025-01-07 05:00:00,69.9,11.0,0.0
2025-01-07 06:00:00,72.8,11.2,0.0
2025-01-07 07:00:00,76.2,12.4,50.4
2025-01-07 08:00:00,70.9,13.1,155.9
2025-01-07 09:00:00,73.5,14.2,233.2
2025-01-07 10:00:00,76.3,16.0,274.5
2025-01-07 11:00:00,70.7,16.9,348.8
2025-01-07 12:00:00,86.5,17.6,235.2
2025-01-07 13:00:00,89.2,18.8,182.6
2025-01-07 14:00:00,78.2,19.5,200.4
2025-01-07 15:00:00,83.4,20.1,116.5
2025-01-07 16:00:00,74.9,20.8,54.6
2025-01-07 17:00:00,81.5,20.6,0.0
2025-01-07 18:00:00,90.2,20.4,0.0
2025-01-07 19:00:00,82.1,18.1,0.0
2025-01-07 20:00:00,89.3,17.3,0.0
2025-01-07 21:00:00,91.1,16.0,0.0
2025-01-07 22:00:00,96.1,14.1,0.0
2025-01-07 23:00:00,100.0,12.2,0.0
2025-01-08 00:00:00,84.2,9.6,0.0
2025-01-08 01:00:00,75.0,8.1,0.0
2025-01-08 02:00:00,65.9,7.9,0.0
2025-01-08 03:00:00,58.5,7.5,0.0
2025-01-08 04:00:00,57.8,8.3,0.0
2025-01-08 05:00:00,60.6,8.6,0.0
2025-01-08 06:00:00,62.6,9.9,0.0
2025-01-08 07:00:00,68.7,10.3,60.6
2025-01-08 08:00:00,67.5,10.6,164.6
2025-01-08 09:00:00,78.0,11.4,218.7
2025-01-08 10:00:00,73.6,12.2,296.6
2025-01-08 11:00:00,93.5,12.3,168.6
2025-01-08 12:00:00,94.3,13.5,166.8
2025-01-08 13:00:00,83.1,15.1,238.1
2025-01-08 14:00:00,71.6,17.0,241.6
2025-01-08 15:00:00,73.8,18.3,149.1
2025-01-08 16:00:00,70.2,19.4,57.8
2025-01-08 17:00:00,74.5,19.7,0.0
2025-01-08 18:00:00,76.3,18.9,0.0
2025-01-08 19:00:00,73.6,16.9,0.0
2025-01-08 20:00:00,65.0,15.4,0.0
2025-01-08 21:00:00,52.0,13.9,0.0
2025-01-08 22:00:00,49.2,13.0,0.0
2025-01-08 23:00:00,57.2,12.0,0.0
2025-01-09 00:00:00,38.4,10.9,0.0
2025-01-09 01:00:00,28.4,9.2,0.0
2025-01-09 02:00:00,30.9,8.4,0.0
2025-01-09 03:00:00,34.8,8.4,0.0
2025-01-09 04:00:00,28.1,9.0,0.0
2025-01-09 05:00:00,30.5,9.5,0.0
2025-01-09 06:00:00,31.8,10.3,0.0
2025-01-09 07:00:00,23.4,11.5,98.4
2025-01-09 08:00:00,27.9,12.1,262.4
2025-01-09 09:00:00,33.6,14.1,389.8
2025-01-09 10:00:00,42.8,14.7,461.6
2025-01-09 11:00:00,50.6,14.8,469.1
2025-01-09 12:00:00,38.0,16.3,538.4
2025-01-09 13:00:00,30.5,18.3,489.0
2025-01-09 14:00:00,35.5,19.3,382.8
2025-01-09 15:00:00,39.9,20.1,240.3
2025-01-09 16:00:00,43.7,20.2,86.7
2025-01-09 17:00:00,73.8,20.3,0.0
2025-01-09 18:00:00,74.1,18.5,0.0
2025-01-09 19:00:00,78.8,16.1,0.0
2025-01-09 20:00:00,81.5,14.8,0.0
2025-01-09 21:00:00,81.4,13.9,0.0
2025-01-09 22:00:00,73.7,12.4,0.0
2025-01-09 23:00:00,75.4,11.3,0.0
2025-01-10 00:00:00,68.7,10.7,0.0
2025-01-10 01:00:00,63.6,9.7,0.0
2025-01-10 02:00:00,57.1,8.9,0.0
2025-01-10 03:00:00,55.9,8.2,0.0
2025-01-10 04:00:00,72.7,9.6,0.0
2025-01-10 05:00:00,54.1,10.1,0.0
2025-01-10 06:00:00,58.1,10.5,0.0
2025-01-10 07:00:00,43.2,10.5,88.7
2025-01-10 08:00:00,39.3,12.1,240.3
2025-01-10 09:00:00,48.3,12.7,356.9
2025-01-10 10:00:00,48.0,14.8,432.1
2025-01-10 11:00:00,38.6,14.9,524.1
2025-01-10 12:00:00,33.3,16.9,568.9
2025-01-10 13:00:00,39.7,18.0,469.3
2025-01-10 14:00:00,34.1,18.9,403.7
2025-01-10 15:00:00,36.8,19.3,250.7
2025-01-10 16:00:00,37.7,20.3,91.1
2025-01-10 17:00:00,33.0,20.2,0.0
2025-01-10 18:00:00,51.2,19.0,0.0
2025-01-10 19:00:00,55.1,16.8,0.0
2025-01-10 20:00:00,37.3,15.2,0.0
2025-01-10 21:00:00,39.3,13.6,0.0
2025-01-10 22:00:00,34.3,11.2,0.0
2025-01-10 23:00:00,42.0,9.8,0.0
2025-01-11 00:00:00,12.2,7.8,0.0
2025-01-11 01:00:00,12.1,6.9,0.0
2025-01-11 02:00:00,16.8,6.8,0.0
2025-01-11 03:00:00,23.9,7.4,0.0
2025-01-11 04:00:00,13.7,7.9,0.0
2025-01-11 05:00:00,11.6,8.0,0.0
2025-01-11 06:00:00,8.6,9.1,0.0
2025-01-11 07:00:00,4.5,10.2,109.5
2025-01-11 08:00:00,20.3,10.9,274.9
2025-01-11 09:00:00,23.3,12.4,428.6
2025-01-11 10:00:00,12.6,14.9,555.5
2025-01-11 11:00:00,20.6,16.1,579.5
2025-01-11 12:00:00,37.3,16.2,510.9
2025-01-11 13:00:00,43.3,17.1,461.9
2025-01-11 14:00:00,28.2,17.5,406.3
2025-01-11 15:00:00,23.1,18.4,264.5
2025-01-11 16:00:00,32.7,18.8,92.7
2025-01-11 17:00:00,25.3,18.2,0.0
2025-01-11 18:00:00,28.0,17.1,0.0
2025-01-11 19:00:00,33.0,15.8,0.0
2025-01-11 20:00:00,23.8,14.2,0.0
2025-01-11 21:00:00,22.7,12.3,0.0
2025-01-11 22:00:00,0.0,9.7,0.0
2025-01-11 23:00:00,0.0,8.9,0.0
2025-01-12 00:00:00,0.0,7.4,0.0
2025-01-12 01:00:00,0.0,6.6,0.0
2025-01-12 02:00:00,0.0,6.2,0.0
2025-01-12 03:00:00,0.0,6.1,0.0
2025-01-12 04:00:00,0.0,5.7,0.0
2025-01-12 05:00:00,0.0,5.5,0.0
2025-01-12 06:00:00,4.7,6.4,0.0
2025-01-12 07:00:00,0.0,7.8,108.6
2025-01-12 08:00:00,5.6,8.9,289.8
2025-01-12 09:00:00,6.5,10.4,434.3
2025-01-12 10:00:00,0.0,13.1,564.6
2025-01-12 11:00:00,4.7,13.6,630.0
2025-01-12 12:00:00,7.2,14.5,623.0
2025-01-12 13:00:00,3.0,16.6,579.3
2025-01-12 14:00:00,4.7,17.2,452.9
2025-01-12 15:00:00,2.5,17.1,288.0
2025-01-12 16:00:00,4.6,17.6,109.2
2025-01-12 17:00:00,10.9,17.2,0.0
2025-01-12 18:00:00,23.7,16.3,0.0
2025-01-12 19:00:00,12.5,15.0,0.0
2025-01-12 20:00:00,29.5,13.5,0.0
2025-01-12 21:00:00,11.9,11.2,0.0
2025-01-12 22:00:00,10.7,9.6,0.0
2025-01-12 23:00:00,15.6,7.8,0.0
2025-01-13 00:00:00,59.4,7.3,0.0
2025-01-13 01:00:00,53.8,6.5,0.0
2025-01-13 02:00:00,52.2,6.4,0.0
2025-01-13 03:00:00,48.5,6.7,0.0
2025-01-13 04:00:00,44.5,6.7,0.0
2025-01-13 05:00:00,52.5,7.7,0.0
2025-01-13 06:00:00,55.6,8.9,0.0
2025-01-13 07:00:00,49.9,9.8,83.4
2025-01-13 08:00:00,57.6,10.5,201.2
2025-01-13 09:00:00,59.7,11.0,303.2
2025-01-13 10:00:00,65.5,12.4,339.7
2025-01-13 11:00:00,69.2,12.7,371.8
2025-01-13 12:00:00,60.8,14.1,417.9
2025-01-13 13:00:00,55.5,14.1,406.4
2025-01-13 14:00:00,61.4,14.4,298.8
2025-01-13 15:00:00,65.4,14.8,176.5
2025-01-13 16:00:00,63.9,16.0,70.7
2025-01-13 17:00:00,63.7,16.3,0.0
2025-01-13 18:00:00,72.8,15.3,0.0
2025-01-13 19:00:00,65.9,14.5,0.0
2025-01-13 20:00:00,68.8,13.6,0.0
2025-01-13 21:00:00,65.5,12.0,0.0
2025-01-13 22:00:00,62.4,9.7,0.0
2025-01-13 23:00:00,70.2,8.4,0.0
2025-01-14 00:00:00,81.5,7.3,0.0
2025-01-14 01:00:00,85.5,5.9,0.0
2025-01-14 02:00:00,93.0,5.7,0.0
2025-01-14 03:00:00,89.3,5.7,0.0
2025-01-14 04:00:00,91.3,6.3,0.0
2025-01-14 05:00:00,85.2,7.0,0.0
2025-01-14 06:00:00,84.9,8.4,0.0
2025-01-14 07:00:00,81.0,8.9,47.5
2025-01-14 08:00:00,79.3,9.6,134.0
2025-01-14 09:00:00,81.9,10.3,199.4
2025-01-14 10:00:00,72.8,11.3,305.0
2025-01-14 11:00:00,88.1,13.0,220.8
2025-01-14 12:00:00,76.8,13.4,318.3
2025-01-14 13:00:00,65.2,15.3,350.5
2025-01-14 14:00:00,73.9,15.9,246.5
2025-01-14 15:00:00,78.7,16.4,141.9
2025-01-14 16:00:00,81.5,17.3,48.3
2025-01-14 17:00:00,84.1,16.7,0.0
2025-01-14 18:00:00,81.2,15.4,0.0
2025-01-14 19:00:00,71.6,13.7,0.0
2025-01-14 20:00:00,70.9,12.2,0.0
2025-01-14 21:00:00,64.3,10.3,0.0
2025-01-14 22:00:00,71.7,9.8,0.0
2025-01-14 23:00:00,69.2,9.3,0.0
2025-01-15 00:00:00,35.6,6.6,0.0
2025-01-15 01:00:00,32.9,5.9,0.0
2025-01-15 02:00:00,36.4,5.9,0.0
2025-01-15 03:00:00,31.7,5.9,0.0
2025-01-15 04:00:00,25.5,5.8,0.0
2025-01-15 05:00:00,28.6,6.3,0.0
2025-01-15 06:00:00,31.3,7.0,0.0
2025-01-15 07:00:00,27.7,7.8,107.2
2025-01-15 08:00:00,24.8,8.5,268.9
2025-01-15 09:00:00,27.8,9.8,414.1
2025-01-15 10:00:00,17.1,10.8,561.0
2025-01-15 11:00:00,7.9,12.4,634.9
2025-01-15 12:00:00,5.4,13.2,651.3
2025-01-15 13:00:00,7.2,14.4,572.8
2025-01-15 14:00:00,13.0,14.7,461.1
2025-01-15 15:00:00,27.5,15.3,273.3
2025-01-15 16:00:00,35.2,16.1,101.4
2025-01-15 17:00:00,33.9,16.7,0.0
2025-01-15 18:00:00,33.8,14.5,0.0
2025-01-15 19:00:00,25.9,12.9,0.0
2025-01-15 20:00:00,26.9,11.4,0.0
2025-01-15 21:00:00,25.5,10.2,0.0
2025-01-15 22:00:00,29.2,8.0,0.0
2025-01-15 23:00:00,23.3,6.1,0.0
2025-01-16 00:00:00,29.2,5.2,0.0
2025-01-16 01:00:00,42.2,4.6,0.0
2025-01-16 02:00:00,40.5,4.3,0.0
2025-01-16 03:00:00,43.1,4.5,0.0
2025-01-16 04:00:00,47.7,5.1,0.0
2025-01-16 05:00:00,43.0,5.8,0.0
2025-01-16 06:00:00,43.8,6.9,0.0
2025-01-16 07:00:00,42.9,8.2,93.0
2025-01-16 08:00:00,42.8,8.1,246.1
2025-01-16 09:00:00,35.7,10.3,405.8
2025-01-16 10:00:00,35.8,10.6,512.8
2025-01-16 11:00:00,39.7,11.4,559.9
2025-01-16 12:00:00,50.8,12.5,485.2
2025-01-16 13:00:00,56.6,14.0,407.8
2025-01-16 14:00:00,71.3,13.3,245.2
2025-01-16 15:00:00,60.8,14.4,194.8
2025-01-16 16:00:00,64.7,15.4,71.7
2025-01-16 17:00:00,62.7,15.9,0.0
2025-01-16 18:00:00,76.9,14.9,0.0
2025-01-16 19:00:00,65.4,13.5,0.0
2025-01-16 20:00:00,55.1,11.7,0.0
2025-01-16 21:00:00,47.9,10.0,0.0
2025-01-16 22:00:00,29.4,7.8,0.0
2025-01-16 23:00:00,25.9,6.0,0.0
2025-01-17 00:00:00,4.2,4.8,0.0
2025-01-17 01:00:00,7.1,4.1,0.0
2025-01-17 02:00:00,11.2,4.0,0.0
2025-01-17 03:00:00,27.1,4.2,0.0
2025-01-17 04:00:00,33.6,5.0,0.0
2025-01-17 05:00:00,27.2,6.0,0.0
2025-01-17 06:00:00,19.0,6.1,0.0
2025-01-17 07:00:00,22.8,6.9,110.6
2025-01-17 08:00:00,11.8,8.1,298.8
2025-01-17 09:00:00,27.2,9.5,427.7
2025-01-17 10:00:00,35.6,10.5,500.7
2025-01-17 11:00:00,29.8,12.6,575.3
2025-01-17 12:00:00,14.7,15.2,627.4
2025-01-17 13:00:00,26.0,16.1,541.7
2025-01-17 14:00:00,24.2,17.0,441.6
2025-01-17 15:00:00,33.4,17.8,270.5
2025-01-17 16:00:00,18.9,16.9,110.8
2025-01-17 17:00:00,14.0,16.5,0.0
2025-01-17 18:00:00,14.6,16.1,0.0
2025-01-17 19:00:00,15.4,14.5,0.0
2025-01-17 20:00:00,12.2,12.5,0.0
2025-01-17 21:00:00,17.9,11.0,0.0
2025-01-17 22:00:00,9.5,9.3,0.0
2025-01-17 23:00:00,9.4,7.5,0.0
2025-01-18 00:00:00,0.0,7.2,0.0
2025-01-18 01:00:00,0.0,6.1,0.0
2025-01-18 02:00:00,0.0,4.9,0.0
2025-01-18 03:00:00,0.0,4.8,0.0
2025-01-18 04:00:00,0.0,5.5,0.0
2025-01-18 05:00:00,0.0,6.1,0.0
2025-01-18 06:00:00,0.0,7.4,0.0
2025-01-18 07:00:00,0.0,8.2,117.6
2025-01-18 08:00:00,0.0,10.4,307.9
2025-01-18 09:00:00,0.0,12.3,456.5
2025-01-18 10:00:00,2.1,14.3,567.8
2025-01-18 11:00:00,0.8,15.9,637.0
2025-01-18 12:00:00,15.7,17.2,623.0
2025-01-18 13:00:00,26.3,17.5,533.0
2025-01-18 14:00:00,19.7,18.1,439.2
2025-01-18 15:00:00,23.5,19.1,284.1
2025-01-18 16:00:00,24.4,19.9,110.5
2025-01-18 17:00:00,30.9,18.9,0.0
2025-01-18 18:00:00,17.9,17.8,0.0
2025-01-18 19:00:00,19.7,16.3,0.0
2025-01-18 20:00:00,24.3,14.5,0.0
2025-01-18 21:00:00,5.8,12.8,0.0
2025-01-18 22:00:00,0.0,11.7,0.0
2025-01-18 23:00:00,0.0,10.4,0.0
2025-01-19 00:00:00,3.7,9.0,0.0
2025-01-19 01:00:00,10.8,8.4,0.0
2025-01-19 02:00:00,23.3,7.7,0.0
2025-01-19 03:00:00,22.9,7.6,0.0
2025-01-19 04:00:00,35.0,8.7,0.0
2025-01-19 05:00:00,21.5,7.9,0.0
2025-01-19 06:00:00,7.1,9.0,0.0
2025-01-19 07:00:00,7.6,9.4,118.3
2025-01-19 08:00:00,11.6,11.3,307.4
2025-01-19 09:00:00,11.7,12.4,451.7
2025-01-19 10:00:00,0.0,13.5,577.3
2025-01-19 11:00:00,0.0,15.3,642.3
2025-01-19 12:00:00,0.0,16.7,631.5
2025-01-19 13:00:00,0.0,17.1,563.2
2025-01-19 14:00:00,2.4,17.1,473.3
2025-01-19 15:00:00,0.0,17.3,291.4
2025-01-19 16:00:00,0.0,16.5,120.9
2025-01-19 17:00:00,0.0,15.4,0.0
2025-01-19 18:00:00,0.0,14.6,0.0
2025-01-19 19:00:00,1.6,13.0,0.0
2025-01-19 20:00:00,0.0,11.9,0.0
2025-01-19 21:00:00,1.7,11.2,0.0
2025-01-19 22:00:00,0.0,9.6,0.0
2025-01-19 23:00:00,0.0,8.2,0.0
2025-01-20 00:00:00,35.3,8.5,0.0
2025-01-20 01:00:00,29.2,6.9,0.0
2025-01-20 02:00:00,27.8,6.9,0.0
2025-01-20 03:00:00,21.3,7.1,0.0
2025-01-20 04:00:00,41.0,8.0,0.0
2025-01-20 05:00:00,42.8,9.2,0.0
2025-01-20 06:00:00,38.6,10.2,0.0
2025-01-20 07:00:00,42.1,10.7,98.0
2025-01-20 08:00:00,42.6,12.2,243.6
2025-01-20 09:00:00,42.2,13.9,387.1
2025-01-20 10:00:00,48.6,15.5,450.4
2025-01-20 11:00:00,55.3,16.5,460.0
2025-01-20 12:00:00,50.9,17.4,473.8
2025-01-20 13:00:00,46.6,18.6,464.6
2025-01-20 14:00:00,45.3,19.8,374.3
2025-01-20 15:00:00,28.0,20.8,283.3
2025-01-20 16:00:00,19.0,20.5,117.3
2025-01-20 17:00:00,34.1,20.3,0.0
2025-01-20 18:00:00,49.6,18.8,0.0
2025-01-20 19:00:00,48.2,18.0,0.0
2025-01-20 20:00:00,53.5,16.1,0.0
2025-01-20 21:00:00,56.0,14.9,0.0
2025-01-20 22:00:00,80.4,13.0,0.0
2025-01-20 23:00:00,86.2,12.1,0.0
2025-01-21 00:00:00,77.0,10.8,0.0
2025-01-21 01:00:00,66.0,9.2,0.0
2025-01-21 02:00:00,51.2,8.6,0.0
2025-01-21 03:00:00,52.7,8.1,0.0
2025-01-21 04:00:00,46.3,8.5,0.0
2025-01-21 05:00:00,35.3,8.7,0.0
2025-01-21 06:00:00,31.8,8.7,0.0
2025-01-21 07:00:00,25.3,9.1,113.2
2025-01-21 08:00:00,41.7,10.0,261.9
2025-01-21 09:00:00,49.7,11.8,348.1
2025-01-21 10:00:00,49.7,13.5,444.5
2025-01-21 11:00:00,61.5,15.3,443.6
2025-01-21 12:00:00,60.7,17.3,430.7
2025-01-21 13:00:00,52.5,18.2,426.1
2025-01-21 14:00:00,64.3,18.8,296.9
2025-01-21 15:00:00,66.9,19.2,183.3
2025-01-21 16:00:00,56.5,19.3,86.2
2025-01-21 17:00:00,54.2,18.1,0.0
2025-01-21 18:00:00,46.6,17.1,0.0
2025-01-21 19:00:00,35.9,15.0,0.0
2025-01-21 20:00:00,45.0,13.7,0.0
2025-01-21 21:00:00,60.8,13.5,0.0
2025-01-21 22:00:00,48.3,11.5,0.0
2025-01-21 23:00:00,52.9,10.2,0.0
2025-01-22 00:00:00,54.6,9.4,0.0
2025-01-22 01:00:00,51.0,8.5,0.0
2025-01-22 02:00:00,47.0,7.9,0.0
2025-01-22 03:00:00,41.3,7.4,0.0
2025-01-22 04:00:00,43.5,7.5,0.0
2025-01-22 05:00:00,38.5,7.5,0.0
2025-01-22 06:00:00,42.9,8.9,0.0
2025-01-22 07:00:00,44.1,8.9,105.0
2025-01-22 08:00:00,43.8,10.4,247.3
2025-01-22 09:00:00,38.1,10.9,412.5
2025-01-22 10:00:00,35.7,12.8,509.3
2025-01-22 11:00:00,44.3,13.8,511.4
2025-01-22 12:00:00,49.8,14.3,497.9
2025-01-22 13:00:00,42.9,15.9,490.1
2025-01-22 14:00:00,45.4,17.2,375.4
2025-01-22 15:00:00,52.8,17.5,227.9
2025-01-22 16:00:00,39.9,18.2,108.7
2025-01-22 17:00:00,46.3,16.9,0.0
2025-01-22 18:00:00,42.3,15.3,0.0
2025-01-22 19:00:00,48.6,14.8,0.0
2025-01-22 20:00:00,43.5,13.2,0.0
2025-01-22 21:00:00,30.7,10.6,0.0
2025-01-22 22:00:00,20.8,8.7,0.0
2025-01-22 23:00:00,25.5,6.9,0.0
2025-01-23 00:00:00,36.9,5.9,0.0
2025-01-23 01:00:00,32.7,4.8,0.0
2025-01-23 02:00:00,41.4,4.6,0.0
2025-01-23 03:00:00,30.6,4.3,0.0
2025-01-23 04:00:00,33.9,5.3,0.0
2025-01-23 05:00:00,27.6,6.1,0.0
2025-01-23 06:00:00,26.6,7.3,0.0
2025-01-23 07:00:00,31.3,9.0,112.8
2025-01-23 08:00:00,28.1,9.9,281.9
2025-01-23 09:00:00,29.2,10.6,426.6
2025-01-23 10:00:00,41.2,12.4,497.6
2025-01-23 11:00:00,39.1,13.9,547.2
2025-01-23 12:00:00,48.6,15.0,515.6
2025-01-23 13:00:00,41.2,15.9,504.8
2025-01-23 14:00:00,48.0,16.4,375.3
2025-01-23 15:00:00,61.3,17.4,198.9
2025-01-23 16:00:00,41.6,18.2,108.5
2025-01-23 17:00:00,37.8,18.3,0.0
2025-01-23 18:00:00,45.3,17.9,0.0
2025-01-23 19:00:00,45.8,16.9,0.0
2025-01-23 20:00:00,50.7,15.5,0.0
2025-01-23 21:00:00,47.3,13.8,0.0
2025-01-23 22:00:00,49.8,12.8,0.0
2025-01-23 23:00:00,50.1,11.1,0.0
2025-01-24 00:00:00,20.6,9.5,0.0
2025-01-24 01:00:00,22.8,8.1,0.0
2025-01-24 02:00:00,25.4,7.2,0.0
2025-01-24 03:00:00,21.7,6.8,0.0
2025-01-24 04:00:00,17.8,6.5,0.0
2025-01-24 05:00:00,14.9,7.4,0.0
2025-01-24 06:00:00,18.9,7.8,0.0
2025-01-24 07:00:00,15.9,8.9,123.4
2025-01-24 08:00:00,19.0,10.2,299.3
2025-01-24 09:00:00,35.9,10.5,412.9
2025-01-24 10:00:00,41.3,11.6,499.6
2025-01-24 11:00:00,36.3,13.2,555.9
2025-01-24 12:00:00,44.2,14.5,521.7
2025-01-24 13:00:00,38.3,15.7,515.0
2025-01-24 14:00:00,20.1,17.1,449.2
2025-01-24 15:00:00,12.2,17.5,315.8
2025-01-24 16:00:00,0.0,17.4,130.7
2025-01-24 17:00:00,0.0,16.9,0.0
2025-01-24 18:00:00,1.5,16.5,0.0
2025-01-24 19:00:00,17.3,15.1,0.0
2025-01-24 20:00:00,20.5,13.5,0.0
2025-01-24 21:00:00,19.0,11.6,0.0
2025-01-24 22:00:00,26.0,10.0,0.0
2025-01-24 23:00:00,7.8,9.0,0.0
2025-01-25 00:00:00,0.0,8.0,0.0
2025-01-25 01:00:00,5.7,6.5,0.0
2025-01-25 02:00:00,0.0,5.6,0.0
2025-01-25 03:00:00,5.1,5.6,0.0
2025-01-25 04:00:00,8.3,5.5,0.0
2025-01-25 05:00:00,5.0,5.7,0.0
2025-01-25 06:00:00,10.6,7.5,0.0
2025-01-25 07:00:00,28.5,8.4,122.0
2025-01-25 08:00:00,27.6,10.1,292.2
2025-01-25 09:00:00,27.4,12.1,441.5
2025-01-25 10:00:00,21.5,13.2,574.6
2025-01-25 11:00:00,13.2,14.3,661.1
2025-01-25 12:00:00,19.3,15.3,645.1
2025-01-25 13:00:00,11.2,15.9,588.4
2025-01-25 14:00:00,11.5,16.7,476.4
2025-01-25 15:00:00,7.4,17.0,318.3
2025-01-25 16:00:00,11.4,17.1,127.4
2025-01-25 17:00:00,13.7,17.4,0.0
2025-01-25 18:00:00,21.5,16.9,0.0
2025-01-25 19:00:00,15.9,15.8,0.0
2025-01-25 20:00:00,12.9,13.3,0.0
2025-01-25 21:00:00,4.6,11.9,0.0
2025-01-25 22:00:00,1.5,11.2,0.0
2025-01-25 23:00:00,5.4,8.2,0.0
2025-01-26 00:00:00,44.9,8.0,0.0
2025-01-26 01:00:00,37.1,6.9,0.0
2025-01-26 02:00:00,44.6,6.0,0.0
2025-01-26 03:00:00,55.2,6.4,0.0
2025-01-26 04:00:00,56.9,7.5,0.0
2025-01-26 05:00:00,70.1,8.6,0.0
2025-01-26 06:00:00,60.5,9.2,0.0
2025-01-26 07:00:00,48.3,9.3,107.5
2025-01-26 08:00:00,33.3,10.4,289.6
2025-01-26 09:00:00,46.3,12.0,388.0
2025-01-26 10:00:00,51.0,12.9,443.8
2025-01-26 11:00:00,49.5,14.1,513.9
2025-01-26 12:00:00,50.8,16.7,501.0
2025-01-26 13:00:00,40.7,18.5,510.2
2025-01-26 14:00:00,60.4,19.5,318.9
2025-01-26 15:00:00,59.2,19.4,213.7
2025-01-26 16:00:00,58.0,19.4,89.2
2025-01-26 17:00:00,61.9,19.3,0.0
2025-01-26 18:00:00,63.3,17.8,0.0
2025-01-26 19:00:00,62.5,17.3,0.0
2025-01-26 20:00:00,53.7,16.4,0.0
2025-01-26 21:00:00,56.1,14.5,0.0
2025-01-26 22:00:00,69.4,14.0,0.0
2025-01-26 23:00:00,76.9,12.5,0.0
2025-01-27 00:00:00,89.2,12.6,0.0
2025-01-27 01:00:00,79.9,11.4,0.0
2025-01-27 02:00:00,67.9,10.8,0.0
2025-01-27 03:00:00,64.2,11.0,0.0
2025-01-27 04:00:00,62.4,11.6,0.0
2025-01-27 05:00:00,69.2,12.4,0.0
2025-01-27 06:00:00,52.8,12.8,0.0
2025-01-27 07:00:00,64.2,13.6,88.8
2025-01-27 08:00:00,60.7,13.8,214.3
2025-01-27 09:00:00,55.5,14.8,348.9
2025-01-27 10:00:00,46.2,15.5,486.1
2025-01-27 11:00:00,32.9,16.1,606.6
2025-01-27 12:00:00,41.0,17.1,569.1
2025-01-27 13:00:00,42.1,18.7,498.8
2025-01-27 14:00:00,32.2,20.0,431.0
2025-01-27 15:00:00,23.5,20.3,307.5
2025-01-27 16:00:00,23.5,21.1,130.2
2025-01-27 17:00:00,39.5,20.5,0.0
2025-01-27 18:00:00,38.1,18.5,0.0
2025-01-27 19:00:00,27.0,15.9,0.0
2025-01-27 20:00:00,27.3,13.8,0.0
2025-01-27 21:00:00,27.3,12.7,0.0
2025-01-27 22:00:00,7.9,10.5,0.0
2025-01-27 23:00:00,12.0,9.4,0.0
2025-01-28 00:00:00,12.1,8.9,0.0
2025-01-28 01:00:00,21.4,7.5,0.0
2025-01-28 02:00:00,38.9,7.4,0.0
2025-01-28 03:00:00,48.4,7.6,0.0
2025-01-28 04:00:00,45.7,7.3,0.0
2025-01-28 05:00:00,36.6,8.4,0.0
2025-01-28 06:00:00,58.0,9.5,0.0
2025-01-28 07:00:00,56.7,9.9,96.2
2025-01-28 08:00:00,55.3,11.8,242.1
2025-01-28 09:00:00,53.7,13.1,362.2
2025-01-28 10:00:00,54.0,14.7,447.7
2025-01-28 11:00:00,51.6,16.6,505.3
2025-01-28 12:00:00,46.1,17.5,542.0
2025-01-28 13:00:00,41.4,19.2,512.5
2025-01-28 14:00:00,41.4,19.7,411.0
2025-01-28 15:00:00,37.3,19.8,281.4
2025-01-28 16:00:00,32.3,19.8,126.2
2025-01-28 17:00:00,34.5,19.1,0.0
2025-01-28 18:00:00,33.6,18.5,0.0
2025-01-28 19:00:00,46.8,17.5,0.0
2025-01-28 20:00:00,25.2,15.4,0.0
2025-01-28 21:00:00,36.1,14.3,0.0
2025-01-28 22:00:00,47.0,12.6,0.0
2025-01-28 23:00:00,30.0,10.7,0.0
2025-01-29 00:00:00,47.6,9.7,0.0
2025-01-29 01:00:00,46.4,8.9,0.0
2025-01-29 02:00:00,37.0,8.3,0.0
2025-01-29 03:00:00,33.8,7.8,0.0
2025-01-29 04:00:00,28.3,8.3,0.0
2025-01-29 05:00:00,46.4,8.9,0.0
2025-01-29 06:00:00,55.8,9.6,0.0
2025-01-29 07:00:00,66.8,9.6,85.1
2025-01-29 08:00:00,72.0,10.8,173.3
2025-01-29 09:00:00,61.8,11.9,322.2
2025-01-29 10:00:00,57.6,13.2,420.5
2025-01-29 11:00:00,62.1,14.9,444.3
2025-01-29 12:00:00,52.4,16.0,520.4
2025-01-29 13:00:00,59.2,16.3,404.8
2025-01-29 14:00:00,57.7,17.3,338.1
2025-01-29 15:00:00,55.2,18.1,233.8
2025-01-29 16:00:00,61.8,18.4,91.9
2025-01-29 17:00:00,65.4,19.1,0.0
2025-01-29 18:00:00,62.1,16.9,0.0
2025-01-29 19:00:00,71.4,16.3,0.0
2025-01-29 20:00:00,61.7,15.1,0.0
2025-01-29 21:00:00,66.7,13.8,0.0
2025-01-29 22:00:00,70.9,10.6,0.0
2025-01-29 23:00:00,67.4,9.8,0.0
2025-01-30 00:00:00,43.2,7.7,0.0
2025-01-30 01:00:00,32.3,6.4,0.0
2025-01-30 02:00:00,40.2,5.9,0.0
2025-01-30 03:00:00,38.2,5.9,0.0
2025-01-30 04:00:00,33.8,6.4,0.0
2025-01-30 05:00:00,42.4,7.6,0.0
2025-01-30 06:00:00,36.0,8.8,0.0
2025-01-30 07:00:00,24.8,9.8,134.8
2025-01-30 08:00:00,13.7,11.2,327.8
2025-01-30 09:00:00,21.2,11.9,460.8
2025-01-30 10:00:00,12.8,13.2,624.4
2025-01-30 11:00:00,29.6,14.6,598.2
2025-01-30 12:00:00,13.7,16.6,659.2
2025-01-30 13:00:00,30.0,17.6,560.4
2025-01-30 14:00:00,32.4,18.1,447.7
2025-01-30 15:00:00,32.1,19.0,306.1
2025-01-30 16:00:00,28.2,18.5,126.7
2025-01-30 17:00:00,32.3,18.7,0.0
2025-01-30 18:00:00,32.5,17.6,0.0
2025-01-30 19:00:00,41.7,17.3,0.0
2025-01-30 20:00:00,42.0,15.0,0.0
2025-01-30 21:00:00,42.5,14.3,0.0
2025-01-30 22:00:00,38.8,12.4,0.0
2025-01-30 23:00:00,38.0,10.7,0.0
2025-01-31 00:00:00,0.0,9.0,0.0
2025-01-31 01:00:00,0.0,7.6,0.0
2025-01-31 02:00:00,0.0,6.9,0.0
2025-01-31 03:00:00,0.0,6.3,0.0
2025-01-31 04:00:00,0.0,6.2,0.0
2025-01-31 05:00:00,0.0,7.0,0.0
2025-01-31 06:00:00,0.0,7.5,0.0
2025-01-31 07:00:00,0.0,8.4,149.6
2025-01-31 08:00:00,0.0,9.2,331.7
2025-01-31 09:00:00,0.0,10.5,503.8
2025-01-31 10:00:00,0.0,12.8,625.9
2025-01-31 11:00:00,0.0,13.9,687.3
2025-01-31 12:00:00,0.0,14.8,681.9
2025-01-31 13:00:00,0.0,15.9,628.2
2025-01-31 14:00:00,0.0,16.4,491.8
2025-01-31 15:00:00,0.0,17.8,326.8
2025-01-31 16:00:00,0.0,17.5,149.8
2025-01-31 17:00:00,0.0,17.1,0.0
2025-01-31 18:00:00,10.0,16.8,0.0
2025-01-31 19:00:00,16.0,16.1,0.0
2025-01-31 20:00:00,0.0,14.5,0.0
2025-01-31 21:00:00,0.0,12.8,0.0
2025-01-31 22:00:00,0.0,12.2,0.0
2025-01-31 23:00:00,0.0,10.6,0.0
2025-02-01 00:00:00,3.0,9.2,0.0
2025-02-01 01:00:00,0.0,7.8,0.0
2025-02-01 02:00:00,0.1,6.3,0.0
2025-02-01 03:00:00,0.0,6.5,0.0
2025-02-01 04:00:00,0.0,5.5,0.0
2025-02-01 05:00:00,0.0,6.1,0.0
2025-02-01 06:00:00,0.0,7.0,0.0
2025-02-01 07:00:00,0.0,9.4,145.6
2025-02-01 08:00:00,0.0,9.9,344.6
2025-02-01 09:00:00,0.0,11.1,502.1
2025-02-01 10:00:00,0.0,12.6,629.7
2025-02-01 11:00:00,0.1,14.0,673.2
2025-02-01 12:00:00,4.8,14.9,714.9
2025-02-01 13:00:00,6.4,15.9,638.3
2025-02-01 14:00:00,0.0,16.0,502.6
2025-02-01 15:00:00,6.0,16.5,333.5
2025-02-01 16:00:00,1.4,15.2,151.6
2025-02-01 17:00:00,3.0,14.8,0.0
2025-02-01 18:00:00,23.8,14.0,0.0
2025-02-01 19:00:00,20.9,13.3,0.0
2025-02-01 20:00:00,28.4,13.0,0.0
2025-02-01 21:00:00,20.1,11.2,0.0
2025-02-01 22:00:00,18.2,10.4,0.0
2025-02-01 23:00:00,30.9,9.0,0.0
2025-02-02 00:00:00,40.5,7.4,0.0
2025-02-02 01:00:00,53.0,7.6,0.0
2025-02-02 02:00:00,55.1,7.3,0.0
2025-02-02 03:00:00,46.9,7.0,0.0
2025-02-02 04:00:00,49.2,7.5,0.0
2025-02-02 05:00:00,53.9,8.3,0.0
2025-02-02 06:00:00,55.3,9.2,0.0
2025-02-02 07:00:00,38.9,9.1,127.3
2025-02-02 08:00:00,31.3,10.1,301.7
2025-02-02 09:00:00,28.4,11.7,474.4
2025-02-02 10:00:00,27.3,13.1,566.0
2025-02-02 11:00:00,31.8,14.8,619.5
2025-02-02 12:00:00,32.3,16.2,625.3
2025-02-02 13:00:00,20.6,17.0,594.0
2025-02-02 14:00:00,24.0,17.0,483.7
2025-02-02 15:00:00,28.9,17.3,307.6
2025-02-02 16:00:00,32.7,17.2,138.4
2025-02-02 17:00:00,40.3,17.3,0.0
2025-02-02 18:00:00,45.0,16.1,0.0
2025-02-02 19:00:00,46.1,14.6,0.0
2025-02-02 20:00:00,42.9,13.7,0.0
2025-02-02 21:00:00,27.3,12.0,0.0
2025-02-02 22:00:00,30.3,10.2,0.0
2025-02-02 23:00:00,31.2,8.8,0.0
2025-02-03 00:00:00,32.9,8.3,0.0
2025-02-03 01:00:00,21.7,7.3,0.0
2025-02-03 02:00:00,13.3,6.9,0.0
2025-02-03 03:00:00,23.1,6.5,0.0
2025-02-03 04:00:00,22.9,7.2,0.0
2025-02-03 05:00:00,28.5,9.0,0.0
2025-02-03 06:00:00,28.2,9.5,0.0
2025-02-03 07:00:00,28.0,9.8,140.0
2025-02-03 08:00:00,35.0,10.9,299.7
2025-02-03 09:00:00,29.6,12.7,457.4
2025-02-03 10:00:00,29.7,14.0,582.9
2025-02-03 11:00:00,25.4,14.8,669.3
2025-02-03 12:00:00,21.8,16.1,669.1
2025-02-03 13:00:00,19.6,17.4,608.4
2025-02-03 14:00:00,21.9,17.9,475.0
2025-02-03 15:00:00,18.4,18.6,334.3
2025-02-03 16:00:00,29.1,19.2,146.1
2025-02-03 17:00:00,21.4,18.8,0.0
2025-02-03 18:00:00,20.2,17.8,0.0
2025-02-03 19:00:00,17.2,16.9,0.0
2025-02-03 20:00:00,29.6,15.1,0.0
2025-02-03 21:00:00,30.5,13.0,0.0
2025-02-03 22:00:00,38.0,11.4,0.0
2025-02-03 23:00:00,24.5,9.5,0.0
2025-02-04 00:00:00,60.7,8.5,0.0
2025-02-04 01:00:00,67.5,8.5,0.0
2025-02-04 02:00:00,67.0,9.0,0.0
2025-02-04 03:00:00,74.5,8.6,0.0
2025-02-04 04:00:00,68.4,8.7,0.0
2025-02-04 05:00:00,78.5,9.3,0.0
2025-02-04 06:00:00,94.5,11.0,0.0
2025-02-04 07:00:00,87.2,11.8,56.5
2025-02-04 08:00:00,80.2,11.4,159.6
2025-02-04 09:00:00,89.2,12.3,166.0
2025-02-04 10:00:00,98.1,12.4,133.9
2025-02-04 11:00:00,89.1,14.6,237.7
2025-02-04 12:00:00,82.1,16.1,286.9
2025-02-04 13:00:00,77.0,16.9,316.6
2025-02-04 14:00:00,64.0,18.0,331.9
2025-02-04 15:00:00,55.9,18.6,246.0
2025-02-04 16:00:00,48.2,19.2,125.0
2025-02-04 17:00:00,43.3,19.5,0.0
2025-02-04 18:00:00,44.8,17.9,0.0
2025-02-04 19:00:00,48.3,17.6,0.0
2025-02-04 20:00:00,61.9,17.1,0.0
2025-02-04 21:00:00,53.5,14.8,0.0
2025-02-04 22:00:00,61.9,13.4,0.0
2025-02-04 23:00:00,59.8,12.6,0.0
2025-02-05 00:00:00,75.4,12.1,0.0
2025-02-05 01:00:00,80.7,11.0,0.0
2025-02-05 02:00:00,71.0,10.5,0.0
2025-02-05 03:00:00,74.5,11.7,0.0
2025-02-05 04:00:00,75.8,11.7,0.0
2025-02-05 05:00:00,79.6,11.9,0.0
2025-02-05 06:00:00,81.3,12.7,0.0
2025-02-05 07:00:00,100.0,13.1,28.9
2025-02-05 08:00:00,91.9,13.1,100.8
2025-02-05 09:00:00,85.6,14.1,199.3
2025-02-05 10:00:00,79.3,14.4,296.4
2025-02-05 11:00:00,74.3,15.3,372.6
2025-02-05 12:00:00,69.2,17.0,404.8
2025-02-05 13:00:00,79.4,16.9,283.8
2025-02-05 14:00:00,90.1,18.2,164.8
2025-02-05 15:00:00,83.7,18.2,143.1
2025-02-05 16:00:00,75.9,17.9,81.3
2025-02-05 17:00:00,79.5,18.0,0.0
2025-02-05 18:00:00,74.5,17.1,0.0
2025-02-05 19:00:00,79.6,16.6,0.0
2025-02-05 20:00:00,80.6,15.2,0.0
2025-02-05 21:00:00,67.7,13.3,0.0
2025-02-05 22:00:00,80.9,12.3,0.0
2025-02-05 23:00:00,94.5,10.6,0.0
2025-02-06 00:00:00,48.2,8.7,0.0
2025-02-06 01:00:00,43.6,7.1,0.0
2025-02-06 02:00:00,44.9,6.6,0.0
2025-02-06 03:00:00,46.5,6.4,0.0
2025-02-06 04:00:00,50.4,6.3,0.0
2025-02-06 05:00:00,64.7,7.2,0.0
2025-02-06 06:00:00,59.8,8.2,0.0
2025-02-06 07:00:00,50.5,9.4,122.7
2025-02-06 08:00:00,37.6,9.6,302.4
2025-02-06 09:00:00,31.5,10.9,462.8
2025-02-06 10:00:00,31.8,11.9,578.6
2025-02-06 11:00:00,46.6,13.4,548.7
2025-02-06 12:00:00,41.1,15.2,593.6
2025-02-06 13:00:00,42.2,16.5,550.6
2025-02-06 14:00:00,41.3,17.0,430.3
2025-02-06 15:00:00,50.1,18.0,269.1
2025-02-06 16:00:00,68.6,17.6,91.2
2025-02-06 17:00:00,60.3,16.8,0.0
2025-02-06 18:00:00,53.4,15.2,0.0
2025-02-06 19:00:00,59.6,14.1,0.0
2025-02-06 20:00:00,62.2,13.2,0.0
2025-02-06 21:00:00,73.8,10.4,0.0
2025-02-06 22:00:00,73.9,9.6,0.0
2025-02-06 23:00:00,66.4,8.2,0.0
2025-02-07 00:00:00,53.8,6.2,0.0
2025-02-07 01:00:00,58.8,5.5,0.0
2025-02-07 02:00:00,61.0,5.6,0.0
2025-02-07 03:00:00,60.3,5.7,0.0
2025-02-07 04:00:00,64.3,6.6,0.0
2025-02-07 05:00:00,68.5,6.6,0.0
2025-02-07 06:00:00,74.0,7.5,0.0
2025-02-07 07:00:00,72.9,7.6,90.5
2025-02-07 08:00:00,65.5,9.3,223.3
2025-02-07 09:00:00,61.4,10.7,334.4
2025-02-07 10:00:00,66.3,13.2,406.6
2025-02-07 11:00:00,54.5,14.5,520.9
2025-02-07 12:00:00,53.5,15.3,525.5
2025-02-07 13:00:00,46.6,16.5,518.8
2025-02-07 14:00:00,43.8,18.1,426.0
2025-02-07 15:00:00,51.4,18.5,270.2
2025-02-07 16:00:00,49.4,18.8,125.1
2025-02-07 17:00:00,46.5,18.7,0.0
2025-02-07 18:00:00,32.7,17.6,0.0
2025-02-07 19:00:00,37.3,16.0,0.0
2025-02-07 20:00:00,40.6,14.6,0.0
2025-02-07 21:00:00,55.7,13.1,0.0
2025-02-07 22:00:00,49.2,11.5,0.0
2025-02-07 23:00:00,47.7,10.5,0.0
2025-02-08 00:00:00,59.6,10.3,0.0
2025-02-08 01:00:00,69.3,9.0,0.0
2025-02-08 02:00:00,64.4,8.1,0.0
2025-02-08 03:00:00,63.1,7.4,0.0
2025-02-08 04:00:00,64.6,7.7,0.0
2025-02-08 05:00:00,62.5,8.0,0.0
2025-02-08 06:00:00,55.7,9.0,0.0
2025-02-08 07:00:00,54.7,10.2,121.0
2025-02-08 08:00:00,60.9,9.7,237.8
2025-02-08 09:00:00,49.6,11.2,396.1
2025-02-08 10:00:00,48.9,12.2,516.9
2025-02-08 11:00:00,41.6,14.0,589.7
2025-02-08 12:00:00,50.4,14.5,540.1
2025-02-08 13:00:00,36.4,16.6,579.3
2025-02-08 14:00:00,31.7,18.0,457.6
2025-02-08 15:00:00,35.1,18.7,306.3
2025-02-08 16:00:00,47.6,19.3,131.2
2025-02-08 17:00:00,45.6,18.7,0.0
2025-02-08 18:00:00,39.9,17.4,0.0
2025-02-08 19:00:00,54.3,16.7,0.0
2025-02-08 20:00:00,40.4,14.6,0.0
2025-02-08 21:00:00,22.2,13.5,0.0
2025-02-08 22:00:00,27.2,11.8,0.0
2025-02-08 23:00:00,24.1,10.6,0.0
2025-02-09 00:00:00,5.8,10.1,0.0
2025-02-09 01:00:00,13.6,8.8,0.0
2025-02-09 02:00:00,16.7,8.2,0.0
2025-02-09 03:00:00,13.0,8.4,0.0
2025-02-09 04:00:00,4.0,8.9,0.0
2025-02-09 05:00:00,13.4,9.3,0.0
2025-02-09 06:00:00,19.8,10.0,0.0
2025-02-09 07:00:00,19.4,10.8,162.9
2025-02-09 08:00:00,34.7,12.6,323.4
2025-02-09 09:00:00,24.8,13.8,490.7
2025-02-09 10:00:00,12.4,15.4,666.8
2025-02-09 11:00:00,8.2,16.6,732.9
2025-02-09 12:00:00,9.7,18.1,697.0
2025-02-09 13:00:00,13.3,19.0,631.1
2025-02-09 14:00:00,12.6,19.1,512.9
2025-02-09 15:00:00,16.7,18.8,357.2
2025-02-09 16:00:00,7.5,17.7,164.5
2025-02-09 17:00:00,21.0,17.0,0.0
2025-02-09 18:00:00,20.6,16.5,0.0
2025-02-09 19:00:00,29.9,16.1,0.0
2025-02-09 20:00:00,31.9,15.0,0.0
2025-02-09 21:00:00,34.5,13.7,0.0
2025-02-09 22:00:00,37.8,12.1,0.0
2025-02-09 23:00:00,39.6,11.0,0.0
2025-02-10 00:00:00,56.5,10.2,0.0
2025-02-10 01:00:00,64.8,10.2,0.0
2025-02-10 02:00:00,63.1,9.4,0.0
2025-02-10 03:00:00,65.6,9.8,0.0
2025-02-10 04:00:00,61.5,10.3,0.0
2025-02-10 05:00:00,70.1,11.3,0.0
2025-02-10 06:00:00,60.8,10.9,0.0
2025-02-10 07:00:00,72.3,11.9,91.3
2025-02-10 08:00:00,67.8,12.4,216.0
2025-02-10 09:00:00,52.7,13.3,402.1
2025-02-10 10:00:00,51.8,13.7,484.3
2025-02-10 11:00:00,44.6,15.1,603.4
2025-02-10 12:00:00,50.5,16.2,568.7
2025-02-10 13:00:00,43.6,16.8,527.9
2025-02-10 14:00:00,39.3,16.9,468.5
2025-02-10 15:00:00,23.9,17.9,343.9
2025-02-10 16:00:00,21.9,18.4,165.2
2025-02-10 17:00:00,4.3,17.8,0.0
2025-02-10 18:00:00,0.0,17.4,0.0
2025-02-10 19:00:00,6.7,16.2,0.0
2025-02-10 20:00:00,16.6,14.8,0.0
2025-02-10 21:00:00,22.5,12.9,0.0
2025-02-10 22:00:00,16.5,10.4,0.0
2025-02-10 23:00:00,18.6,10.0,0.0
2025-02-11 00:00:00,57.0,9.9,0.0
2025-02-11 01:00:00,49.7,8.1,0.0
2025-02-11 02:00:00,64.6,7.8,0.0
2025-02-11 03:00:00,72.7,7.7,0.0
2025-02-11 04:00:00,71.0,7.7,0.0
2025-02-11 05:00:00,71.5,8.1,0.0
2025-02-11 06:00:00,73.4,9.3,0.0
2025-02-11 07:00:00,57.1,10.0,123.7
2025-02-11 08:00:00,57.1,11.0,254.7
2025-02-11 09:00:00,53.6,12.1,400.2
2025-02-11 10:00:00,47.9,13.3,517.4
2025-02-11 11:00:00,48.7,15.0,581.0
2025-02-11 12:00:00,66.1,16.0,455.2
2025-02-11 13:00:00,72.1,17.0,360.3
2025-02-11 14:00:00,67.7,18.1,321.1
2025-02-11 15:00:00,72.9,19.0,196.8
2025-02-11 16:00:00,84.2,19.3,68.1
2025-02-11 17:00:00,90.3,20.1,0.0
2025-02-11 18:00:00,88.7,18.6,0.0
2025-02-11 19:00:00,81.7,17.0,0.0
2025-02-11 20:00:00,86.3,15.9,0.0
2025-02-11 21:00:00,87.9,13.8,0.0
2025-02-11 22:00:00,93.3,11.5,0.0
2025-02-11 23:00:00,96.0,10.2,0.0
2025-02-12 00:00:00,81.7,7.9,0.0
2025-02-12 01:00:00,74.0,6.3,0.0
2025-02-12 02:00:00,82.1,6.3,0.0
2025-02-12 03:00:00,80.3,6.1,0.0
2025-02-12 04:00:00,93.6,7.2,0.0
2025-02-12 05:00:00,83.3,7.1,0.0
2025-02-12 06:00:00,93.6,8.2,0.0
2025-02-12 07:00:00,90.4,8.6,58.4
2025-02-12 08:00:00,80.7,8.6,167.2
2025-02-12 09:00:00,73.6,10.2,289.2
2025-02-12 10:00:00,68.6,11.7,399.0
2025-02-12 11:00:00,70.2,12.1,421.2
2025-02-12 12:00:00,72.3,13.4,397.0
2025-02-12 13:00:00,65.5,15.0,423.6
2025-02-12 14:00:00,63.8,15.8,339.1
2025-02-12 15:00:00,79.7,15.8,171.7
2025-02-12 16:00:00,90.4,16.7,54.8
2025-02-12 17:00:00,89.4,18.3,0.0
2025-02-12 18:00:00,85.4,17.2,0.0
2025-02-12 19:00:00,82.5,16.7,0.0
2025-02-12 20:00:00,84.0,14.9,0.0
2025-02-12 21:00:00,72.1,13.3,0.0
2025-02-12 22:00:00,67.8,12.1,0.0
2025-02-12 23:00:00,52.7,10.4,0.0
2025-02-13 00:00:00,20.6,8.6,0.0
2025-02-13 01:00:00,25.5,8.1,0.0
2025-02-13 02:00:00,20.7,8.3,0.0
2025-02-13 03:00:00,33.0,8.4,0.0
2025-02-13 04:00:00,21.4,8.1,0.0
2025-02-13 05:00:00,9.3,8.4,0.0
2025-02-13 06:00:00,12.1,10.6,0.0
2025-02-13 07:00:00,21.2,11.7,168.7
2025-02-13 08:00:00,34.3,12.4,339.5
2025-02-13 09:00:00,28.7,13.1,507.6
2025-02-13 10:00:00,36.0,13.3,615.3
2025-02-13 11:00:00,33.6,14.9,644.0
2025-02-13 12:00:00,30.3,16.5,682.9
2025-02-13 13:00:00,35.9,17.2,573.2
2025-02-13 14:00:00,39.0,18.0,468.9
2025-02-13 15:00:00,23.9,18.0,361.8
2025-02-13 16:00:00,35.0,18.2,152.8
2025-02-13 17:00:00,44.0,18.4,0.0
2025-02-13 18:00:00,35.9,17.1,0.0
2025-02-13 19:00:00,36.9,16.7,0.0
2025-02-13 20:00:00,38.6,14.8,0.0
2025-02-13 21:00:00,38.2,13.4,0.0
2025-02-13 22:00:00,31.4,12.2,0.0
2025-02-13 23:00:00,24.4,10.5,0.0
2025-02-14 00:00:00,24.8,9.2,0.0
2025-02-14 01:00:00,33.5,7.7,0.0
2025-02-14 02:00:00,36.2,7.8,0.0
2025-02-14 03:00:00,31.2,7.4,0.0
2025-02-14 04:00:00,35.9,7.9,0.0
2025-02-14 05:00:00,11.2,8.5,0.0
2025-02-14 06:00:00,21.3,9.2,0.0
2025-02-14 07:00:00,7.2,10.0,181.9
2025-02-14 08:00:00,5.8,12.1,378.9
2025-02-14 09:00:00,0.0,13.0,537.3
2025-02-14 10:00:00,0.0,15.6,657.7
2025-02-14 11:00:00,3.3,16.6,737.0
2025-02-14 12:00:00,1.5,17.2,754.8
2025-02-14 13:00:00,6.4,18.1,667.8
2025-02-14 14:00:00,7.6,19.8,538.7
2025-02-14 15:00:00,12.8,19.0,368.2
2025-02-14 16:00:00,14.2,18.8,178.8
2025-02-14 17:00:00,4.6,18.5,0.0
2025-02-14 18:00:00,14.3,17.7,0.0
2025-02-14 19:00:00,11.0,16.5,0.0
2025-02-14 20:00:00,0.0,14.5,0.0
2025-02-14 21:00:00,0.0,12.6,0.0
2025-02-14 22:00:00,13.0,11.2,0.0
2025-02-14 23:00:00,20.6,9.3,0.0
2025-02-15 00:00:00,4.0,7.9,0.0
2025-02-15 01:00:00,1.4,6.7,0.0
2025-02-15 02:00:00,0.0,5.9,0.0
2025-02-15 03:00:00,16.7,6.2,0.0
2025-02-15 04:00:00,18.5,5.5,0.0
2025-02-15 05:00:00,20.4,6.1,0.0
2025-02-15 06:00:00,26.9,8.4,0.0
2025-02-15 07:00:00,26.2,8.8,175.0
2025-02-15 08:00:00,21.7,10.7,359.4
2025-02-15 09:00:00,18.2,12.1,544.4
2025-02-15 10:00:00,16.1,13.3,655.5
2025-02-15 11:00:00,14.6,14.1,730.2
2025-02-15 12:00:00,19.3,15.4,729.8
2025-02-15 13:00:00,18.1,17.2,650.6
2025-02-15 14:00:00,22.5,17.7,521.1
2025-02-15 15:00:00,19.8,18.1,372.9
2025-02-15 16:00:00,18.8,18.6,177.3
2025-02-15 17:00:00,1.2,18.1,0.0
2025-02-15 18:00:00,9.1,16.5,0.0
2025-02-15 19:00:00,11.5,15.4,0.0
2025-02-15 20:00:00,18.8,14.8,0.0
2025-02-15 21:00:00,0.0,12.9,0.0
2025-02-15 22:00:00,12.1,10.2,0.0
2025-02-15 23:00:00,10.2,9.0,0.0
2025-02-16 00:00:00,9.9,7.7,0.0
2025-02-16 01:00:00,0.1,5.7,0.0
2025-02-16 02:00:00,4.6,4.5,0.0
2025-02-16 03:00:00,0.0,4.8,0.0
2025-02-16 04:00:00,0.0,4.7,0.0
2025-02-16 05:00:00,6.6,5.1,0.0
2025-02-16 06:00:00,3.9,6.1,0.0
2025-02-16 07:00:00,4.9,7.1,185.7
2025-02-16 08:00:00,10.9,8.6,381.0
2025-02-16 09:00:00,13.2,10.1,565.7
2025-02-16 10:00:00,12.5,11.1,680.3
2025-02-16 11:00:00,13.5,12.3,739.1
2025-02-16 12:00:00,30.8,13.5,707.7
2025-02-16 13:00:00,26.3,14.8,620.9
2025-02-16 14:00:00,24.4,15.7,514.4
2025-02-16 15:00:00,29.5,17.2,366.0
2025-02-16 16:00:00,34.5,17.7,168.1
2025-02-16 17:00:00,39.5,18.1,0.0
2025-02-16 18:00:00,39.5,17.1,0.0
2025-02-16 19:00:00,25.3,15.7,0.0
2025-02-16 20:00:00,35.0,14.2,0.0
2025-02-16 21:00:00,21.2,12.9,0.0
2025-02-16 22:00:00,20.8,11.3,0.0
2025-02-16 23:00:00,11.9,9.8,0.0
2025-02-17 00:00:00,54.6,9.4,0.0
2025-02-17 01:00:00,55.8,8.4,0.0
2025-02-17 02:00:00,56.7,9.3,0.0
2025-02-17 03:00:00,58.3,8.7,0.0
2025-02-17 04:00:00,69.3,8.7,0.0
2025-02-17 05:00:00,69.7,9.6,0.0
2025-02-17 06:00:00,64.4,10.1,0.0
2025-02-17 07:00:00,69.5,10.4,109.7
2025-02-17 08:00:00,75.7,10.5,196.0
2025-02-17 09:00:00,61.8,11.9,369.2
2025-02-17 10:00:00,64.3,13.2,450.9
2025-02-17 11:00:00,67.2,14.2,464.4
2025-02-17 12:00:00,61.8,15.9,507.8
2025-02-17 13:00:00,70.5,15.9,393.4
2025-02-17 14:00:00,65.9,16.7,339.5
2025-02-17 15:00:00,64.0,17.5,248.5
2025-02-17 16:00:00,60.0,17.4,133.2
2025-02-17 17:00:00,58.0,16.7,0.0
2025-02-17 18:00:00,47.3,15.6,0.0
2025-02-17 19:00:00,35.2,14.6,0.0
2025-02-17 20:00:00,48.8,14.1,0.0
2025-02-17 21:00:00,41.2,12.2,0.0
2025-02-17 22:00:00,33.4,10.9,0.0
2025-02-17 23:00:00,17.2,9.6,0.0
2025-02-18 00:00:00,39.5,9.4,0.0
2025-02-18 01:00:00,32.2,8.1,0.0
2025-02-18 02:00:00,49.4,6.9,0.0
2025-02-18 03:00:00,59.6,6.9,0.0
2025-02-18 04:00:00,54.9,6.6,0.0
2025-02-18 05:00:00,74.3,7.2,0.0
2025-02-18 06:00:00,81.2,8.1,0.0
2025-02-18 07:00:00,76.9,8.3,96.7
2025-02-18 08:00:00,55.6,9.2,277.8
2025-02-18 09:00:00,75.3,10.4,291.2
2025-02-18 10:00:00,63.1,11.6,432.8
2025-02-18 11:00:00,50.4,13.5,594.8
2025-02-18 12:00:00,60.5,14.5,511.9
2025-02-18 13:00:00,80.7,15.7,305.8
2025-02-18 14:00:00,90.1,16.6,179.7
2025-02-18 15:00:00,91.8,17.5,117.3
2025-02-18 16:00:00,93.5,18.2,54.7
2025-02-18 17:00:00,97.1,18.7,0.0
2025-02-18 18:00:00,99.5,17.5,0.0
2025-02-18 19:00:00,97.8,15.8,0.0
2025-02-18 20:00:00,94.9,14.8,0.0
2025-02-18 21:00:00,91.0,12.7,0.0
2025-02-18 22:00:00,82.0,10.9,0.0
2025-02-18 23:00:00,77.9,10.0,0.0
2025-02-19 00:00:00,41.2,8.2,0.0
2025-02-19 01:00:00,40.8,7.7,0.0
2025-02-19 02:00:00,33.4,6.7,0.0
2025-02-19 03:00:00,25.9,5.9,0.0
2025-02-19 04:00:00,29.6,5.4,0.0
2025-02-19 05:00:00,42.6,7.0,0.0
2025-02-19 06:00:00,50.2,7.5,0.0
2025-02-19 07:00:00,37.0,8.6,179.4
2025-02-19 08:00:00,30.0,9.3,361.5
2025-02-19 09:00:00,39.3,11.1,469.7
2025-02-19 10:00:00,32.1,13.8,598.6
2025-02-19 11:00:00,31.8,14.3,681.2
2025-02-19 12:00:00,37.7,14.9,658.3
2025-02-19 13:00:00,30.8,16.6,649.9
2025-02-19 14:00:00,33.4,17.6,518.2
2025-02-19 15:00:00,24.0,18.6,377.0
2025-02-19 16:00:00,21.7,18.4,186.6
2025-02-19 17:00:00,27.0,19.1,0.0
2025-02-19 18:00:00,16.4,18.1,0.0
2025-02-19 19:00:00,23.3,16.3,0.0
2025-02-19 20:00:00,25.8,14.7,0.0
2025-02-19 21:00:00,32.5,12.7,0.0
2025-02-19 22:00:00,35.7,12.0,0.0
2025-02-19 23:00:00,47.7,10.4,0.0
2025-02-20 00:00:00,48.3,9.5,0.0
2025-02-20 01:00:00,44.5,8.3,0.0
2025-02-20 02:00:00,45.5,7.4,0.0
2025-02-20 03:00:00,49.7,6.3,0.0
2025-02-20 04:00:00,49.5,6.9,0.0
2025-02-20 05:00:00,49.3,8.2,0.0
2025-02-20 06:00:00,43.1,8.5,10.5
2025-02-20 07:00:00,38.0,8.5,174.4
2025-02-20 08:00:00,27.6,10.1,372.1
2025-02-20 09:00:00,43.6,10.4,465.5
2025-02-20 10:00:00,33.8,12.6,613.3
2025-02-20 11:00:00,29.6,13.7,713.4
2025-02-20 12:00:00,25.6,14.5,732.0
2025-02-20 13:00:00,35.1,15.6,626.4
2025-02-20 14:00:00,33.9,16.0,526.7
2025-02-20 15:00:00,45.2,16.1,321.4
2025-02-20 16:00:00,39.7,16.7,177.8
2025-02-20 17:00:00,42.6,15.5,10.5
2025-02-20 18:00:00,36.1,15.5,0.0
2025-02-20 19:00:00,54.3,14.7,0.0
2025-02-20 20:00:00,43.7,12.5,0.0
2025-02-20 21:00:00,46.3,10.6,0.0
2025-02-20 22:00:00,51.2,9.8,0.0
2025-02-20 23:00:00,53.7,8.8,0.0
2025-02-21 00:00:00,46.9,8.3,0.0
2025-02-21 01:00:00,45.1,7.1,0.0
2025-02-21 02:00:00,44.9,6.7,0.0
2025-02-21 03:00:00,43.2,6.7,0.0
2025-02-21 04:00:00,50.6,7.5,0.0
2025-02-21 05:00:00,67.1,8.9,0.0
2025-02-21 06:00:00,59.4,9.3,10.5
2025-02-21 07:00:00,46.2,9.8,165.3
2025-02-21 08:00:00,44.8,10.4,333.5
2025-02-21 09:00:00,64.9,11.2,352.7
2025-02-21 10:00:00,55.6,13.0,520.8
2025-02-21 11:00:00,66.9,13.1,481.4
2025-02-21 12:00:00,77.2,14.7,363.0
2025-02-21 13:00:00,68.3,15.6,411.8
2025-02-21 14:00:00,69.5,16.5,338.1
2025-02-21 15:00:00,79.1,17.9,191.1
2025-02-21 16:00:00,71.4,18.7,112.8
2025-02-21 17:00:00,66.1,19.1,9.1
2025-02-21 18:00:00,58.4,17.5,0.0
2025-02-21 19:00:00,48.1,15.6,0.0
2025-02-21 20:00:00,42.0,14.6,0.0
2025-02-21 21:00:00,32.0,12.6,0.0
2025-02-21 22:00:00,33.3,10.9,0.0
2025-02-21 23:00:00,28.0,9.9,0.0
2025-02-22 00:00:00,0.2,7.8,0.0
2025-02-22 01:00:00,0.0,7.1,0.0
2025-02-22 02:00:00,0.0,6.5,0.0
2025-02-22 03:00:00,2.5,6.4,0.0
2025-02-22 04:00:00,0.0,6.4,0.0
2025-02-22 05:00:00,0.0,6.7,0.0
2025-02-22 06:00:00,4.8,7.3,17.4
2025-02-22 07:00:00,0.0,8.8,210.3
2025-02-22 08:00:00,10.7,9.8,397.1
2025-02-22 09:00:00,13.9,11.8,578.8
2025-02-22 10:00:00,7.7,13.4,699.9
2025-02-22 11:00:00,7.5,14.3,805.5
2025-02-22 12:00:00,12.2,15.4,792.9
2025-02-22 13:00:00,12.4,16.3,710.7
2025-02-22 14:00:00,16.4,17.5,584.2
2025-02-22 15:00:00,8.2,17.8,408.6
2025-02-22 16:00:00,9.7,17.6,210.7
2025-02-22 17:00:00,0.0,17.7,17.6
2025-02-22 18:00:00,0.0,17.1,0.0
2025-02-22 19:00:00,0.0,16.7,0.0
2025-02-22 20:00:00,0.0,15.8,0.0
2025-02-22 21:00:00,1.2,13.8,0.0
2025-02-22 22:00:00,11.0,12.8,0.0
2025-02-22 23:00:00,15.6,12.2,0.0
2025-02-23 00:00:00,21.5,11.8,0.0
2025-02-23 01:00:00,19.3,11.2,0.0
2025-02-23 02:00:00,29.7,11.1,0.0
2025-02-23 03:00:00,30.2,10.6,0.0
2025-02-23 04:00:00,48.1,10.5,0.0
2025-02-23 05:00:00,48.4,10.8,0.0
2025-02-23 06:00:00,47.1,10.7,15.4
2025-02-23 07:00:00,41.9,12.0,183.8
2025-02-23 08:00:00,40.9,12.8,348.3
2025-02-23 09:00:00,37.8,14.6,505.1
2025-02-23 10:00:00,41.9,15.1,593.8
2025-02-23 11:00:00,47.5,16.7,620.5
2025-02-23 12:00:00,38.4,17.9,661.7
2025-02-23 13:00:00,26.1,18.5,669.3
2025-02-23 14:00:00,11.3,20.3,587.2
2025-02-23 15:00:00,16.9,21.1,403.4
2025-02-23 16:00:00,9.0,21.0,213.0
2025-02-23 17:00:00,0.0,20.3,19.5
2025-02-23 18:00:00,0.5,19.5,0.0
2025-02-23 19:00:00,23.4,18.6,0.0
2025-02-23 20:00:00,23.5,16.7,0.0
2025-02-23 21:00:00,30.3,14.9,0.0
2025-02-23 22:00:00,30.3,14.3,0.0
2025-02-23 23:00:00,28.8,14.1,0.0
2025-02-24 00:00:00,75.4,14.2,0.0
2025-02-24 01:00:00,71.8,13.2,0.0
2025-02-24 02:00:00,73.0,12.3,0.0
2025-02-24 03:00:00,74.6,11.5,0.0
2025-02-24 04:00:00,68.0,11.1,0.0
2025-02-24 05:00:00,75.5,11.4,0.0
2025-02-24 06:00:00,72.8,13.2,11.8
2025-02-24 07:00:00,65.7,14.3,138.0
2025-02-24 08:00:00,69.9,15.1,232.4
2025-02-24 09:00:00,62.0,15.5,388.7
2025-02-24 10:00:00,62.5,17.0,467.1
2025-02-24 11:00:00,62.7,17.9,516.7
2025-02-24 12:00:00,71.6,17.7,438.4
2025-02-24 13:00:00,74.5,18.8,372.3
2025-02-24 14:00:00,73.1,19.4,315.0
2025-02-24 15:00:00,78.6,19.7,192.1
2025-02-24 16:00:00,88.0,20.1,77.0
2025-02-24 17:00:00,89.7,20.3,7.1
2025-02-24 18:00:00,86.7,19.5,0.0
2025-02-24 19:00:00,73.5,17.9,0.0
2025-02-24 20:00:00,63.9,15.4,0.0
2025-02-24 21:00:00,61.5,14.6,0.0
2025-02-24 22:00:00,57.0,12.5,0.0
2025-02-24 23:00:00,56.4,10.5,0.0
2025-02-25 00:00:00,49.2,9.1,0.0
2025-02-25 01:00:00,54.2,8.2,0.0
2025-02-25 02:00:00,53.8,8.4,0.0
2025-02-25 03:00:00,58.0,8.4,0.0
2025-02-25 04:00:00,58.2,8.9,0.0
2025-02-25 05:00:00,42.1,9.3,0.0
2025-02-25 06:00:00,36.2,10.2,20.3
2025-02-25 07:00:00,37.4,11.2,184.0
2025-02-25 08:00:00,29.9,11.3,389.6
2025-02-25 09:00:00,37.8,12.3,530.0
2025-02-25 10:00:00,52.2,13.9,538.9
2025-02-25 11:00:00,62.4,16.8,505.8
2025-02-25 12:00:00,59.9,17.4,511.0
2025-02-25 13:00:00,71.3,18.4,396.0
2025-02-25 14:00:00,70.7,19.1,335.6
2025-02-25 15:00:00,66.2,20.9,266.3
2025-02-25 16:00:00,60.0,20.7,150.0
2025-02-25 17:00:00,57.1,21.0,16.8
2025-02-25 18:00:00,53.8,19.3,0.0
2025-02-25 19:00:00,55.4,17.9,0.0
2025-02-25 20:00:00,56.8,16.4,0.0
2025-02-25 21:00:00,56.7,15.4,0.0
2025-02-25 22:00:00,60.0,13.3,0.0
2025-02-25 23:00:00,69.1,12.3,0.0
2025-02-26 00:00:00,64.4,11.0,0.0
2025-02-26 01:00:00,50.2,9.9,0.0
2025-02-26 02:00:00,29.2,9.5,0.0
2025-02-26 03:00:00,38.6,8.7,0.0
2025-02-26 04:00:00,28.4,9.1,0.0
2025-02-26 05:00:00,28.6,9.4,0.0
2025-02-26 06:00:00,21.2,10.7,24.5
2025-02-26 07:00:00,9.7,11.8,228.7
2025-02-26 08:00:00,18.3,12.9,405.1
2025-02-26 09:00:00,27.6,13.7,556.3
2025-02-26 10:00:00,25.1,15.5,679.8
2025-02-26 11:00:00,6.7,18.0,798.9
2025-02-26 12:00:00,7.0,18.9,803.5
2025-02-26 13:00:00,14.7,19.0,720.8
2025-02-26 14:00:00,6.5,20.2,591.4
2025-02-26 15:00:00,12.6,19.6,409.2
2025-02-26 16:00:00,16.4,18.9,227.0
2025-02-26 17:00:00,24.5,18.1,24.2
2025-02-26 18:00:00,27.9,17.1,0.0
2025-02-26 19:00:00,22.2,15.1,0.0
2025-02-26 20:00:00,34.5,13.0,0.0
2025-02-26 21:00:00,34.5,11.0,0.0
2025-02-26 22:00:00,35.6,9.9,0.0
2025-02-26 23:00:00,29.3,7.9,0.0
2025-02-27 00:00:00,30.0,6.7,0.0
2025-02-27 01:00:00,25.0,6.8,0.0
2025-02-27 02:00:00,26.3,6.3,0.0
2025-02-27 03:00:00,42.6,6.6,0.0
2025-02-27 04:00:00,32.2,6.3,0.0
2025-02-27 05:00:00,21.1,7.9,0.0
2025-02-27 06:00:00,36.0,8.7,24.3
2025-02-27 07:00:00,35.7,9.5,195.6
2025-02-27 08:00:00,31.8,11.3,376.8
2025-02-27 09:00:00,42.0,12.3,485.2
2025-02-27 10:00:00,37.8,13.7,645.9
2025-02-27 11:00:00,53.6,14.5,575.9
2025-02-27 12:00:00,58.3,15.5,554.1
2025-02-27 13:00:00,53.1,17.0,552.6
2025-02-27 14:00:00,69.7,17.9,343.5
2025-02-27 15:00:00,62.2,18.5,276.0
2025-02-27 16:00:00,66.3,18.6,138.5
2025-02-27 17:00:00,66.5,18.5,17.7
2025-02-27 18:00:00,74.6,17.2,0.0
2025-02-27 19:00:00,83.9,15.4,0.0
2025-02-27 20:00:00,79.7,14.2,0.0
2025-02-27 21:00:00,69.8,13.0,0.0
2025-02-27 22:00:00,70.8,12.0,0.0
2025-02-27 23:00:00,62.6,9.3,0.0
2025-02-28 00:00:00,39.0,7.8,0.0
2025-02-28 01:00:00,36.6,6.4,0.0
2025-02-28 02:00:00,30.4,5.9,0.0
2025-02-28 03:00:00,29.4,5.6,0.0
2025-02-28 04:00:00,16.3,6.0,0.0
2025-02-28 05:00:00,7.7,6.6,0.0
2025-02-28 06:00:00,17.5,6.8,30.1
2025-02-28 07:00:00,11.3,7.5,231.7
2025-02-28 08:00:00,2.7,9.0,421.2
2025-02-28 09:00:00,7.9,10.7,605.2
2025-02-28 10:00:00,17.6,11.4,719.9
2025-02-28 11:00:00,22.4,12.0,764.5
2025-02-28 12:00:00,28.8,13.3,703.6
2025-02-28 13:00:00,20.4,14.0,714.8
2025-02-28 14:00:00,7.8,14.4,625.8
2025-02-28 15:00:00,20.0,14.6,416.0
2025-02-28 16:00:00,16.2,14.6,218.2
2025-02-28 17:00:00,13.4,13.9,29.9
2025-02-28 18:00:00,23.6,13.1,0.0
2025-02-28 19:00:00,26.3,12.1,0.0
2025-02-28 20:00:00,28.0,10.6,0.0
2025-02-28 21:00:00,43.1,9.6,0.0
2025-02-28 22:00:00,33.9,7.9,0.0
2025-02-28 23:00:00,38.4,6.9,0.0
2025-03-01 00:00:00,12.2,6.0,0.0
2025-03-01 01:00:00,11.3,5.6,0.0
2025-03-01 02:00:00,20.5,6.0,0.0
2025-03-01 03:00:00,20.5,6.3,0.0
2025-03-01 04:00:00,20.7,6.7,0.0
2025-03-01 05:00:00,25.2,7.2,0.0
2025-03-01 06:00:00,17.6,7.9,32.6
2025-03-01 07:00:00,7.1,8.6,234.5
2025-03-01 08:00:00,0.0,10.2,433.1
2025-03-01 09:00:00,0.0,12.2,652.6
2025-03-01 10:00:00,0.0,13.4,727.9
2025-03-01 11:00:00,0.0,15.0,797.9
2025-03-01 12:00:00,0.0,15.9,819.4
2025-03-01 13:00:00,0.0,17.1,778.6
2025-03-01 14:00:00,0.0,17.5,606.4
2025-03-01 15:00:00,0.0,17.5,436.2
2025-03-01 16:00:00,0.0,17.0,238.3
2025-03-01 17:00:00,0.0,16.8,33.3
2025-03-01 18:00:00,0.0,15.9,0.0
2025-03-01 19:00:00,0.0,14.6,0.0
2025-03-01 20:00:00,0.0,13.4,0.0
2025-03-01 21:00:00,1.9,11.7,0.0
2025-03-01 22:00:00,4.0,10.9,0.0
2025-03-01 23:00:00,7.8,9.1,0.0
2025-03-02 00:00:00,46.1,8.5,0.0
2025-03-02 01:00:00,52.6,7.0,0.0
2025-03-02 02:00:00,50.4,6.3,0.0
2025-03-02 03:00:00,36.6,5.2,0.0
2025-03-02 04:00:00,38.0,6.0,0.0
2025-03-02 05:00:00,30.9,7.0,0.0
2025-03-02 06:00:00,25.6,8.3,34.3
2025-03-02 07:00:00,29.9,9.3,208.1
2025-03-02 08:00:00,38.8,10.0,376.5
2025-03-02 09:00:00,37.0,10.9,528.4
2025-03-02 10:00:00,37.6,13.1,641.4
2025-03-02 11:00:00,49.4,14.9,636.2
2025-03-02 12:00:00,48.0,16.2,649.2
2025-03-02 13:00:00,65.7,16.6,461.1
2025-03-02 14:00:00,65.0,18.4,371.6
2025-03-02 15:00:00,45.7,19.0,347.0
2025-03-02 16:00:00,48.9,19.5,186.4
2025-03-02 17:00:00,48.7,20.1,26.2
2025-03-02 18:00:00,55.9,19.0,0.0
2025-03-02 19:00:00,57.2,18.2,0.0
2025-03-02 20:00:00,51.8,16.9,0.0
2025-03-02 21:00:00,38.5,15.1,0.0
2025-03-02 22:00:00,34.8,12.9,0.0
2025-03-02 23:00:00,26.5,11.0,0.0
2025-03-03 00:00:00,39.7,10.2,0.0
2025-03-03 01:00:00,44.5,8.6,0.0
2025-03-03 02:00:00,57.3,8.3,0.0
2025-03-03 03:00:00,58.5,8.4,0.0
2025-03-03 04:00:00,46.7,9.0,0.0
2025-03-03 05:00:00,49.5,8.9,0.0
2025-03-03 06:00:00,58.0,10.5,27.0
2025-03-03 07:00:00,51.0,11.9,177.1
2025-03-03 08:00:00,48.7,13.0,339.9
2025-03-03 09:00:00,47.8,13.5,478.5
2025-03-03 10:00:00,40.6,14.8,614.5
2025-03-03 11:00:00,45.8,15.9,660.7
2025-03-03 12:00:00,44.2,17.3,684.6
2025-03-03 13:00:00,47.1,18.3,593.7
2025-03-03 14:00:00,39.2,19.5,514.1
2025-03-03 15:00:00,35.8,20.0,395.2
2025-03-03 16:00:00,42.1,20.3,205.2
2025-03-03 17:00:00,38.9,19.9,32.1
2025-03-03 18:00:00,52.9,19.1,0.0
2025-03-03 19:00:00,48.2,17.5,0.0
2025-03-03 20:00:00,49.1,17.0,0.0
2025-03-03 21:00:00,55.5,16.3,0.0
2025-03-03 22:00:00,42.3,14.7,0.0
2025-03-03 23:00:00,28.0,13.6,0.0
2025-03-04 00:00:00,15.9,12.6,0.0
2025-03-04 01:00:00,28.8,11.8,0.0
2025-03-04 02:00:00,25.6,10.3,0.0
2025-03-04 03:00:00,47.7,10.2,0.0
2025-03-04 04:00:00,42.1,10.1,0.0
2025-03-04 05:00:00,43.2,10.1,0.0
2025-03-04 06:00:00,55.0,10.3,29.5
2025-03-04 07:00:00,69.2,11.1,136.7
2025-03-04 08:00:00,82.0,11.8,194.5
2025-03-04 09:00:00,86.5,11.9,230.6
2025-03-04 10:00:00,89.0,12.5,252.5
2025-03-04 11:00:00,87.8,14.3,291.0
2025-03-04 12:00:00,88.1,15.1,288.1
2025-03-04 13:00:00,77.8,16.8,369.9
2025-03-04 14:00:00,66.6,18.0,385.5
2025-03-04 15:00:00,63.3,19.1,287.2
2025-03-04 16:00:00,59.0,19.2,168.7
2025-03-04 17:00:00,53.0,19.3,30.4
2025-03-04 18:00:00,56.9,18.7,0.0
2025-03-04 19:00:00,62.4,17.7,0.0
2025-03-04 20:00:00,60.3,16.3,0.0
2025-03-04 21:00:00,69.5,15.0,0.0
2025-03-04 22:00:00,56.7,14.4,0.0
2025-03-04 23:00:00,53.1,14.1,0.0
2025-03-05 00:00:00,69.0,12.8,0.0
2025-03-05 01:00:00,53.2,10.3,0.0
2025-03-05 02:00:00,53.7,10.0,0.0
2025-03-05 03:00:00,53.7,9.9,0.0
2025-03-05 04:00:00,66.9,10.8,0.0
2025-03-05 05:00:00,71.4,11.5,0.0
2025-03-05 06:00:00,62.1,12.0,28.4
2025-03-05 07:00:00,77.0,13.0,123.2
2025-03-05 08:00:00,85.0,14.1,177.3
2025-03-05 09:00:00,86.9,14.0,229.7
2025-03-05 10:00:00,82.1,14.7,331.7
2025-03-05 11:00:00,72.1,16.0,456.3
2025-03-05 12:00:00,67.9,17.4,494.2
2025-03-05 13:00:00,76.0,18.2,384.4
2025-03-05 14:00:00,89.4,19.2,208.5
2025-03-05 15:00:00,98.5,20.5,91.7
2025-03-05 16:00:00,90.3,22.2,77.5
2025-03-05 17:00:00,78.0,22.7,20.3
2025-03-05 18:00:00,77.2,21.5,0.0
2025-03-05 19:00:00,61.3,19.8,0.0
2025-03-05 20:00:00,64.0,18.3,0.0
2025-03-05 21:00:00,62.6,16.9,0.0
2025-03-05 22:00:00,58.8,15.4,0.0
2025-03-05 23:00:00,46.5,14.7,0.0
2025-03-06 00:00:00,43.4,13.1,0.0
2025-03-06 01:00:00,40.4,12.2,0.0
2025-03-06 02:00:00,32.5,12.5,0.0
2025-03-06 03:00:00,12.1,11.6,0.0
2025-03-06 04:00:00,16.8,11.7,0.0
2025-03-06 05:00:00,35.3,12.0,0.0
2025-03-06 06:00:00,50.8,12.9,36.2
2025-03-06 07:00:00,47.4,13.0,192.9
2025-03-06 08:00:00,43.3,14.5,376.4
2025-03-06 09:00:00,48.2,15.5,484.3
2025-03-06 10:00:00,40.9,16.4,642.9
2025-03-06 11:00:00,44.8,17.9,681.3
2025-03-06 12:00:00,51.9,18.9,625.0
2025-03-06 13:00:00,61.9,20.1,510.1
2025-03-06 14:00:00,60.1,20.5,429.3
2025-03-06 15:00:00,57.6,21.3,315.4
2025-03-06 16:00:00,50.1,22.1,188.9
2025-03-06 17:00:00,43.8,21.7,38.1
2025-03-06 18:00:00,43.2,20.2,0.0
2025-03-06 19:00:00,47.3,18.9,0.0
2025-03-06 20:00:00,55.3,18.2,0.0
2025-03-06 21:00:00,48.7,17.0,0.0
2025-03-06 22:00:00,61.1,15.3,0.0
2025-03-06 23:00:00,58.0,13.1,0.0
2025-03-07 00:00:00,15.6,11.1,0.0
2025-03-07 01:00:00,9.1,9.8,0.0
2025-03-07 02:00:00,0.0,9.2,0.0
2025-03-07 03:00:00,0.0,8.9,0.0
2025-03-07 04:00:00,7.0,8.8,0.0
2025-03-07 05:00:00,5.3,10.0,0.0
2025-03-07 06:00:00,6.6,10.9,48.4
2025-03-07 07:00:00,11.3,12.3,252.0
2025-03-07 08:00:00,0.0,12.8,466.4
2025-03-07 09:00:00,0.0,13.2,655.2
2025-03-07 10:00:00,4.4,13.9,758.9
2025-03-07 11:00:00,0.0,15.4,833.4
2025-03-07 12:00:00,0.0,17.0,874.3
2025-03-07 13:00:00,0.0,16.9,770.8
2025-03-07 14:00:00,0.0,18.4,644.1
2025-03-07 15:00:00,0.0,18.8,461.0
2025-03-07 16:00:00,0.0,19.3,249.4
2025-03-07 17:00:00,0.0,18.3,50.2
2025-03-07 18:00:00,0.0,17.7,0.0
2025-03-07 19:00:00,0.0,16.5,0.0
2025-03-07 20:00:00,0.0,15.5,0.0
2025-03-07 21:00:00,5.6,14.0,0.0
2025-03-07 22:00:00,0.0,12.6,0.0
2025-03-07 23:00:00,0.3,11.7,0.0
2025-03-08 00:00:00,13.3,10.4,0.0
2025-03-08 01:00:00,19.6,9.7,0.0
2025-03-08 02:00:00,21.0,8.2,0.0
2025-03-08 03:00:00,18.0,8.3,0.0
2025-03-08 04:00:00,11.6,9.4,0.0
2025-03-08 05:00:00,13.2,9.4,0.0
2025-03-08 06:00:00,5.4,10.2,51.2
2025-03-08 07:00:00,0.0,11.8,249.2
2025-03-08 08:00:00,0.0,13.3,464.2
2025-03-08 09:00:00,2.2,14.8,634.0
2025-03-08 10:00:00,0.0,16.2,788.2
2025-03-08 11:00:00,0.0,17.4,890.3
2025-03-08 12:00:00,0.0,18.6,855.2
2025-03-08 13:00:00,10.9,19.3,735.1
2025-03-08 14:00:00,12.2,19.4,629.1
2025-03-08 15:00:00,7.3,19.8,463.1
2025-03-08 16:00:00,7.3,20.4,255.5
2025-03-08 17:00:00,19.8,19.9,48.2
2025-03-08 18:00:00,14.6,18.3,0.0
2025-03-08 19:00:00,8.8,16.9,0.0
2025-03-08 20:00:00,6.3,15.1,0.0
2025-03-08 21:00:00,0.3,12.8,0.0
2025-03-08 22:00:00,3.6,11.5,0.0
2025-03-08 23:00:00,18.6,10.0,0.0
2025-03-09 00:00:00,46.2,9.1,0.0
2025-03-09 01:00:00,44.0,8.2,0.0
2025-03-09 02:00:00,41.7,6.9,0.0
2025-03-09 03:00:00,29.6,5.8,0.0
2025-03-09 04:00:00,38.5,6.6,0.0
2025-03-09 05:00:00,38.6,6.4,0.0
2025-03-09 06:00:00,37.9,6.9,46.3
2025-03-09 07:00:00,64.2,6.9,166.1
2025-03-09 08:00:00,64.3,7.7,301.1
2025-03-09 09:00:00,55.9,9.3,470.1
2025-03-09 10:00:00,51.2,10.9,587.5
2025-03-09 11:00:00,59.6,13.3,574.5
2025-03-09 12:00:00,58.7,15.2,611.0
2025-03-09 13:00:00,45.5,16.3,638.2
2025-03-09 14:00:00,52.8,16.6,472.1
2025-03-09 15:00:00,46.4,18.8,373.4
2025-03-09 16:00:00,61.2,19.7,171.0
2025-03-09 17:00:00,67.9,20.3,31.8
2025-03-09 18:00:00,61.5,19.5,0.0
2025-03-09 19:00:00,69.7,18.6,0.0
2025-03-09 20:00:00,67.3,16.3,0.0
2025-03-09 21:00:00,71.4,15.0,0.0
2025-03-09 22:00:00,72.1,13.5,0.0
2025-03-09 23:00:00,62.0,11.5,0.0
2025-03-10 00:00:00,50.2,10.0,0.0
2025-03-10 01:00:00,57.2,9.9,0.0
2025-03-10 02:00:00,52.5,9.2,0.0
2025-03-10 03:00:00,47.8,10.0,0.0
2025-03-10 04:00:00,39.2,9.2,0.0
2025-03-10 05:00:00,42.7,9.6,0.0
2025-03-10 06:00:00,58.9,9.8,38.5
2025-03-10 07:00:00,48.1,9.8,198.2
2025-03-10 08:00:00,47.3,10.4,371.7
2025-03-10 09:00:00,57.8,11.6,453.2
2025-03-10 10:00:00,55.0,13.1,579.8
2025-03-10 11:00:00,56.8,14.0,602.2
2025-03-10 12:00:00,46.3,14.6,674.3
2025-03-10 13:00:00,49.0,16.5,620.1
2025-03-10 14:00:00,46.4,17.4,520.5
2025-03-10 15:00:00,53.6,17.5,341.6
2025-03-10 16:00:00,61.5,18.1,177.6
2025-03-10 17:00:00,79.6,18.7,25.9
2025-03-10 18:00:00,79.5,18.0,0.0
2025-03-10 19:00:00,77.4,16.9,0.0
2025-03-10 20:00:00,74.5,15.0,0.0
2025-03-10 21:00:00,67.5,13.8,0.0
2025-03-10 22:00:00,66.9,11.8,0.0
2025-03-10 23:00:00,61.4,10.1,0.0
2025-03-11 00:00:00,78.0,9.7,0.0
2025-03-11 01:00:00,86.1,9.6,0.0
2025-03-11 02:00:00,74.7,9.7,0.0
2025-03-11 03:00:00,81.8,10.1,0.0
2025-03-11 04:00:00,89.5,10.3,0.0
2025-03-11 05:00:00,84.7,10.0,0.0
2025-03-11 06:00:00,64.5,11.2,37.2
2025-03-11 07:00:00,58.9,12.3,182.7
2025-03-11 08:00:00,69.1,12.6,270.5
2025-03-11 09:00:00,67.6,14.0,395.2
2025-03-11 10:00:00,58.5,15.2,542.8
2025-03-11 11:00:00,54.4,17.3,617.8
2025-03-11 12:00:00,61.5,18.0,578.4
2025-03-11 13:00:00,65.5,20.0,475.4
2025-03-11 14:00:00,62.6,21.4,422.1
2025-03-11 15:00:00,59.1,23.0,331.8
2025-03-11 16:00:00,55.9,23.1,191.5
2025-03-11 17:00:00,48.7,23.2,45.9
2025-03-11 18:00:00,62.8,22.0,0.0
2025-03-11 19:00:00,59.6,21.1,0.0
2025-03-11 20:00:00,69.1,20.1,0.0
2025-03-11 21:00:00,80.0,19.8,0.0
2025-03-11 22:00:00,85.3,18.3,0.0
2025-03-11 23:00:00,78.6,17.0,0.0
2025-03-12 00:00:00,94.2,15.7,0.0
2025-03-12 01:00:00,91.4,14.8,0.0
2025-03-12 02:00:00,82.0,13.6,0.0
2025-03-12 03:00:00,83.5,13.4,0.0
2025-03-12 04:00:00,72.8,13.3,0.0
2025-03-12 05:00:00,82.3,13.7,0.0
2025-03-12 06:00:00,77.4,14.2,30.4
2025-03-12 07:00:00,78.5,14.1,124.4
2025-03-12 08:00:00,80.1,14.4,214.8
2025-03-12 09:00:00,77.1,15.7,320.6
2025-03-12 10:00:00,81.3,16.6,348.7
2025-03-12 11:00:00,76.5,18.0,419.8
2025-03-12 12:00:00,83.0,18.2,363.9
2025-03-12 13:00:00,71.0,19.9,453.2
2025-03-12 14:00:00,72.2,21.1,352.8
2025-03-12 15:00:00,87.8,21.5,167.1
2025-03-12 16:00:00,78.0,23.2,127.4
2025-03-12 17:00:00,72.0,22.2,35.6
2025-03-12 18:00:00,76.2,22.0,0.0
2025-03-12 19:00:00,77.2,21.0,0.0
2025-03-12 20:00:00,79.5,19.8,0.0
2025-03-12 21:00:00,82.6,18.3,0.0
2025-03-12 22:00:00,86.5,17.0,0.0
2025-03-12 23:00:00,93.7,15.9,0.0
2025-03-13 00:00:00,51.4,13.7,0.0
2025-03-13 01:00:00,46.9,12.7,0.0
2025-03-13 02:00:00,50.2,12.0,0.0
2025-03-13 03:00:00,63.0,11.3,0.0
2025-03-13 04:00:00,57.9,11.7,0.0
2025-03-13 05:00:00,46.7,11.8,0.0
2025-03-13 06:00:00,53.5,11.8,48.0
2025-03-13 07:00:00,49.7,12.1,210.6
2025-03-13 08:00:00,29.9,12.9,434.7
2025-03-13 09:00:00,36.7,14.5,565.0
2025-03-13 10:00:00,31.6,16.1,721.3
2025-03-13 11:00:00,30.6,18.1,765.3
2025-03-13 12:00:00,33.2,18.9,755.0
2025-03-13 13:00:00,34.3,20.3,719.2
2025-03-13 14:00:00,39.4,22.4,585.2
2025-03-13 15:00:00,34.8,23.1,428.3
2025-03-13 16:00:00,38.3,23.6,239.3
2025-03-13 17:00:00,35.2,23.6,56.3
2025-03-13 18:00:00,40.4,22.0,0.0
2025-03-13 19:00:00,44.1,21.0,0.0
2025-03-13 20:00:00,34.9,19.5,0.0
2025-03-13 21:00:00,42.9,17.8,0.0
2025-03-13 22:00:00,37.1,15.6,0.0
2025-03-13 23:00:00,42.6,14.5,0.0
2025-03-14 00:00:00,14.9,12.4,0.0
2025-03-14 01:00:00,27.9,12.7,0.0
2025-03-14 02:00:00,22.9,11.9,0.0
2025-03-14 03:00:00,17.4,10.9,0.0
2025-03-14 04:00:00,15.2,10.8,0.0
2025-03-14 05:00:00,11.0,11.1,0.0
2025-03-14 06:00:00,16.2,13.2,64.5
2025-03-14 07:00:00,1.4,13.8,275.9
2025-03-14 08:00:00,0.0,15.1,473.5
2025-03-14 09:00:00,0.0,16.3,671.0
2025-03-14 10:00:00,0.0,18.0,822.5
2025-03-14 11:00:00,9.1,18.9,865.1
2025-03-14 12:00:00,7.2,19.6,892.8
2025-03-14 13:00:00,5.1,20.5,820.7
2025-03-14 14:00:00,5.1,21.0,677.6
2025-03-14 15:00:00,13.9,20.8,477.3
2025-03-14 16:00:00,4.9,20.5,276.5
2025-03-14 17:00:00,6.3,20.6,68.1
2025-03-14 18:00:00,13.4,19.6,0.0
2025-03-14 19:00:00,15.9,17.8,0.0
2025-03-14 20:00:00,15.6,16.2,0.0
2025-03-14 21:00:00,21.8,14.8,0.0
2025-03-14 22:00:00,0.0,12.3,0.0
2025-03-14 23:00:00,3.4,11.8,0.0
2025-03-15 00:00:00,11.9,11.2,0.0
2025-03-15 01:00:00,0.0,10.8,0.0
2025-03-15 02:00:00,3.8,10.5,0.0
2025-03-15 03:00:00,16.1,9.3,0.0
2025-03-15 04:00:00,14.8,10.3,0.0
2025-03-15 05:00:00,22.4,10.6,0.0
2025-03-15 06:00:00,34.4,11.1,59.9
2025-03-15 07:00:00,42.6,12.0,241.0
2025-03-15 08:00:00,52.3,13.6,363.2
2025-03-15 09:00:00,53.8,15.1,494.2
2025-03-15 10:00:00,49.7,16.9,595.3
2025-03-15 11:00:00,32.7,18.5,779.4
2025-03-15 12:00:00,28.6,19.6,804.6
2025-03-15 13:00:00,20.1,21.0,768.4
2025-03-15 14:00:00,36.9,21.3,575.4
2025-03-15 15:00:00,32.8,22.2,429.3
2025-03-15 16:00:00,31.6,22.8,257.5
2025-03-15 17:00:00,34.0,22.8,62.0
2025-03-15 18:00:00,32.0,20.6,0.0
2025-03-15 19:00:00,43.5,19.6,0.0
2025-03-15 20:00:00,35.1,17.9,0.0
2025-03-15 21:00:00,34.2,16.4,0.0
2025-03-15 22:00:00,25.9,14.3,0.0
2025-03-15 23:00:00,14.0,12.0,0.0
2025-03-16 00:00:00,5.4,11.1,0.0
2025-03-16 01:00:00,5.7,9.9,0.0
2025-03-16 02:00:00,2.9,9.6,0.0
2025-03-16 03:00:00,0.0,9.0,0.0
2025-03-16 04:00:00,0.0,10.0,0.0
2025-03-16 05:00:00,0.0,11.1,0.0
2025-03-16 06:00:00,0.0,12.1,73.1
2025-03-16 07:00:00,0.0,13.2,268.2
2025-03-16 08:00:00,0.0,15.0,492.8
2025-03-16 09:00:00,0.0,16.7,683.7
2025-03-16 10:00:00,0.0,18.3,816.3
2025-03-16 11:00:00,0.0,20.3,896.5
2025-03-16 12:00:00,0.0,22.1,873.7
2025-03-16 13:00:00,1.5,22.3,821.8
2025-03-16 14:00:00,0.0,22.3,668.3
2025-03-16 15:00:00,0.0,22.1,481.5
2025-03-16 16:00:00,0.0,21.1,276.8
2025-03-16 17:00:00,0.0,20.5,70.9
2025-03-16 18:00:00,3.0,19.9,0.0
2025-03-16 19:00:00,0.0,18.6,0.0
2025-03-16 20:00:00,0.0,16.9,0.0
2025-03-16 21:00:00,0.0,15.9,0.0
2025-03-16 22:00:00,3.1,14.4,0.0
2025-03-16 23:00:00,4.2,13.1,0.0
2025-03-17 00:00:00,29.1,12.9,0.0
2025-03-17 01:00:00,27.4,11.8,0.0
2025-03-17 02:00:00,20.9,12.1,0.0
2025-03-17 03:00:00,8.6,11.4,0.0
2025-03-17 04:00:00,0.0,12.4,0.0
2025-03-17 05:00:00,0.0,12.4,0.0
2025-03-17 06:00:00,0.0,13.5,77.8
2025-03-17 07:00:00,0.0,14.3,291.3
2025-03-17 08:00:00,0.0,16.2,494.4
2025-03-17 09:00:00,0.0,17.4,703.7
2025-03-17 10:00:00,0.0,19.1,784.5
2025-03-17 11:00:00,2.2,20.0,874.6
2025-03-17 12:00:00,17.2,21.2,833.5
2025-03-17 13:00:00,24.7,21.5,766.9
2025-03-17 14:00:00,22.0,23.1,630.5
2025-03-17 15:00:00,14.6,23.0,490.5
2025-03-17 16:00:00,0.0,22.3,286.5
2025-03-17 17:00:00,0.0,22.1,75.1
2025-03-17 18:00:00,0.0,20.8,0.0
2025-03-17 19:00:00,0.0,19.5,0.0
2025-03-17 20:00:00,0.0,17.8,0.0
2025-03-17 21:00:00,0.0,15.6,0.0
2025-03-17 22:00:00,0.0,14.0,0.0
2025-03-17 23:00:00,0.0,13.2,0.0
2025-03-18 00:00:00,42.9,13.2,0.0
2025-03-18 01:00:00,48.8,12.4,0.0
2025-03-18 02:00:00,41.8,12.2,0.0
2025-03-18 03:00:00,55.6,11.6,0.0
2025-03-18 04:00:00,55.7,11.6,0.0
2025-03-18 05:00:00,56.7,12.3,0.0
2025-03-18 06:00:00,63.1,12.9,50.2
2025-03-18 07:00:00,64.9,13.2,180.0
2025-03-18 08:00:00,72.3,13.2,272.4
2025-03-18 09:00:00,73.5,13.1,368.5
2025-03-18 10:00:00,67.3,14.8,492.8
2025-03-18 11:00:00,69.6,16.1,514.2
2025-03-18 12:00:00,59.7,18.1,606.7
2025-03-18 13:00:00,60.9,19.0,553.3
2025-03-18 14:00:00,60.9,19.6,457.8
2025-03-18 15:00:00,59.5,20.4,343.3
2025-03-18 16:00:00,58.8,21.3,203.9
2025-03-18 17:00:00,44.3,21.2,62.9
2025-03-18 18:00:00,42.1,20.9,0.0
2025-03-18 19:00:00,45.3,19.2,0.0
2025-03-18 20:00:00,48.7,17.7,0.0
2025-03-18 21:00:00,42.2,16.0,0.0
2025-03-18 22:00:00,54.8,15.3,0.0
2025-03-18 23:00:00,48.8,13.9,0.0
2025-03-19 00:00:00,55.4,13.7,0.0
2025-03-19 01:00:00,59.4,12.1,0.0
2025-03-19 02:00:00,54.3,11.4,0.0
2025-03-19 03:00:00,69.2,11.5,0.0
2025-03-19 04:00:00,58.5,11.8,0.0
2025-03-19 05:00:00,66.0,12.1,0.0
2025-03-19 06:00:00,73.3,13.6,43.4
2025-03-19 07:00:00,66.4,13.9,179.9
2025-03-19 08:00:00,76.7,13.8,250.7
2025-03-19 09:00:00,72.7,14.8,368.9
2025-03-19 10:00:00,73.5,15.6,446.1
2025-03-19 11:00:00,74.0,18.2,449.3
2025-03-19 12:00:00,71.2,20.0,491.3
2025-03-19 13:00:00,76.3,20.9,411.7
2025-03-19 14:00:00,80.7,21.7,307.8
2025-03-19 15:00:00,64.2,23.3,328.0
2025-03-19 16:00:00,74.2,24.1,156.9
2025-03-19 17:00:00,59.2,22.7,55.1
2025-03-19 18:00:00,67.5,22.5,0.0
2025-03-19 19:00:00,75.6,21.3,0.0
2025-03-19 20:00:00,65.0,19.0,0.0
2025-03-19 21:00:00,61.1,17.8,0.0
2025-03-19 22:00:00,52.2,17.2,0.0
2025-03-19 23:00:00,51.4,15.9,0.0
2025-03-20 00:00:00,15.6,14.7,0.0
2025-03-20 01:00:00,23.1,14.6,0.0
2025-03-20 02:00:00,33.9,13.6,0.0
2025-03-20 03:00:00,44.1,12.5,0.0
2025-03-20 04:00:00,37.4,12.8,0.0
2025-03-20 05:00:00,34.3,13.2,0.0
2025-03-20 06:00:00,19.8,13.0,79.7
2025-03-20 07:00:00,14.0,13.9,290.4
2025-03-20 08:00:00,23.2,15.4,482.5
2025-03-20 09:00:00,36.4,16.3,593.6
2025-03-20 10:00:00,25.2,17.5,786.1
2025-03-20 11:00:00,20.5,18.9,850.5
2025-03-20 12:00:00,20.9,20.1,839.1
2025-03-20 13:00:00,23.8,20.0,778.7
2025-03-20 14:00:00,17.5,20.9,694.5
2025-03-20 15:00:00,21.9,20.5,486.1
2025-03-20 16:00:00,18.5,21.0,283.8
2025-03-20 17:00:00,19.3,19.8,78.2
2025-03-20 18:00:00,24.4,19.7,0.0
2025-03-20 19:00:00,24.6,18.3,0.0
2025-03-20 20:00:00,21.3,16.6,0.0
2025-03-20 21:00:00,20.9,15.2,0.0
2025-03-20 22:00:00,20.8,13.3,0.0
2025-03-20 23:00:00,18.4,12.0,0.0
2025-03-21 00:00:00,21.3,10.7,0.0
2025-03-21 01:00:00,35.1,9.7,0.0
2025-03-21 02:00:00,38.9,9.5,0.0
2025-03-21 03:00:00,35.4,8.7,0.0
2025-03-21 04:00:00,40.3,8.4,0.0
2025-03-21 05:00:00,36.4,9.2,0.0
2025-03-21 06:00:00,45.0,10.1,71.4
2025-03-21 07:00:00,46.1,11.0,231.5
2025-03-21 08:00:00,43.3,12.3,425.9
2025-03-21 09:00:00,45.2,13.5,559.8
2025-03-21 10:00:00,30.8,15.6,761.1
2025-03-21 11:00:00,21.7,17.3,868.8
2025-03-21 12:00:00,13.1,17.9,882.5
2025-03-21 13:00:00,16.2,18.0,794.7
2025-03-21 14:00:00,31.7,19.5,634.2
2025-03-21 15:00:00,49.3,19.8,395.2
2025-03-21 16:00:00,52.1,20.7,220.7
2025-03-21 17:00:00,53.4,20.6,62.8
2025-03-21 18:00:00,36.1,19.8,0.0
2025-03-21 19:00:00,31.0,18.3,0.0
2025-03-21 20:00:00,24.6,18.0,0.0
2025-03-21 21:00:00,20.2,16.6,0.0
2025-03-21 22:00:00,20.0,14.7,0.0
2025-03-21 23:00:00,17.4,12.4,0.0
2025-03-22 00:00:00,2.7,12.1,0.0
2025-03-22 01:00:00,11.9,11.2,0.0
2025-03-22 02:00:00,5.4,10.9,0.0
2025-03-22 03:00:00,10.2,11.2,0.0
2025-03-22 04:00:00,29.1,11.4,0.0
2025-03-22 05:00:00,21.8,12.2,0.0
2025-03-22 06:00:00,2.4,12.5,86.8
2025-03-22 07:00:00,3.4,13.2,302.1
2025-03-22 08:00:00,15.3,15.0,514.9
2025-03-22 09:00:00,32.7,15.9,617.2
2025-03-22 10:00:00,22.4,17.8,779.6
2025-03-22 11:00:00,27.2,19.2,847.5
2025-03-22 12:00:00,23.8,20.8,866.3
2025-03-22 13:00:00,23.6,21.1,781.7
2025-03-22 14:00:00,45.5,21.0,568.9
2025-03-22 15:00:00,31.5,21.6,454.1
2025-03-22 16:00:00,33.3,21.4,277.2
2025-03-22 17:00:00,36.5,21.4,81.2
2025-03-22 18:00:00,44.4,21.5,0.0
2025-03-22 19:00:00,43.4,20.9,0.0
2025-03-22 20:00:00,44.1,19.2,0.0
2025-03-22 21:00:00,39.2,17.7,0.0
2025-03-22 22:00:00,40.2,16.3,0.0
2025-03-22 23:00:00,36.2,15.1,0.0
2025-03-23 00:00:00,28.0,13.4,0.0
2025-03-23 01:00:00,23.7,13.2,0.0
2025-03-23 02:00:00,26.0,13.0,0.0
2025-03-23 03:00:00,24.6,13.2,0.0
2025-03-23 04:00:00,32.7,14.0,0.0
2025-03-23 05:00:00,30.5,14.7,0.0
2025-03-23 06:00:00,14.7,14.6,92.4
2025-03-23 07:00:00,25.0,15.5,298.9
2025-03-23 08:00:00,16.8,15.8,489.0
2025-03-23 09:00:00,11.6,17.5,665.4
2025-03-23 10:00:00,7.5,19.0,827.1
2025-03-23 11:00:00,19.7,19.9,841.6
2025-03-23 12:00:00,2.3,22.3,907.9
2025-03-23 13:00:00,29.1,22.1,774.6
2025-03-23 14:00:00,36.1,22.5,630.0
2025-03-23 15:00:00,35.6,23.0,456.0
2025-03-23 16:00:00,33.0,22.2,272.2
2025-03-23 17:00:00,33.3,21.9,78.9
2025-03-23 18:00:00,35.6,20.0,0.0
2025-03-23 19:00:00,38.5,18.5,0.0
2025-03-23 20:00:00,40.4,17.6,0.0
2025-03-23 21:00:00,38.3,16.3,0.0
2025-03-23 22:00:00,34.2,14.4,0.0
2025-03-23 23:00:00,30.9,13.0,0.0
2025-03-24 00:00:00,62.5,11.9,0.0
2025-03-24 01:00:00,70.3,11.1,0.0
2025-03-24 02:00:00,72.8,12.1,0.0
2025-03-24 03:00:00,46.8,12.4,0.0
2025-03-24 04:00:00,52.7,12.7,0.0
2025-03-24 05:00:00,54.1,13.3,0.0
2025-03-24 06:00:00,53.7,13.4,68.6
2025-03-24 07:00:00,50.4,13.5,221.3
2025-03-24 08:00:00,59.6,14.5,365.5
2025-03-24 09:00:00,66.2,15.0,422.8
2025-03-24 10:00:00,58.3,16.9,575.3
2025-03-24 11:00:00,60.8,18.8,588.7
2025-03-24 12:00:00,52.0,20.4,694.5
2025-03-24 13:00:00,40.9,21.9,705.3
2025-03-24 14:00:00,37.2,21.9,599.7
2025-03-24 15:00:00,45.9,22.7,415.1
2025-03-24 16:00:00,54.2,22.3,233.8
2025-03-24 17:00:00,58.0,22.2,66.1
2025-03-24 18:00:00,63.1,22.2,0.0
2025-03-24 19:00:00,65.9,21.5,0.0
2025-03-24 20:00:00,59.1,19.7,0.0
2025-03-24 21:00:00,61.7,17.9,0.0
2025-03-24 22:00:00,66.9,16.1,0.0
2025-03-24 23:00:00,71.1,14.1,0.0
2025-03-25 00:00:00,100.0,13.1,0.0
2025-03-25 01:00:00,100.0,11.4,0.0
2025-03-25 02:00:00,100.0,11.2,0.0
2025-03-25 03:00:00,100.0,11.3,0.0
2025-03-25 04:00:00,100.0,11.8,0.0
2025-03-25 05:00:00,97.7,11.9,0.0
2025-03-25 06:00:00,94.2,11.6,26.1
2025-03-25 07:00:00,86.4,11.9,114.0
2025-03-25 08:00:00,80.1,12.6,241.9
2025-03-25 09:00:00,78.9,13.4,333.4
2025-03-25 10:00:00,72.5,14.6,453.6
2025-03-25 11:00:00,70.9,16.8,527.5
2025-03-25 12:00:00,56.7,18.8,665.1
2025-03-25 13:00:00,61.1,20.8,569.9
2025-03-25 14:00:00,63.3,22.3,427.7
2025-03-25 15:00:00,58.6,23.9,373.7
2025-03-25 16:00:00,66.4,23.7,193.9
2025-03-25 17:00:00,75.4,24.2,51.8
2025-03-25 18:00:00,63.0,23.3,0.0
2025-03-25 19:00:00,58.8,21.1,0.0
2025-03-25 20:00:00,55.1,20.3,0.0
2025-03-25 21:00:00,50.4,18.5,0.0
2025-03-25 22:00:00,60.5,16.5,0.0
2025-03-25 23:00:00,61.2,14.8,0.0
2025-03-26 00:00:00,31.4,12.9,0.0
2025-03-26 01:00:00,17.5,11.4,0.0
2025-03-26 02:00:00,26.4,10.8,0.0
2025-03-26 03:00:00,19.2,11.4,0.0
2025-03-26 04:00:00,23.3,11.3,0.0
2025-03-26 05:00:00,28.6,12.9,0.0
2025-03-26 06:00:00,42.0,14.1,82.6
2025-03-26 07:00:00,32.4,15.0,287.7
2025-03-26 08:00:00,10.3,16.7,540.3
2025-03-26 09:00:00,16.4,18.0,704.8
2025-03-26 10:00:00,34.7,19.4,760.7
2025-03-26 11:00:00,46.4,20.6,728.6
2025-03-26 12:00:00,48.4,20.8,689.9
2025-03-26 13:00:00,44.6,22.1,679.6
2025-03-26 14:00:00,51.6,23.1,533.8
2025-03-26 15:00:00,43.5,23.7,429.4
2025-03-26 16:00:00,48.0,23.9,248.2
2025-03-26 17:00:00,52.2,23.6,76.1
2025-03-26 18:00:00,60.3,22.4,0.0
2025-03-26 19:00:00,81.1,20.7,0.0
2025-03-26 20:00:00,80.4,18.4,0.0
2025-03-26 21:00:00,72.6,17.2,0.0
2025-03-26 22:00:00,69.6,14.4,0.0
2025-03-26 23:00:00,53.0,12.4,0.0
2025-03-27 00:00:00,29.8,10.7,0.0
2025-03-27 01:00:00,26.8,9.7,0.0
2025-03-27 02:00:00,23.2,8.3,0.0
2025-03-27 03:00:00,25.5,8.5,0.0
2025-03-27 04:00:00,19.7,8.1,0.0
2025-03-27 05:00:00,30.2,9.6,0.0
2025-03-27 06:00:00,30.4,10.1,93.0
2025-03-27 07:00:00,30.5,11.1,289.5
2025-03-27 08:00:00,28.1,12.4,483.6
2025-03-27 09:00:00,29.8,13.9,658.2
2025-03-27 10:00:00,36.7,15.2,726.5
2025-03-27 11:00:00,29.2,16.7,843.8
2025-03-27 12:00:00,24.3,18.4,861.5
2025-03-27 13:00:00,22.8,19.8,806.7
2025-03-27 14:00:00,13.1,20.5,696.6
2025-03-27 15:00:00,8.8,21.2,525.4
2025-03-27 16:00:00,7.8,21.8,318.5
2025-03-27 17:00:00,17.7,21.7,100.7
2025-03-27 18:00:00,21.5,21.5,0.0
2025-03-27 19:00:00,24.3,20.4,0.0
2025-03-27 20:00:00,32.1,18.6,0.0
2025-03-27 21:00:00,31.0,16.6,0.0
2025-03-27 22:00:00,34.2,15.3,0.0
2025-03-27 23:00:00,33.1,14.4,0.0
2025-03-28 00:00:00,31.0,14.6,0.0
2025-03-28 01:00:00,25.9,14.0,0.0
2025-03-28 02:00:00,6.7,12.5,0.0
2025-03-28 03:00:00,8.1,11.9,0.0
2025-03-28 04:00:00,21.9,13.4,0.0
2025-03-28 05:00:00,30.0,13.9,0.0
2025-03-28 06:00:00,37.5,14.6,94.5
2025-03-28 07:00:00,46.2,14.8,259.1
2025-03-28 08:00:00,44.7,16.5,429.4
2025-03-28 09:00:00,44.3,17.9,582.0
2025-03-28 10:00:00,37.4,18.9,760.3
2025-03-28 11:00:00,33.7,19.8,814.9
2025-03-28 12:00:00,37.9,21.0,782.6
2025-03-28 13:00:00,46.4,21.8,670.1
2025-03-28 14:00:00,43.0,23.1,585.6
2025-03-28 15:00:00,37.6,24.0,456.5
2025-03-28 16:00:00,36.4,24.0,273.6
2025-03-28 17:00:00,40.2,23.6,87.9
2025-03-28 18:00:00,27.2,22.6,0.0
2025-03-28 19:00:00,8.9,20.8,0.0
2025-03-28 20:00:00,6.8,19.2,0.0
2025-03-28 21:00:00,0.0,17.5,0.0
2025-03-28 22:00:00,0.0,15.5,0.0
2025-03-28 23:00:00,1.2,14.4,0.0
2025-03-29 00:00:00,0.0,13.1,0.0
2025-03-29 01:00:00,0.0,11.7,0.0
2025-03-29 02:00:00,0.0,11.0,0.0
2025-03-29 03:00:00,0.0,10.9,0.0
2025-03-29 04:00:00,0.0,11.2,0.0
2025-03-29 05:00:00,0.0,12.0,0.0
2025-03-29 06:00:00,0.0,13.4,107.9
2025-03-29 07:00:00,0.0,15.3,322.0
2025-03-29 08:00:00,1.5,16.8,544.4
2025-03-29 09:00:00,0.0,17.8,706.0
2025-03-29 10:00:00,0.0,19.2,876.0
2025-03-29 11:00:00,0.0,20.1,919.5
2025-03-29 12:00:00,0.0,22.2,926.6
2025-03-29 13:00:00,0.0,24.1,836.0
2025-03-29 14:00:00,0.0,25.0,724.9
2025-03-29 15:00:00,0.0,25.5,537.6
2025-03-29 16:00:00,0.0,25.3,326.7
2025-03-29 17:00:00,0.0,24.8,112.9
2025-03-29 18:00:00,0.0,22.9,0.0
2025-03-29 19:00:00,0.0,21.6,0.0
2025-03-29 20:00:00,0.0,19.6,0.0
2025-03-29 21:00:00,0.0,18.2,0.0
2025-03-29 22:00:00,0.0,16.6,0.0
2025-03-29 23:00:00,0.0,16.1,0.0
2025-03-30 00:00:00,0.0,15.3,0.0
2025-03-30 01:00:00,0.0,14.4,0.0
2025-03-30 02:00:00,0.0,13.6,0.0
2025-03-30 03:00:00,0.0,14.1,0.0
2025-03-30 04:00:00,0.0,14.2,0.0
2025-03-30 05:00:00,0.0,14.8,0.0
2025-03-30 06:00:00,0.0,15.7,109.5
2025-03-30 07:00:00,0.0,16.6,324.3
2025-03-30 08:00:00,0.0,17.9,535.2
2025-03-30 09:00:00,0.0,18.4,717.8
2025-03-30 10:00:00,0.0,19.1,854.0
2025-03-30 11:00:00,0.0,20.8,937.3
2025-03-30 12:00:00,0.0,22.8,948.9
2025-03-30 13:00:00,2.9,23.8,879.7
2025-03-30 14:00:00,0.0,24.0,716.2
2025-03-30 15:00:00,3.0,23.4,534.5
2025-03-30 16:00:00,8.4,23.6,335.6
2025-03-30 17:00:00,13.2,22.9,111.6
2025-03-30 18:00:00,15.2,22.4,0.0
2025-03-30 19:00:00,13.6,21.3,0.0
2025-03-30 20:00:00,17.4,20.1,0.0
2025-03-30 21:00:00,20.2,18.5,0.0
2025-03-30 22:00:00,15.0,17.1,0.0
2025-03-30 23:00:00,8.7,15.4,0.0
2025-03-31 00:00:00,54.6,14.7,0.0
2025-03-31 01:00:00,66.0,13.4,0.0
2025-03-31 02:00:00,53.8,11.4,0.0
2025-03-31 03:00:00,41.2,11.0,0.0
2025-03-31 04:00:00,43.2,12.0,0.0
2025-03-31 05:00:00,44.0,13.0,0.0
2025-03-31 06:00:00,45.7,13.8,89.5
2025-03-31 07:00:00,47.8,14.1,263.8
2025-03-31 08:00:00,45.9,15.5,436.4
2025-03-31 09:00:00,57.9,16.3,490.0
2025-03-31 10:00:00,43.7,18.7,693.9
2025-03-31 11:00:00,37.5,19.7,810.2
2025-03-31 12:00:00,37.7,20.5,794.8
2025-03-31 13:00:00,25.7,21.6,792.9
2025-03-31 14:00:00,26.8,21.6,674.6
2025-03-31 15:00:00,42.5,21.4,454.6
2025-03-31 16:00:00,43.1,21.8,265.4
2025-03-31 17:00:00,45.4,21.4,93.6
2025-03-31 18:00:00,35.5,18.8,0.0
2025-03-31 19:00:00,31.9,18.3,0.0
2025-03-31 20:00:00,30.7,16.1,0.0
2025-03-31 21:00:00,30.0,15.0,0.0
2025-03-31 22:00:00,42.3,13.8,0.0
2025-03-31 23:00:00,47.3,13.6,0.0
2025-04-01 00:00:00,42.1,13.1,0.0
2025-04-01 01:00:00,45.1,12.0,0.0
2025-04-01 02:00:00,49.7,11.1,0.0
2025-04-01 03:00:00,58.9,11.9,0.0
2025-04-01 04:00:00,70.6,11.6,0.0
2025-04-01 05:00:00,60.0,12.2,0.0
2025-04-01 06:00:00,52.4,12.6,86.5
2025-04-01 07:00:00,42.1,13.2,275.5
2025-04-01 08:00:00,41.3,14.4,449.4
2025-04-01 09:00:00,46.1,15.6,583.0
2025-04-01 10:00:00,54.5,16.9,624.8
2025-04-01 11:00:00,53.4,18.3,715.9
2025-04-01 12:00:00,50.5,19.9,697.5
2025-04-01 13:00:00,51.7,21.0,653.0
2025-04-01 14:00:00,44.9,21.8,595.3
2025-04-01 15:00:00,62.3,22.2,350.5
2025-04-01 16:00:00,48.0,22.4,266.4
2025-04-01 17:00:00,49.8,22.1,89.8
2025-04-01 18:00:00,66.1,21.7,0.0
2025-04-01 19:00:00,64.2,20.4,0.0
2025-04-01 20:00:00,61.1,19.0,0.0
2025-04-01 21:00:00,56.9,17.9,0.0
2025-04-01 22:00:00,54.7,16.1,0.0
2025-04-01 23:00:00,65.2,14.9,0.0
2025-04-02 00:00:00,33.7,13.5,0.0
2025-04-02 01:00:00,46.6,12.5,0.0
2025-04-02 02:00:00,34.2,11.8,0.0
2025-04-02 03:00:00,32.6,12.1,0.0
2025-04-02 04:00:00,29.9,12.4,0.0
2025-04-02 05:00:00,35.6,13.2,0.0
2025-04-02 06:00:00,23.2,13.4,112.3
2025-04-02 07:00:00,28.7,15.3,316.5
2025-04-02 08:00:00,46.1,15.8,448.8
2025-04-02 09:00:00,34.3,16.4,654.1
2025-04-02 10:00:00,36.3,18.2,746.6
2025-04-02 11:00:00,31.2,19.6,845.0
2025-04-02 12:00:00,35.5,20.6,787.3
2025-04-02 13:00:00,36.0,21.4,761.8
2025-04-02 14:00:00,31.2,23.3,668.4
2025-04-02 15:00:00,36.0,23.8,483.2
2025-04-02 16:00:00,50.7,24.2,242.2
2025-04-02 17:00:00,47.7,24.2,92.4
2025-04-02 18:00:00,52.4,23.9,0.0
2025-04-02 19:00:00,40.4,23.1,0.0
2025-04-02 20:00:00,32.5,21.3,0.0
2025-04-02 21:00:00,37.0,19.0,0.0
2025-04-02 22:00:00,49.0,18.1,0.0
2025-04-02 23:00:00,50.6,16.9,0.0
2025-04-03 00:00:00,57.4,15.9,0.0
2025-04-03 01:00:00,56.4,15.1,0.0
2025-04-03 02:00:00,45.5,14.1,0.0
2025-04-03 03:00:00,50.8,13.9,0.0
2025-04-03 04:00:00,57.7,14.1,0.0
2025-04-03 05:00:00,53.0,14.3,0.0
2025-04-03 06:00:00,48.8,15.3,94.0
2025-04-03 07:00:00,51.0,15.2,260.3
2025-04-03 08:00:00,47.3,17.3,445.1
2025-04-03 09:00:00,47.0,18.8,578.3
2025-04-03 10:00:00,64.0,18.5,565.9
2025-04-03 11:00:00,60.3,19.7,638.6
2025-04-03 12:00:00,56.1,21.0,640.3
2025-04-03 13:00:00,50.1,22.5,672.4
2025-04-03 14:00:00,55.9,22.7,523.7
2025-04-03 15:00:00,53.7,23.5,412.4
2025-04-03 16:00:00,47.9,23.8,273.0
2025-04-03 17:00:00,58.7,23.5,85.2
2025-04-03 18:00:00,68.9,22.8,0.0
2025-04-03 19:00:00,61.7,21.9,0.0
2025-04-03 20:00:00,45.3,19.4,0.0
2025-04-03 21:00:00,53.8,18.2,0.0
2025-04-03 22:00:00,47.8,17.0,0.0
2025-04-03 23:00:00,54.3,15.6,0.0
2025-04-04 00:00:00,16.4,14.0,0.0
2025-04-04 01:00:00,24.9,13.7,0.0
2025-04-04 02:00:00,15.5,12.6,0.0
2025-04-04 03:00:00,22.8,12.2,0.0
2025-04-04 04:00:00,23.5,12.2,0.0
2025-04-04 05:00:00,16.4,13.3,0.0
2025-04-04 06:00:00,14.5,14.8,125.3
2025-04-04 07:00:00,21.5,15.1,326.0
2025-04-04 08:00:00,23.1,16.8,515.1
2025-04-04 09:00:00,28.3,18.4,687.4
2025-04-04 10:00:00,44.1,20.0,729.2
2025-04-04 11:00:00,29.6,21.9,874.9
2025-04-04 12:00:00,42.3,22.6,800.5
2025-04-04 13:00:00,41.4,24.2,728.0
2025-04-04 14:00:00,32.5,25.5,657.5
2025-04-04 15:00:00,21.3,27.2,524.2
2025-04-04 16:00:00,20.6,27.6,328.8
2025-04-04 17:00:00,28.8,27.2,115.4
2025-04-04 18:00:00,27.6,25.7,0.0
2025-04-04 19:00:00,39.7,24.2,0.0
2025-04-04 20:00:00,26.7,21.7,0.0
2025-04-04 21:00:00,26.7,20.0,0.0
2025-04-04 22:00:00,16.8,18.7,0.0
2025-04-04 23:00:00,21.0,17.2,0.0
2025-04-05 00:00:00,3.9,16.3,0.0
2025-04-05 01:00:00,0.3,15.4,0.0
2025-04-05 02:00:00,0.0,14.4,0.0
2025-04-05 03:00:00,0.0,14.2,0.0
2025-04-05 04:00:00,0.0,14.5,0.0
2025-04-05 05:00:00,0.0,15.1,0.0
2025-04-05 06:00:00,5.4,16.1,130.8
2025-04-05 07:00:00,0.0,16.8,355.1
2025-04-05 08:00:00,2.7,17.9,564.2
2025-04-05 09:00:00,12.2,20.3,757.1
2025-04-05 10:00:00,0.0,22.7,885.3
2025-04-05 11:00:00,0.1,23.2,924.9
2025-04-05 12:00:00,0.0,23.2,958.8
2025-04-05 13:00:00,0.0,24.2,885.8
2025-04-05 14:00:00,0.0,25.2,738.5
2025-04-05 15:00:00,0.0,25.1,569.9
2025-04-05 16:00:00,0.0,25.4,337.0
2025-04-05 17:00:00,0.0,24.7,131.9
2025-04-05 18:00:00,0.0,23.6,0.0
2025-04-05 19:00:00,0.0,22.7,0.0
2025-04-05 20:00:00,0.0,20.9,0.0
2025-04-05 21:00:00,0.0,19.2,0.0
2025-04-05 22:00:00,0.0,17.9,0.0
2025-04-05 23:00:00,0.0,16.4,0.0
2025-04-06 00:00:00,14.6,16.5,0.0
2025-04-06 01:00:00,11.8,15.7,0.0
2025-04-06 02:00:00,24.3,15.5,0.0
2025-04-06 03:00:00,17.9,15.1,0.0
2025-04-06 04:00:00,16.4,15.6,0.0
2025-04-06 05:00:00,22.5,16.0,0.0
2025-04-06 06:00:00,30.4,16.8,122.9
2025-04-06 07:00:00,29.1,17.1,316.6
2025-04-06 08:00:00,25.2,18.8,525.7
2025-04-06 09:00:00,38.0,19.8,670.6
2025-04-06 10:00:00,51.7,21.5,682.4
2025-04-06 11:00:00,57.7,23.6,641.6
2025-04-06 12:00:00,55.8,25.1,686.1
2025-04-06 13:00:00,47.0,26.4,698.1
2025-04-06 14:00:00,39.1,26.8,647.5
2025-04-06 15:00:00,43.0,27.6,457.9
2025-04-06 16:00:00,45.5,27.7,277.1
2025-04-06 17:00:00,55.7,27.8,93.1
2025-04-06 18:00:00,58.5,28.1,0.0
2025-04-06 19:00:00,43.9,26.0,0.0
2025-04-06 20:00:00,51.4,24.0,0.0
2025-04-06 21:00:00,41.6,22.0,0.0
2025-04-06 22:00:00,37.9,20.7,0.0
2025-04-06 23:00:00,39.7,19.4,0.0
2025-04-07 00:00:00,81.7,18.4,0.0
2025-04-07 01:00:00,100.0,17.9,0.0
2025-04-07 02:00:00,100.0,16.6,0.0
2025-04-07 03:00:00,97.8,15.8,0.0
2025-04-07 04:00:00,97.9,15.9,0.0
2025-04-07 05:00:00,100.0,16.2,0.0
2025-04-07 06:00:00,93.7,16.5,36.0
2025-04-07 07:00:00,100.0,16.7,61.8
2025-04-07 08:00:00,100.0,17.8,100.2
2025-04-07 09:00:00,100.0,18.3,135.8
2025-04-07 10:00:00,100.0,19.0,157.6
2025-04-07 11:00:00,100.0,20.6,173.1
2025-04-07 12:00:00,100.0,21.7,170.5
2025-04-07 13:00:00,92.7,23.9,247.2
2025-04-07 14:00:00,84.6,25.4,289.3
2025-04-07 15:00:00,73.2,25.2,312.6
2025-04-07 16:00:00,75.5,26.3,182.5
2025-04-07 17:00:00,80.2,27.0,62.6
2025-04-07 18:00:00,81.8,27.1,0.0
2025-04-07 19:00:00,92.9,25.0,0.0
2025-04-07 20:00:00,89.3,23.0,0.0
2025-04-07 21:00:00,91.4,21.2,0.0
2025-04-07 22:00:00,79.3,18.9,0.0
2025-04-07 23:00:00,74.2,18.3,0.0
2025-04-08 00:00:00,68.3,17.0,0.0
2025-04-08 01:00:00,73.2,16.1,0.0
2025-04-08 02:00:00,68.4,15.6,0.0
2025-04-08 03:00:00,66.0,15.6,0.0
2025-04-08 04:00:00,52.2,13.8,0.0
2025-04-08 05:00:00,49.4,14.1,0.0
2025-04-08 06:00:00,57.0,13.9,95.5
2025-04-08 07:00:00,61.1,14.7,239.7
2025-04-08 08:00:00,64.1,15.3,352.2
2025-04-08 09:00:00,63.1,16.4,487.4
2025-04-08 10:00:00,61.9,16.6,588.9
2025-04-08 11:00:00,55.5,18.0,684.9
2025-04-08 12:00:00,60.8,19.7,643.7
2025-04-08 13:00:00,63.2,21.5,559.3
2025-04-08 14:00:00,65.9,22.8,454.7
2025-04-08 15:00:00,60.1,23.1,386.5
2025-04-08 16:00:00,42.0,24.3,300.1
2025-04-08 17:00:00,52.1,24.6,98.9
2025-04-08 18:00:00,48.3,24.1,0.0
2025-04-08 19:00:00,41.9,21.7,0.0
2025-04-08 20:00:00,48.8,20.9,0.0
2025-04-08 21:00:00,46.1,19.0,0.0
2025-04-08 22:00:00,55.4,17.8,0.0
2025-04-08 23:00:00,60.0,16.5,0.0
2025-04-09 00:00:00,73.8,16.4,0.0
2025-04-09 01:00:00,61.5,15.2,0.0
2025-04-09 02:00:00,71.2,14.7,0.0
2025-04-09 03:00:00,72.2,15.3,0.0
2025-04-09 04:00:00,68.0,15.0,0.0
2025-04-09 05:00:00,68.5,16.0,0.0
2025-04-09 06:00:00,53.5,16.1,105.3
2025-04-09 07:00:00,57.8,16.1,255.1
2025-04-09 08:00:00,50.0,17.0,443.5
2025-04-09 09:00:00,40.6,18.7,637.1
2025-04-09 10:00:00,31.0,20.9,814.7
2025-04-09 11:00:00,43.6,22.5,791.0
2025-04-09 12:00:00,40.8,23.6,823.1
2025-04-09 13:00:00,55.6,23.6,650.0
2025-04-09 14:00:00,52.1,24.4,555.2
2025-04-09 15:00:00,39.6,24.7,475.8
2025-04-09 16:00:00,33.4,24.8,314.9
2025-04-09 17:00:00,46.7,24.5,113.3
2025-04-09 18:00:00,47.3,24.4,0.0
2025-04-09 19:00:00,44.7,22.0,0.0
2025-04-09 20:00:00,48.0,20.3,0.0
2025-04-09 21:00:00,53.7,18.5,0.0
2025-04-09 22:00:00,63.6,17.8,0.0
2025-04-09 23:00:00,75.0,16.0,0.0
2025-04-10 00:00:00,62.3,14.9,0.0
2025-04-10 01:00:00,50.6,13.7,0.0
2025-04-10 02:00:00,47.7,13.7,0.0
2025-04-10 03:00:00,50.5,13.8,0.0
2025-04-10 04:00:00,43.2,14.0,0.0
2025-04-10 05:00:00,36.8,14.2,0.0
2025-04-10 06:00:00,41.5,13.9,115.9
2025-04-10 07:00:00,42.6,14.8,307.3
2025-04-10 08:00:00,44.2,16.1,480.3
2025-04-10 09:00:00,39.3,16.7,657.4
2025-04-10 10:00:00,39.2,17.4,749.1
2025-04-10 11:00:00,33.5,19.2,861.3
2025-04-10 12:00:00,43.0,20.4,772.4
2025-04-10 13:00:00,52.6,20.7,676.8
2025-04-10 14:00:00,38.0,21.8,651.6
2025-04-10 15:00:00,32.4,21.7,511.6
2025-04-10 16:00:00,23.0,22.7,333.8
2025-04-10 17:00:00,21.5,21.9,129.0
2025-04-10 18:00:00,24.7,21.6,0.0
2025-04-10 19:00:00,16.5,20.3,0.0
2025-04-10 20:00:00,13.6,19.6,0.0
2025-04-10 21:00:00,10.4,17.6,0.0
2025-04-10 22:00:00,17.3,16.3,0.0
2025-04-10 23:00:00,22.2,14.2,0.0
2025-04-11 00:00:00,0.0,11.9,0.0
2025-04-11 01:00:00,0.0,11.4,0.0
2025-04-11 02:00:00,0.0,10.1,0.0
2025-04-11 03:00:00,0.0,9.9,0.0
2025-04-11 04:00:00,0.0,10.8,0.0
2025-04-11 05:00:00,5.2,12.0,0.0
2025-04-11 06:00:00,0.0,12.7,142.1
2025-04-11 07:00:00,2.5,13.2,372.8
2025-04-11 08:00:00,9.2,14.9,573.3
2025-04-11 09:00:00,0.0,17.4,763.1
2025-04-11 10:00:00,6.5,18.6,909.1
2025-04-11 11:00:00,18.5,19.3,936.9
2025-04-11 12:00:00,7.8,20.7,937.9
2025-04-11 13:00:00,0.0,22.4,892.7
2025-04-11 14:00:00,8.7,23.5,767.1
2025-04-11 15:00:00,10.3,23.2,578.9
2025-04-11 16:00:00,14.0,22.4,359.3
2025-04-11 17:00:00,15.5,23.3,144.3
2025-04-11 18:00:00,17.3,22.5,0.0
2025-04-11 19:00:00,5.1,21.3,0.0
2025-04-11 20:00:00,13.4,19.7,0.0
2025-04-11 21:00:00,21.6,18.6,0.0
2025-04-11 22:00:00,17.7,17.5,0.0
2025-04-11 23:00:00,15.7,16.2,0.0
2025-04-12 00:00:00,0.0,15.8,0.0
2025-04-12 01:00:00,0.0,14.6,0.0
2025-04-12 02:00:00,4.2,14.0,0.0
2025-04-12 03:00:00,2.9,13.8,0.0
2025-04-12 04:00:00,11.3,14.4,0.0
2025-04-12 05:00:00,7.0,15.0,0.0
2025-04-12 06:00:00,10.4,15.3,146.0
2025-04-12 07:00:00,0.7,16.6,366.9
2025-04-12 08:00:00,0.2,17.9,580.5
2025-04-12 09:00:00,0.0,19.1,758.1
2025-04-12 10:00:00,0.2,20.7,894.9
2025-04-12 11:00:00,0.0,21.7,987.9
2025-04-12 12:00:00,0.0,22.4,934.2
2025-04-12 13:00:00,2.8,22.1,932.0
2025-04-12 14:00:00,0.0,23.7,775.0
2025-04-12 15:00:00,0.0,24.3,583.3
2025-04-12 16:00:00,1.1,24.1,375.6
2025-04-12 17:00:00,11.7,23.3,141.7
2025-04-12 18:00:00,0.0,20.9,0.0
2025-04-12 19:00:00,5.0,19.5,0.0
2025-04-12 20:00:00,0.1,18.5,0.0
2025-04-12 21:00:00,1.9,17.6,0.0
2025-04-12 22:00:00,3.7,16.5,0.0
2025-04-12 23:00:00,1.1,15.2,0.0
2025-04-13 00:00:00,23.5,15.2,0.0
2025-04-13 01:00:00,18.4,14.0,0.0
2025-04-13 02:00:00,12.1,13.9,0.0
2025-04-13 03:00:00,7.2,13.4,0.0
2025-04-13 04:00:00,9.0,13.2,0.0
2025-04-13 05:00:00,5.4,13.3,0.0
2025-04-13 06:00:00,13.4,13.8,149.3
2025-04-13 07:00:00,26.9,15.2,350.7
2025-04-13 08:00:00,22.2,16.1,566.8
2025-04-13 09:00:00,24.7,17.0,717.4
2025-04-13 10:00:00,28.9,18.7,835.0
2025-04-13 11:00:00,32.5,20.2,861.6
2025-04-13 12:00:00,32.4,22.0,852.8
2025-04-13 13:00:00,37.6,23.2,772.1
2025-04-13 14:00:00,40.2,23.6,646.8
2025-04-13 15:00:00,28.7,24.4,517.9
2025-04-13 16:00:00,35.4,24.6,330.4
2025-04-13 17:00:00,41.5,24.0,118.8
2025-04-13 18:00:00,33.6,22.9,0.0
2025-04-13 19:00:00,33.1,21.4,0.0
2025-04-13 20:00:00,37.8,21.1,0.0
2025-04-13 21:00:00,34.8,19.3,0.0
2025-04-13 22:00:00,42.4,18.6,0.0
2025-04-13 23:00:00,59.4,17.1,0.0
2025-04-14 00:00:00,49.1,16.4,0.0
2025-04-14 01:00:00,35.3,15.7,0.0
2025-04-14 02:00:00,36.7,15.5,0.0
2025-04-14 03:00:00,41.3,15.6,0.0
2025-04-14 04:00:00,37.7,16.3,0.0
2025-04-14 05:00:00,48.0,17.2,0.0
2025-04-14 06:00:00,34.7,18.4,135.5
2025-04-14 07:00:00,39.3,18.2,318.2
2025-04-14 08:00:00,32.9,19.5,521.7
2025-04-14 09:00:00,45.9,20.4,630.9
2025-04-14 10:00:00,59.5,20.7,610.0
2025-04-14 11:00:00,49.4,22.5,754.8
2025-04-14 12:00:00,42.3,23.2,827.1
2025-04-14 13:00:00,47.3,23.8,712.0
2025-04-14 14:00:00,41.7,23.8,644.3
2025-04-14 15:00:00,39.5,25.2,497.5
2025-04-14 16:00:00,38.2,25.4,328.1
2025-04-14 17:00:00,21.5,26.2,145.1
2025-04-14 18:00:00,22.0,25.9,0.0
2025-04-14 19:00:00,17.0,24.7,0.0
2025-04-14 20:00:00,14.2,22.8,0.0
2025-04-14 21:00:00,27.2,20.9,0.0
2025-04-14 22:00:00,17.1,19.4,0.0
2025-04-14 23:00:00,24.8,18.0,0.0
2025-04-15 00:00:00,35.0,16.4,0.0
2025-04-15 01:00:00,33.2,14.6,0.0
2025-04-15 02:00:00,40.2,13.7,0.0
2025-04-15 03:00:00,42.8,14.5,0.0
2025-04-15 04:00:00,46.9,15.9,0.0
2025-04-15 05:00:00,53.7,16.7,0.0
2025-04-15 06:00:00,49.3,17.1,120.4
2025-04-15 07:00:00,43.1,17.5,300.8
2025-04-15 08:00:00,33.9,18.2,526.0
2025-04-15 09:00:00,27.9,20.3,730.9
2025-04-15 10:00:00,52.8,21.7,676.5
2025-04-15 11:00:00,61.1,22.1,658.6
2025-04-15 12:00:00,47.6,23.8,784.6
2025-04-15 13:00:00,36.0,25.0,809.8
2025-04-15 14:00:00,40.2,25.4,676.5
2025-04-15 15:00:00,44.4,26.5,474.6
2025-04-15 16:00:00,48.1,26.0,290.2
2025-04-15 17:00:00,45.0,26.2,128.0
2025-04-15 18:00:00,43.3,26.0,0.0
2025-04-15 19:00:00,45.4,24.7,0.0
2025-04-15 20:00:00,45.3,23.6,0.0
2025-04-15 21:00:00,26.7,21.8,0.0
2025-04-15 22:00:00,26.4,20.8,0.0
2025-04-15 23:00:00,21.1,18.4,0.0
2025-04-16 00:00:00,50.1,17.5,0.0
2025-04-16 01:00:00,75.7,16.9,0.0
2025-04-16 02:00:00,77.3,14.9,0.0
2025-04-16 03:00:00,73.2,14.2,0.0
2025-04-16 04:00:00,79.5,14.1,0.0
2025-04-16 05:00:00,81.6,15.3,0.0
2025-04-16 06:00:00,82.9,15.1,65.3
2025-04-16 07:00:00,85.5,15.0,141.0
2025-04-16 08:00:00,99.4,15.7,110.5
2025-04-16 09:00:00,86.2,16.0,300.9
2025-04-16 10:00:00,87.3,16.0,330.8
2025-04-16 11:00:00,77.2,17.5,485.0
2025-04-16 12:00:00,80.1,18.1,451.9
2025-04-16 13:00:00,70.8,19.1,528.6
2025-04-16 14:00:00,66.7,20.7,453.5
2025-04-16 15:00:00,64.1,22.2,366.3
2025-04-16 16:00:00,71.9,23.1,204.5
2025-04-16 17:00:00,78.4,24.1,74.2
2025-04-16 18:00:00,66.7,24.5,0.0
2025-04-16 19:00:00,66.9,22.3,0.0
2025-04-16 20:00:00,60.9,21.1,0.0
2025-04-16 21:00:00,51.2,19.2,0.0
2025-04-16 22:00:00,51.1,17.3,0.0
2025-04-16 23:00:00,50.2,16.3,0.0
2025-04-17 00:00:00,43.2,14.3,0.0
2025-04-17 01:00:00,45.9,12.6,0.0
2025-04-17 02:00:00,33.7,12.3,0.0
2025-04-17 03:00:00,29.5,12.5,0.0
2025-04-17 04:00:00,38.5,13.0,0.0
2025-04-17 05:00:00,54.9,13.5,0.0
2025-04-17 06:00:00,40.0,14.3,135.8
2025-04-17 07:00:00,24.5,15.6,349.9
2025-04-17 08:00:00,40.9,16.6,490.7
2025-04-17 09:00:00,43.4,17.2,621.2
2025-04-17 10:00:00,35.6,18.7,794.3
2025-04-17 11:00:00,40.0,20.4,814.1
2025-04-17 12:00:00,18.5,23.1,961.9
2025-04-17 13:00:00,20.6,24.0,877.0
2025-04-17 14:00:00,25.1,24.5,726.2
2025-04-17 15:00:00,33.8,24.7,519.2
2025-04-17 16:00:00,26.0,25.1,357.5
2025-04-17 17:00:00,27.9,24.6,150.4
2025-04-17 18:00:00,21.5,22.5,0.0
2025-04-17 19:00:00,25.3,22.0,0.0
2025-04-17 20:00:00,19.5,21.5,0.0
2025-04-17 21:00:00,18.2,19.6,0.0
2025-04-17 22:00:00,12.4,17.5,0.0
2025-04-17 23:00:00,20.5,16.2,0.0
2025-04-18 00:00:00,0.0,14.8,0.0
2025-04-18 01:00:00,0.0,14.4,0.0
2025-04-18 02:00:00,0.0,13.9,0.0
2025-04-18 03:00:00,0.0,13.3,0.0
2025-04-18 04:00:00,0.0,12.9,0.0
2025-04-18 05:00:00,0.0,14.1,0.0
2025-04-18 06:00:00,13.0,15.4,156.2
2025-04-18 07:00:00,3.2,17.2,377.0
2025-04-18 08:00:00,15.3,17.9,585.5
2025-04-18 09:00:00,22.2,20.1,729.3
2025-04-18 10:00:00,22.5,20.6,923.0
2025-04-18 11:00:00,34.6,21.9,875.0
2025-04-18 12:00:00,34.2,22.3,867.2
2025-04-18 13:00:00,33.9,23.0,800.3
2025-04-18 14:00:00,30.2,24.8,701.6
2025-04-18 15:00:00,37.1,25.6,517.4
2025-04-18 16:00:00,42.1,25.5,319.3
2025-04-18 17:00:00,32.8,25.1,144.8
2025-04-18 18:00:00,19.1,24.4,0.0
2025-04-18 19:00:00,15.9,23.4,0.0
2025-04-18 20:00:00,8.3,22.5,0.0
2025-04-18 21:00:00,7.5,20.7,0.0
2025-04-18 22:00:00,17.3,18.5,0.0
2025-04-18 23:00:00,12.3,17.1,0.0
2025-04-19 00:00:00,31.8,16.1,0.0
2025-04-19 01:00:00,31.6,14.5,0.0
2025-04-19 02:00:00,37.8,14.2,0.0
2025-04-19 03:00:00,18.5,13.7,0.0
2025-04-19 04:00:00,14.6,14.1,0.0
2025-04-19 05:00:00,17.8,14.3,0.0
2025-04-19 06:00:00,28.5,15.4,150.4
2025-04-19 07:00:00,24.3,15.8,365.0
2025-04-19 08:00:00,9.6,16.9,610.6
2025-04-19 09:00:00,16.6,18.2,750.7
2025-04-19 10:00:00,12.7,20.7,884.2
2025-04-19 11:00:00,4.9,22.9,986.2
2025-04-19 12:00:00,2.5,24.8,982.3
2025-04-19 13:00:00,3.9,26.4,927.7
2025-04-19 14:00:00,1.8,28.9,777.5
2025-04-19 15:00:00,0.0,29.0,622.8
2025-04-19 16:00:00,0.0,29.4,377.8
2025-04-19 17:00:00,12.6,29.2,167.6
2025-04-19 18:00:00,19.5,28.9,0.0
2025-04-19 19:00:00,11.3,28.2,0.0
2025-04-19 20:00:00,11.5,26.3,0.0
2025-04-19 21:00:00,13.3,24.4,0.0
2025-04-19 22:00:00,19.7,22.9,0.0
2025-04-19 23:00:00,25.9,21.3,0.0
2025-04-20 00:00:00,28.8,20.3,0.0
2025-04-20 01:00:00,30.2,19.9,0.0
2025-04-20 02:00:00,34.5,19.0,0.0
2025-04-20 03:00:00,46.3,18.6,0.0
2025-04-20 04:00:00,50.6,18.8,0.0
2025-04-20 05:00:00,55.1,19.2,0.0
2025-04-20 06:00:00,53.4,18.5,120.9
2025-04-20 07:00:00,62.5,18.6,245.8
2025-04-20 08:00:00,62.5,19.7,390.2
2025-04-20 09:00:00,52.4,21.6,583.8
2025-04-20 10:00:00,61.6,21.9,615.0
2025-04-20 11:00:00,64.0,22.4,635.9
2025-04-20 12:00:00,57.0,23.8,703.3
2025-04-20 13:00:00,50.6,24.1,694.9
2025-04-20 14:00:00,51.2,24.8,577.5
2025-04-20 15:00:00,53.0,24.6,450.1
2025-04-20 16:00:00,52.4,25.7,293.3
2025-04-20 17:00:00,52.9,25.4,119.2
2025-04-20 18:00:00,64.4,26.1,0.0
2025-04-20 19:00:00,69.5,25.5,0.0
2025-04-20 20:00:00,66.9,23.6,0.0
2025-04-20 21:00:00,70.7,21.6,0.0
2025-04-20 22:00:00,58.2,19.8,0.0
2025-04-20 23:00:00,58.6,18.3,0.0
2025-04-21 00:00:00,72.3,17.6,0.0
2025-04-21 01:00:00,66.4,16.2,0.0
2025-04-21 02:00:00,56.1,15.9,0.0
2025-04-21 03:00:00,48.7,15.7,0.0
2025-04-21 04:00:00,38.6,15.6,0.0
2025-04-21 05:00:00,32.2,15.8,0.0
2025-04-21 06:00:00,29.9,16.3,153.3
2025-04-21 07:00:00,19.5,16.9,387.2
2025-04-21 08:00:00,21.8,18.1,571.2
2025-04-21 09:00:00,30.9,19.3,733.2
2025-04-21 10:00:00,24.4,21.1,851.6
2025-04-21 11:00:00,38.1,22.9,814.4
2025-04-21 12:00:00,42.1,23.9,827.2
2025-04-21 13:00:00,49.8,25.2,710.2
2025-04-21 14:00:00,43.1,26.4,647.7
2025-04-21 15:00:00,49.2,26.7,462.1
2025-04-21 16:00:00,39.1,27.0,333.2
2025-04-21 17:00:00,46.0,26.9,135.6
2025-04-21 18:00:00,46.3,26.6,0.0
2025-04-21 19:00:00,49.7,24.9,0.0
2025-04-21 20:00:00,38.8,22.5,0.0
2025-04-21 21:00:00,31.5,21.2,0.0
2025-04-21 22:00:00,37.0,20.2,0.0
2025-04-21 23:00:00,29.4,19.0,0.0
2025-04-22 00:00:00,70.2,18.6,0.0
2025-04-22 01:00:00,59.6,17.9,0.0
2025-04-22 02:00:00,68.1,17.7,0.0
2025-04-22 03:00:00,58.9,17.7,0.0
2025-04-22 04:00:00,65.0,17.5,0.0
2025-04-22 05:00:00,71.1,17.6,0.0
2025-04-22 06:00:00,65.8,17.5,106.4
2025-04-22 07:00:00,71.3,17.9,220.5
2025-04-22 08:00:00,73.7,18.4,306.8
2025-04-22 09:00:00,69.4,18.5,454.9
2025-04-22 10:00:00,61.8,20.7,585.3
2025-04-22 11:00:00,47.5,22.4,761.8
2025-04-22 12:00:00,53.4,23.5,727.8
2025-04-22 13:00:00,43.3,25.6,775.7
2025-04-22 14:00:00,47.7,25.1,625.1
2025-04-22 15:00:00,48.7,25.5,472.6
2025-04-22 16:00:00,57.1,25.6,276.9
2025-04-22 17:00:00,56.6,25.6,121.2
2025-04-22 18:00:00,56.0,25.2,0.0
2025-04-22 19:00:00,64.0,24.9,0.0
2025-04-22 20:00:00,67.8,23.8,0.0
2025-04-22 21:00:00,71.0,22.8,0.0
2025-04-22 22:00:00,75.0,21.3,0.0
2025-04-22 23:00:00,62.6,19.0,0.0
2025-04-23 00:00:00,70.6,17.0,0.0
2025-04-23 01:00:00,75.9,15.4,0.0
2025-04-23 02:00:00,67.5,15.0,0.0
2025-04-23 03:00:00,66.4,14.8,0.0
2025-04-23 04:00:00,67.0,15.0,0.0
2025-04-23 05:00:00,66.8,15.5,0.0
2025-04-23 06:00:00,70.3,16.8,104.7
2025-04-23 07:00:00,82.2,16.7,170.6
2025-04-23 08:00:00,89.9,17.7,205.1
2025-04-23 09:00:00,77.5,18.8,388.8
2025-04-23 10:00:00,82.1,19.7,387.9
2025-04-23 11:00:00,91.8,21.1,293.6
2025-04-23 12:00:00,92.7,23.1,286.8
2025-04-23 13:00:00,99.2,23.9,179.2
2025-04-23 14:00:00,100.0,25.5,141.3
2025-04-23 15:00:00,100.0,26.7,106.7
2025-04-23 16:00:00,100.0,27.5,76.3
2025-04-23 17:00:00,100.0,28.2,31.7
2025-04-23 18:00:00,100.0,28.0,0.0
2025-04-23 19:00:00,100.0,26.5,0.0
2025-04-23 20:00:00,100.0,24.8,0.0
2025-04-23 21:00:00,100.0,23.6,0.0
2025-04-23 22:00:00,99.6,22.0,0.0
2025-04-23 23:00:00,100.0,19.9,0.0
2025-04-24 00:00:00,62.6,17.9,0.0
2025-04-24 01:00:00,47.3,15.1,0.0
2025-04-24 02:00:00,47.9,14.4,0.0
2025-04-24 03:00:00,28.7,14.0,0.0
2025-04-24 04:00:00,33.7,14.3,0.0
2025-04-24 05:00:00,40.1,16.1,0.0
2025-04-24 06:00:00,33.9,16.9,154.1
2025-04-24 07:00:00,34.2,18.0,343.9
2025-04-24 08:00:00,49.1,18.0,474.0
2025-04-24 09:00:00,42.5,19.2,660.5
2025-04-24 10:00:00,32.3,20.7,822.6
2025-04-24 11:00:00,43.6,21.3,806.4
2025-04-24 12:00:00,57.5,21.7,687.4
2025-04-24 13:00:00,54.0,22.1,677.0
2025-04-24 14:00:00,59.0,22.4,517.6
2025-04-24 15:00:00,66.0,23.6,367.3
2025-04-24 16:00:00,55.5,24.3,282.8
2025-04-24 17:00:00,48.3,24.2,142.9
2025-04-24 18:00:00,55.7,24.0,0.0
2025-04-24 19:00:00,65.9,23.7,0.0
2025-04-24 20:00:00,65.9,22.3,0.0
2025-04-24 21:00:00,54.3,21.0,0.0
2025-04-24 22:00:00,67.0,19.2,0.0
2025-04-24 23:00:00,58.1,17.4,0.0
2025-04-25 00:00:00,40.8,16.4,0.0
2025-04-25 01:00:00,40.7,16.5,0.0
2025-04-25 02:00:00,50.3,16.8,0.0
2025-04-25 03:00:00,53.2,16.9,0.0
2025-04-25 04:00:00,52.2,17.2,0.0
2025-04-25 05:00:00,51.7,18.4,0.0
2025-04-25 06:00:00,47.9,19.1,143.6
2025-04-25 07:00:00,48.6,18.5,320.3
2025-04-25 08:00:00,24.6,19.4,596.9
2025-04-25 09:00:00,21.3,21.0,759.5
2025-04-25 10:00:00,22.8,21.5,896.3
2025-04-25 11:00:00,12.9,22.9,972.3
2025-04-25 12:00:00,16.5,23.7,990.7
2025-04-25 13:00:00,14.9,24.7,924.7
2025-04-25 14:00:00,29.2,24.9,741.3
2025-04-25 15:00:00,40.3,25.1,518.6
2025-04-25 16:00:00,33.8,25.9,350.8
2025-04-25 17:00:00,30.6,25.6,159.3
2025-04-25 18:00:00,28.4,24.9,0.0
2025-04-25 19:00:00,23.4,23.0,0.0
2025-04-25 20:00:00,24.2,22.2,0.0
2025-04-25 21:00:00,17.3,20.3,0.0
2025-04-25 22:00:00,8.2,18.1,0.0
2025-04-25 23:00:00,14.3,17.0,0.0
2025-04-26 00:00:00,21.4,15.7,0.0
2025-04-26 01:00:00,14.7,14.5,0.0
2025-04-26 02:00:00,22.3,14.3,0.0
2025-04-26 03:00:00,16.9,14.0,0.0
2025-04-26 04:00:00,19.1,15.5,0.0
2025-04-26 05:00:00,25.6,16.2,0.0
2025-04-26 06:00:00,24.6,17.2,172.8
2025-04-26 07:00:00,27.5,17.2,375.2
2025-04-26 08:00:00,22.3,18.1,591.1
2025-04-26 09:00:00,20.4,19.0,748.0
2025-04-26 10:00:00,18.5,20.2,873.6
2025-04-26 11:00:00,12.6,22.1,989.5
2025-04-26 12:00:00,11.9,24.0,971.3
2025-04-26 13:00:00,0.4,25.7,902.8
2025-04-26 14:00:00,0.0,26.2,815.6
2025-04-26 15:00:00,0.0,26.2,635.4
2025-04-26 16:00:00,0.0,26.6,417.4
2025-04-26 17:00:00,0.0,27.1,184.6
2025-04-26 18:00:00,1.4,26.3,0.0
2025-04-26 19:00:00,7.3,25.6,0.0
2025-04-26 20:00:00,15.7,24.4,0.0
2025-04-26 21:00:00,10.9,23.1,0.0
2025-04-26 22:00:00,2.2,20.8,0.0
2025-04-26 23:00:00,0.0,19.1,0.0
2025-04-27 00:00:00,0.0,18.2,0.0
2025-04-27 01:00:00,0.0,17.8,0.0
2025-04-27 02:00:00,0.0,16.8,0.0
2025-04-27 03:00:00,0.0,15.5,0.0
2025-04-27 04:00:00,0.0,15.5,0.0
2025-04-27 05:00:00,0.0,16.7,0.0
2025-04-27 06:00:00,0.0,16.8,190.9
2025-04-27 07:00:00,0.0,17.5,406.3
2025-04-27 08:00:00,0.0,19.1,634.8
2025-04-27 09:00:00,0.0,20.7,820.2
2025-04-27 10:00:00,0.0,22.6,942.0
2025-04-27 11:00:00,0.0,23.5,1013.4
2025-04-27 12:00:00,0.0,24.7,1011.7
2025-04-27 13:00:00,0.0,26.3,896.3
2025-04-27 14:00:00,0.0,26.4,803.9
2025-04-27 15:00:00,0.0,27.4,606.4
2025-04-27 16:00:00,0.0,26.7,408.4
2025-04-27 17:00:00,5.5,26.6,181.1
2025-04-27 18:00:00,7.9,25.6,0.0
2025-04-27 19:00:00,0.0,23.7,0.0
2025-04-27 20:00:00,0.0,22.1,0.0
2025-04-27 21:00:00,0.0,20.9,0.0
2025-04-27 22:00:00,0.0,19.4,0.0
2025-04-27 23:00:00,0.0,18.6,0.0
2025-04-28 00:00:00,16.2,18.5,0.0
2025-04-28 01:00:00,13.1,16.9,0.0
2025-04-28 02:00:00,13.9,15.7,0.0
2025-04-28 03:00:00,10.3,14.8,0.0
2025-04-28 04:00:00,26.2,14.9,0.0
2025-04-28 05:00:00,23.8,16.1,0.0
2025-04-28 06:00:00,38.8,17.2,158.5
2025-04-28 07:00:00,43.9,17.7,335.2
2025-04-28 08:00:00,45.7,18.7,492.3
2025-04-28 09:00:00,46.4,20.6,644.4
2025-04-28 10:00:00,47.2,22.8,755.0
2025-04-28 11:00:00,29.4,24.9,900.7
2025-04-28 12:00:00,26.9,24.8,924.9
2025-04-28 13:00:00,33.6,25.8,835.6
2025-04-28 14:00:00,32.4,27.2,710.9
2025-04-28 15:00:00,20.5,28.0,598.4
2025-04-28 16:00:00,20.9,28.4,393.5
2025-04-28 17:00:00,35.3,28.2,168.4
2025-04-28 18:00:00,44.2,27.2,0.0
2025-04-28 19:00:00,41.7,25.4,0.0
2025-04-28 20:00:00,47.5,23.9,0.0
2025-04-28 21:00:00,42.1,22.9,0.0
2025-04-28 22:00:00,26.7,20.7,0.0
2025-04-28 23:00:00,19.3,19.4,0.0
2025-04-29 00:00:00,69.4,19.2,0.0
2025-04-29 01:00:00,66.5,19.0,0.0
2025-04-29 02:00:00,64.2,18.4,0.0
2025-04-29 03:00:00,61.8,17.2,0.0
2025-04-29 04:00:00,77.2,18.0,0.0
2025-04-29 05:00:00,88.6,19.8,0.0
2025-04-29 06:00:00,100.0,20.0,33.9
2025-04-29 07:00:00,97.3,19.6,90.1
2025-04-29 08:00:00,95.6,19.4,146.6
2025-04-29 09:00:00,79.7,20.1,370.1
2025-04-29 10:00:00,89.6,21.8,299.8
2025-04-29 11:00:00,77.1,23.3,490.7
2025-04-29 12:00:00,77.2,24.1,483.2
2025-04-29 13:00:00,66.8,25.6,553.4
2025-04-29 14:00:00,61.7,26.6,520.2
2025-04-29 15:00:00,55.2,28.2,450.7
2025-04-29 16:00:00,51.4,28.1,301.7
2025-04-29 17:00:00,48.5,28.7,146.0
2025-04-29 18:00:00,46.0,28.3,0.0
2025-04-29 19:00:00,54.8,27.8,0.0
2025-04-29 20:00:00,47.0,26.9,0.0
2025-04-29 21:00:00,50.7,25.4,0.0
2025-04-29 22:00:00,62.0,23.7,0.0
2025-04-29 23:00:00,58.1,22.1,0.0
2025-04-30 00:00:00,32.5,20.5,0.0
2025-04-30 01:00:00,31.9,18.7,0.0
2025-04-30 02:00:00,42.7,19.0,0.0
2025-04-30 03:00:00,44.3,18.8,0.0
2025-04-30 04:00:00,39.9,18.3,0.0
2025-04-30 05:00:00,44.1,17.9,0.0
2025-04-30 06:00:00,35.2,17.1,168.3
2025-04-30 07:00:00,41.6,18.3,337.0
2025-04-30 08:00:00,45.0,19.0,526.2
2025-04-30 09:00:00,42.3,20.1,642.4
2025-04-30 10:00:00,35.7,21.9,806.3
2025-04-30 11:00:00,29.5,23.3,904.7
2025-04-30 12:00:00,35.4,24.6,924.7
2025-04-30 13:00:00,46.2,25.4,774.2
2025-04-30 14:00:00,40.7,26.5,696.4
2025-04-30 15:00:00,44.6,26.2,502.9
2025-04-30 16:00:00,27.8,26.3,398.2
2025-04-30 17:00:00,24.9,26.4,181.4
2025-04-30 18:00:00,26.8,25.5,0.0
2025-04-30 19:00:00,21.5,24.9,0.0
2025-04-30 20:00:00,16.6,24.6,0.0
2025-04-30 21:00:00,14.4,23.3,0.0
2025-04-30 22:00:00,20.2,22.6,0.0
2025-04-30 23:00:00,21.5,21.5,0.0
2025-05-01 00:00:00,0.0,19.7,0.0
2025-05-01 01:00:00,0.0,18.8,0.0
2025-05-01 02:00:00,0.0,19.2,0.0
2025-05-01 03:00:00,0.0,18.6,0.0
2025-05-01 04:00:00,0.0,18.2,0.0
2025-05-01 05:00:00,0.0,18.2,0.0
2025-05-01 06:00:00,0.0,19.0,199.7
2025-05-01 07:00:00,0.0,19.7,415.2
2025-05-01 08:00:00,0.0,22.0,630.8
2025-05-01 09:00:00,0.0,23.6,825.2
2025-05-01 10:00:00,2.1,25.5,967.9
2025-05-01 11:00:00,0.0,26.9,1003.5
2025-05-01 12:00:00,0.0,27.5,1014.9
2025-05-01 13:00:00,2.9,27.7,970.8
2025-05-01 14:00:00,9.5,27.6,765.7
2025-05-01 15:00:00,42.6,27.5,510.2
2025-05-01 16:00:00,23.7,28.2,401.6
2025-05-01 17:00:00,37.5,28.2,171.5
2025-05-01 18:00:00,33.6,26.9,0.0
2025-05-01 19:00:00,34.7,25.7,0.0
2025-05-01 20:00:00,33.0,23.8,0.0
2025-05-01 21:00:00,28.5,22.4,0.0
2025-05-01 22:00:00,23.4,21.1,0.0
2025-05-01 23:00:00,26.1,19.1,0.0
2025-05-02 00:00:00,21.6,18.5,0.0
2025-05-02 01:00:00,28.8,18.8,0.0
2025-05-02 02:00:00,25.8,18.6,0.0
2025-05-02 03:00:00,17.5,18.1,0.0
2025-05-02 04:00:00,15.6,18.1,0.0
2025-05-02 05:00:00,27.6,18.7,0.0
2025-05-02 06:00:00,23.8,18.9,179.2
2025-05-02 07:00:00,27.6,20.0,384.1
2025-05-02 08:00:00,22.3,20.6,579.6
2025-05-02 09:00:00,29.5,20.9,768.1
2025-05-02 10:00:00,35.2,22.2,790.2
2025-05-02 11:00:00,49.6,23.1,763.9
2025-05-02 12:00:00,46.0,24.2,806.4
2025-05-02 13:00:00,49.7,24.6,717.4
2025-05-02 14:00:00,48.3,25.8,617.5
2025-05-02 15:00:00,56.7,25.8,435.5
2025-05-02 16:00:00,47.9,26.3,320.3
2025-05-02 17:00:00,51.9,27.3,146.9
2025-05-02 18:00:00,48.0,27.3,0.0
2025-05-02 19:00:00,45.5,25.4,0.0
2025-05-02 20:00:00,44.6,23.4,0.0
2025-05-02 21:00:00,45.0,22.0,0.0
2025-05-02 22:00:00,42.5,19.8,0.0
2025-05-02 23:00:00,42.9,17.5,0.0
2025-05-03 00:00:00,36.6,16.7,0.0
2025-05-03 01:00:00,41.7,16.1,0.0
2025-05-03 02:00:00,45.4,15.9,0.0
2025-05-03 03:00:00,38.0,15.9,0.0
2025-05-03 04:00:00,28.0,16.0,0.0
2025-05-03 05:00:00,34.0,16.4,0.0
2025-05-03 06:00:00,38.6,17.3,168.4
2025-05-03 07:00:00,47.4,18.9,323.3
2025-05-03 08:00:00,38.6,19.8,531.8
2025-05-03 09:00:00,33.8,20.7,700.3
2025-05-03 10:00:00,18.3,22.1,915.0
2025-05-03 11:00:00,14.7,23.3,957.3
2025-05-03 12:00:00,22.6,24.4,966.8
2025-05-03 13:00:00,17.8,24.7,920.4
2025-05-03 14:00:00,22.5,25.6,741.6
2025-05-03 15:00:00,19.9,26.5,622.3
2025-05-03 16:00:00,21.8,25.7,401.7
2025-05-03 17:00:00,11.7,25.0,199.1
2025-05-03 18:00:00,12.7,24.4,0.0
2025-05-03 19:00:00,0.0,23.1,0.0
2025-05-03 20:00:00,0.0,22.0,0.0
2025-05-03 21:00:00,0.0,20.6,0.0
2025-05-03 22:00:00,0.0,19.8,0.0
2025-05-03 23:00:00,2.6,18.3,0.0
2025-05-04 00:00:00,8.3,16.9,0.0
2025-05-04 01:00:00,21.3,15.7,0.0
2025-05-04 02:00:00,12.9,15.5,0.0
2025-05-04 03:00:00,27.1,15.6,0.0
2025-05-04 04:00:00,33.1,16.4,0.0
2025-05-04 05:00:00,29.0,17.3,0.0
2025-05-04 06:00:00,36.3,16.9,172.0
2025-05-04 07:00:00,24.9,17.4,407.2
2025-05-04 08:00:00,17.1,18.4,609.5
2025-05-04 09:00:00,11.9,19.7,783.6
2025-05-04 10:00:00,8.0,21.2,930.1
2025-05-04 11:00:00,0.4,23.6,987.3
2025-05-04 12:00:00,11.9,25.2,1024.2
2025-05-04 13:00:00,10.1,26.2,919.5
2025-05-04 14:00:00,13.5,26.7,804.4
2025-05-04 15:00:00,9.1,26.9,643.8
2025-05-04 16:00:00,0.0,27.0,417.6
2025-05-04 17:00:00,0.0,26.6,203.8
2025-05-04 18:00:00,0.0,26.2,0.0
2025-05-04 19:00:00,0.0,25.4,0.0
2025-05-04 20:00:00,0.0,22.8,0.0
2025-05-04 21:00:00,1.1,21.3,0.0
2025-05-04 22:00:00,10.0,20.7,0.0
2025-05-04 23:00:00,11.5,19.1,0.0
2025-05-05 00:00:00,70.0,19.6,0.0
2025-05-05 01:00:00,62.3,18.4,0.0
2025-05-05 02:00:00,66.7,18.0,0.0
2025-05-05 03:00:00,67.8,17.3,0.0
2025-05-05 04:00:00,69.3,17.0,0.0
2025-05-05 05:00:00,78.7,18.1,0.0
2025-05-05 06:00:00,82.7,18.6,84.9
2025-05-05 07:00:00,82.6,18.9,177.0
2025-05-05 08:00:00,67.0,19.3,388.7
2025-05-05 09:00:00,58.8,20.6,565.3
2025-05-05 10:00:00,58.3,22.5,658.0
2025-05-05 11:00:00,59.6,24.6,645.4
2025-05-05 12:00:00,50.9,26.0,772.8
2025-05-05 13:00:00,71.6,25.5,503.8
2025-05-05 14:00:00,82.7,26.7,344.9
2025-05-05 15:00:00,85.1,27.4,253.0
2025-05-05 16:00:00,83.0,28.6,172.1
2025-05-05 17:00:00,78.9,29.1,94.2
2025-05-05 18:00:00,69.3,28.5,0.0
2025-05-05 19:00:00,69.1,27.4,0.0
2025-05-05 20:00:00,70.4,26.6,0.0
2025-05-05 21:00:00,59.6,24.8,0.0
2025-05-05 22:00:00,62.6,22.8,0.0
2025-05-05 23:00:00,61.4,20.5,0.0
2025-05-06 00:00:00,57.4,19.0,0.0
2025-05-06 01:00:00,52.5,17.9,0.0
2025-05-06 02:00:00,51.7,17.7,0.0
2025-05-06 03:00:00,69.5,17.3,0.0
2025-05-06 04:00:00,74.5,18.4,0.0
2025-05-06 05:00:00,63.7,18.1,8.1
2025-05-06 06:00:00,68.8,19.6,119.3
2025-05-06 07:00:00,57.0,21.0,292.6
2025-05-06 08:00:00,67.7,21.6,378.3
2025-05-06 09:00:00,64.7,21.8,500.1
2025-05-06 10:00:00,65.0,22.9,567.1
2025-05-06 11:00:00,76.7,23.5,506.6
2025-05-06 12:00:00,66.0,24.6,629.0
2025-05-06 13:00:00,55.8,26.3,682.1
2025-05-06 14:00:00,53.3,26.9,616.9
2025-05-06 15:00:00,64.1,27.0,397.2
2025-05-06 16:00:00,53.1,27.6,305.0
2025-05-06 17:00:00,32.9,27.3,182.7
2025-05-06 18:00:00,34.2,27.9,10.9
2025-05-06 19:00:00,43.4,26.6,0.0
2025-05-06 20:00:00,56.6,25.6,0.0
2025-05-06 21:00:00,55.0,24.1,0.0
2025-05-06 22:00:00,54.0,22.8,0.0
2025-05-06 23:00:00,65.6,21.7,0.0
2025-05-07 00:00:00,27.7,20.5,0.0
2025-05-07 01:00:00,27.3,19.7,0.0
2025-05-07 02:00:00,31.5,19.2,0.0
2025-05-07 03:00:00,37.3,19.1,0.0
2025-05-07 04:00:00,34.8,19.2,0.0
2025-05-07 05:00:00,36.9,19.2,12.4
2025-05-07 06:00:00,18.5,19.7,193.4
2025-05-07 07:00:00,17.0,20.8,425.6
2025-05-07 08:00:00,24.6,22.2,615.7
2025-05-07 09:00:00,19.8,23.7,782.5
2025-05-07 10:00:00,23.9,24.9,913.4
2025-05-07 11:00:00,30.6,25.9,908.3
2025-05-07 12:00:00,30.2,26.9,886.4
2025-05-07 13:00:00,33.9,28.0,825.2
2025-05-07 14:00:00,28.1,28.8,776.2
2025-05-07 15:00:00,29.1,29.3,564.7
2025-05-07 16:00:00,36.5,29.9,370.4
2025-05-07 17:00:00,39.4,29.3,176.1
2025-05-07 18:00:00,35.9,29.1,12.2
2025-05-07 19:00:00,39.4,27.9,0.0
2025-05-07 20:00:00,46.4,27.6,0.0
2025-05-07 21:00:00,30.4,25.6,0.0
2025-05-07 22:00:00,42.0,24.5,0.0
2025-05-07 23:00:00,40.3,23.0,0.0
2025-05-08 00:00:00,44.7,21.2,0.0
2025-05-08 01:00:00,54.8,20.1,0.0
2025-05-08 02:00:00,43.3,19.7,0.0
2025-05-08 03:00:00,38.4,19.2,0.0
2025-05-08 04:00:00,37.4,18.2,0.0
2025-05-08 05:00:00,32.6,18.7,14.5
2025-05-08 06:00:00,48.6,18.8,164.9
2025-05-08 07:00:00,41.9,19.6,360.9
2025-05-08 08:00:00,38.4,21.5,556.4
2025-05-08 09:00:00,41.4,23.1,688.3
2025-05-08 10:00:00,32.7,25.4,848.1
2025-05-08 11:00:00,31.6,26.5,925.7
2025-05-08 12:00:00,36.3,27.4,874.2
2025-05-08 13:00:00,35.3,28.0,807.2
2025-05-08 14:00:00,36.3,28.4,721.8
2025-05-08 15:00:00,33.7,28.6,580.3
2025-05-08 16:00:00,23.5,28.2,394.4
2025-05-08 17:00:00,29.2,28.6,194.2
2025-05-08 18:00:00,45.7,27.2,13.0
2025-05-08 19:00:00,46.3,26.8,0.0
2025-05-08 20:00:00,48.5,26.1,0.0
2025-05-08 21:00:00,54.2,24.9,0.0
2025-05-08 22:00:00,43.5,22.6,0.0
2025-05-08 23:00:00,57.9,20.6,0.0
2025-05-09 00:00:00,38.5,19.0,0.0
2025-05-09 01:00:00,50.5,18.7,0.0
2025-05-09 02:00:00,42.1,18.0,0.0
2025-05-09 03:00:00,55.2,17.5,0.0
2025-05-09 04:00:00,58.3,18.4,0.0
2025-05-09 05:00:00,59.3,19.8,11.9
2025-05-09 06:00:00,57.6,19.9,152.9
2025-05-09 07:00:00,52.3,20.6,321.8
2025-05-09 08:00:00,59.2,20.6,442.4
2025-05-09 09:00:00,56.7,21.6,567.5
2025-05-09 10:00:00,37.8,23.7,828.6
2025-05-09 11:00:00,27.9,25.7,925.8
2025-05-09 12:00:00,26.6,26.7,944.0
2025-05-09 13:00:00,29.4,27.6,863.4
2025-05-09 14:00:00,29.0,28.2,764.3
2025-05-09 15:00:00,38.8,28.3,531.9
2025-05-09 16:00:00,22.1,29.0,389.2
2025-05-09 17:00:00,24.2,27.7,197.4
2025-05-09 18:00:00,10.3,26.9,17.3
2025-05-09 19:00:00,18.7,26.0,0.0
2025-05-09 20:00:00,19.3,24.4,0.0
2025-05-09 21:00:00,23.9,22.7,0.0
2025-05-09 22:00:00,17.7,21.0,0.0
2025-05-09 23:00:00,29.3,19.5,0.0
2025-05-10 00:00:00,1.1,18.2,0.0
2025-05-10 01:00:00,4.8,17.4,0.0
2025-05-10 02:00:00,2.4,15.8,0.0
2025-05-10 03:00:00,5.9,16.1,0.0
2025-05-10 04:00:00,0.0,16.2,0.0
2025-05-10 05:00:00,4.9,18.0,18.5
2025-05-10 06:00:00,16.7,18.3,209.2
2025-05-10 07:00:00,22.4,19.0,422.3
2025-05-10 08:00:00,13.1,20.4,627.8
2025-05-10 09:00:00,13.6,22.1,785.9
2025-05-10 10:00:00,0.8,23.2,951.2
2025-05-10 11:00:00,4.4,24.2,972.5
2025-05-10 12:00:00,6.7,25.8,1021.2
2025-05-10 13:00:00,0.0,26.7,961.2
2025-05-10 14:00:00,0.0,28.1,850.3
2025-05-10 15:00:00,0.0,28.2,641.1
2025-05-10 16:00:00,0.0,27.6,436.5
2025-05-10 17:00:00,0.0,27.5,209.9
2025-05-10 18:00:00,0.0,27.4,18.8
2025-05-10 19:00:00,0.0,26.4,0.0
2025-05-10 20:00:00,0.0,25.7,0.0
2025-05-10 21:00:00,0.0,25.0,0.0
2025-05-10 22:00:00,0.0,22.9,0.0
2025-05-10 23:00:00,0.8,21.9,0.0
2025-05-11 00:00:00,17.2,20.3,0.0
2025-05-11 01:00:00,11.9,19.5,0.0
2025-05-11 02:00:00,16.1,18.9,0.0
2025-05-11 03:00:00,13.1,19.3,0.0
2025-05-11 04:00:00,12.1,20.1,0.0
2025-05-11 05:00:00,18.3,20.9,20.1
2025-05-11 06:00:00,2.5,21.7,214.7
2025-05-11 07:00:00,14.5,23.0,420.7
2025-05-11 08:00:00,15.0,24.2,625.4
2025-05-11 09:00:00,11.7,25.7,798.2
2025-05-11 10:00:00,11.3,27.8,931.5
2025-05-11 11:00:00,11.3,29.9,1046.1
2025-05-11 12:00:00,0.0,31.4,1003.1
2025-05-11 13:00:00,11.8,31.9,931.8
2025-05-11 14:00:00,12.4,32.4,801.9
2025-05-11 15:00:00,16.2,31.7,622.0
2025-05-11 16:00:00,23.6,31.4,405.5
2025-05-11 17:00:00,14.3,31.8,211.3
2025-05-11 18:00:00,18.1,30.6,19.1
2025-05-11 19:00:00,15.5,30.3,0.0
2025-05-11 20:00:00,22.1,29.4,0.0
2025-05-11 21:00:00,4.2,27.6,0.0
2025-05-11 22:00:00,4.6,26.2,0.0
2025-05-11 23:00:00,0.9,24.1,0.0
2025-05-12 00:00:00,38.7,23.3,0.0
2025-05-12 01:00:00,43.5,23.1,0.0
2025-05-12 02:00:00,38.2,21.9,0.0
2025-05-12 03:00:00,33.6,22.1,0.0
2025-05-12 04:00:00,34.3,21.4,0.0
2025-05-12 05:00:00,28.7,21.2,20.2
2025-05-12 06:00:00,37.6,22.7,187.6
2025-05-12 07:00:00,35.8,23.4,370.0
2025-05-12 08:00:00,13.9,24.6,629.6
2025-05-12 09:00:00,14.9,26.6,791.7
2025-05-12 10:00:00,10.4,28.7,920.7
2025-05-12 11:00:00,1.7,30.8,1027.5
2025-05-12 12:00:00,0.0,31.6,1038.6
2025-05-12 13:00:00,4.1,32.2,968.3
2025-05-12 14:00:00,19.9,32.3,797.2
2025-05-12 15:00:00,25.7,32.8,594.6
2025-05-12 16:00:00,23.4,32.5,416.0
2025-05-12 17:00:00,29.9,32.2,198.2
2025-05-12 18:00:00,28.2,31.6,20.3
2025-05-12 19:00:00,24.9,30.9,0.0
2025-05-12 20:00:00,18.4,29.6,0.0
2025-05-12 21:00:00,7.8,26.9,0.0
2025-05-12 22:00:00,9.4,25.2,0.0
2025-05-12 23:00:00,15.2,23.3,0.0
2025-05-13 00:00:00,8.8,22.3,0.0
2025-05-13 01:00:00,8.9,21.8,0.0
2025-05-13 02:00:00,4.8,21.0,0.0
2025-05-13 03:00:00,13.6,20.7,0.0
2025-05-13 04:00:00,6.0,20.8,0.0
2025-05-13 05:00:00,16.0,21.5,23.4
2025-05-13 06:00:00,10.6,21.9,214.3
2025-05-13 07:00:00,7.8,22.3,436.6
2025-05-13 08:00:00,0.0,22.8,658.2
2025-05-13 09:00:00,0.2,25.0,816.9
2025-05-13 10:00:00,12.5,26.4,925.2
2025-05-13 11:00:00,19.6,27.7,1011.5
2025-05-13 12:00:00,29.6,29.1,948.2
2025-05-13 13:00:00,34.7,29.3,852.4
2025-05-13 14:00:00,26.3,29.5,777.2
2025-05-13 15:00:00,25.0,30.1,609.6
2025-05-13 16:00:00,20.3,30.4,434.5
2025-05-13 17:00:00,33.0,29.2,194.8
2025-05-13 18:00:00,24.0,28.7,22.5
2025-05-13 19:00:00,32.8,27.5,0.0
2025-05-13 20:00:00,40.5,25.8,0.0
2025-05-13 21:00:00,54.8,24.4,0.0
2025-05-13 22:00:00,49.4,21.6,0.0
2025-05-13 23:00:00,53.7,20.0,0.0
2025-05-14 00:00:00,74.5,19.0,0.0
2025-05-14 01:00:00,65.7,18.4,0.0
2025-05-14 02:00:00,50.6,17.6,0.0
2025-05-14 03:00:00,34.5,17.6,0.0
2025-05-14 04:00:00,41.1,16.7,0.0
2025-05-14 05:00:00,26.2,16.8,23.6
2025-05-14 06:00:00,25.1,17.8,202.4
2025-05-14 07:00:00,30.6,18.7,405.3
2025-05-14 08:00:00,33.5,20.4,575.1
2025-05-14 09:00:00,37.9,20.7,709.7
2025-05-14 10:00:00,40.2,22.5,785.3
2025-05-14 11:00:00,50.7,23.2,761.8
2025-05-14 12:00:00,42.0,24.6,834.3
2025-05-14 13:00:00,36.6,26.5,829.0
2025-05-14 14:00:00,31.1,28.2,745.8
2025-05-14 15:00:00,39.0,29.1,568.5
2025-05-14 16:00:00,46.6,30.3,351.1
2025-05-14 17:00:00,49.7,30.9,160.2
2025-05-14 18:00:00,58.2,30.2,17.5
2025-05-14 19:00:00,46.9,29.0,0.0
2025-05-14 20:00:00,59.6,27.5,0.0
2025-05-14 21:00:00,69.7,27.1,0.0
2025-05-14 22:00:00,72.3,26.1,0.0
2025-05-14 23:00:00,82.9,24.6,0.0
2025-05-15 00:00:00,70.2,23.7,0.0
2025-05-15 01:00:00,63.3,22.0,0.0
2025-05-15 02:00:00,55.5,21.3,0.0
2025-05-15 03:00:00,60.3,20.7,0.0
2025-05-15 04:00:00,50.4,19.9,0.0
2025-05-15 05:00:00,56.1,20.8,18.9
2025-05-15 06:00:00,66.0,21.6,129.3
2025-05-15 07:00:00,69.4,22.2,252.2
2025-05-15 08:00:00,69.0,22.8,381.9
2025-05-15 09:00:00,58.5,23.4,578.0
2025-05-15 10:00:00,50.4,24.3,730.0
2025-05-15 11:00:00,60.1,24.8,701.4
2025-05-15 12:00:00,64.8,25.8,673.0
2025-05-15 13:00:00,62.4,27.6,643.0
2025-05-15 14:00:00,57.3,29.3,573.2
2025-05-15 15:00:00,39.9,29.5,532.6
2025-05-15 16:00:00,32.2,29.5,390.9
2025-05-15 17:00:00,49.4,29.0,168.0
2025-05-15 18:00:00,38.9,27.3,23.0
2025-05-15 19:00:00,41.4,26.6,0.0
2025-05-15 20:00:00,50.2,25.3,0.0
2025-05-15 21:00:00,39.9,23.6,0.0
2025-05-15 22:00:00,42.3,22.9,0.0
2025-05-15 23:00:00,50.4,21.7,0.0
2025-05-16 00:00:00,12.5,19.9,0.0
2025-05-16 01:00:00,35.1,19.6,0.0
2025-05-16 02:00:00,18.7,19.4,0.0
2025-05-16 03:00:00,26.1,19.4,0.0
2025-05-16 04:00:00,22.8,19.9,0.0
2025-05-16 05:00:00,27.4,20.5,26.1
2025-05-16 06:00:00,28.8,21.1,207.2
2025-05-16 07:00:00,20.7,22.1,421.0
2025-05-16 08:00:00,21.2,23.0,614.5
2025-05-16 09:00:00,5.0,24.5,819.9
2025-05-16 10:00:00,10.4,26.6,933.7
2025-05-16 11:00:00,12.7,28.9,1021.6
2025-05-16 12:00:00,17.5,30.7,976.9
2025-05-16 13:00:00,25.0,30.7,908.9
2025-05-16 14:00:00,26.1,30.7,769.4
2025-05-16 15:00:00,25.4,30.5,600.2
2025-05-16 16:00:00,16.4,30.7,433.9
2025-05-16 17:00:00,10.0,28.9,218.1
2025-05-16 18:00:00,19.4,28.0,27.4
2025-05-16 19:00:00,29.8,27.8,0.0
2025-05-16 20:00:00,25.5,26.8,0.0
2025-05-16 21:00:00,24.0,25.0,0.0
2025-05-16 22:00:00,15.0,23.1,0.0
2025-05-16 23:00:00,23.8,22.1,0.0
2025-05-17 00:00:00,19.2,21.5,0.0
2025-05-17 01:00:00,32.6,20.5,0.0
2025-05-17 02:00:00,21.9,19.6,0.0
2025-05-17 03:00:00,16.4,19.0,0.0
2025-05-17 04:00:00,16.5,18.6,0.0
2025-05-17 05:00:00,19.9,19.2,28.9
2025-05-17 06:00:00,15.9,19.8,221.0
2025-05-17 07:00:00,7.2,20.4,430.5
2025-05-17 08:00:00,13.6,22.1,636.8
2025-05-17 09:00:00,17.9,23.7,798.7
2025-05-17 10:00:00,8.6,25.9,974.8
2025-05-17 11:00:00,18.6,26.6,972.2
2025-05-17 12:00:00,25.9,26.6,948.0
2025-05-17 13:00:00,24.1,28.0,856.7
2025-05-17 14:00:00,22.0,28.6,813.4
2025-05-17 15:00:00,24.0,28.6,599.0
2025-05-17 16:00:00,14.4,28.2,435.8
2025-05-17 17:00:00,13.1,27.8,220.6
2025-05-17 18:00:00,0.0,27.8,29.7
2025-05-17 19:00:00,2.4,26.4,0.0
2025-05-17 20:00:00,0.0,24.5,0.0
2025-05-17 21:00:00,3.2,23.5,0.0
2025-05-17 22:00:00,0.4,22.1,0.0
2025-05-17 23:00:00,0.0,19.6,0.0
2025-05-18 00:00:00,33.4,19.5,0.0
2025-05-18 01:00:00,32.0,19.7,0.0
2025-05-18 02:00:00,44.4,18.1,0.0
2025-05-18 03:00:00,24.1,17.1,0.0
2025-05-18 04:00:00,36.3,16.2,0.0
2025-05-18 05:00:00,39.5,16.9,26.0
2025-05-18 06:00:00,30.0,18.1,205.4
2025-05-18 07:00:00,22.7,19.3,422.2
2025-05-18 08:00:00,38.3,21.0,543.6
2025-05-18 09:00:00,31.1,23.0,772.3
2025-05-18 10:00:00,23.0,25.6,904.2
2025-05-18 11:00:00,34.2,27.1,910.7
2025-05-18 12:00:00,37.7,28.1,872.0
2025-05-18 13:00:00,30.6,29.4,843.8
2025-05-18 14:00:00,33.6,29.7,727.1
2025-05-18 15:00:00,26.2,30.3,608.8
2025-05-18 16:00:00,36.8,30.3,390.3
2025-05-18 17:00:00,45.8,30.1,182.3
2025-05-18 18:00:00,49.4,30.5,24.2
2025-05-18 19:00:00,51.3,29.2,0.0
2025-05-18 20:00:00,64.1,27.5,0.0
2025-05-18 21:00:00,61.3,25.5,0.0
2025-05-18 22:00:00,49.4,24.2,0.0
2025-05-18 23:00:00,52.0,22.1,0.0
2025-05-19 00:00:00,77.6,21.4,0.0
2025-05-19 01:00:00,66.3,21.0,0.0
2025-05-19 02:00:00,61.6,20.5,0.0
2025-05-19 03:00:00,63.7,20.3,0.0
2025-05-19 04:00:00,61.7,20.5,0.0
2025-05-19 05:00:00,52.6,20.3,24.4
2025-05-19 06:00:00,61.4,20.2,156.0
2025-05-19 07:00:00,78.7,20.6,211.8
2025-05-19 08:00:00,77.0,21.4,327.7
2025-05-19 09:00:00,66.6,23.2,505.1
2025-05-19 10:00:00,52.4,24.9,703.3
2025-05-19 11:00:00,54.3,26.8,746.6
2025-05-19 12:00:00,62.7,28.5,653.8
2025-05-19 13:00:00,65.2,30.0,614.7
2025-05-19 14:00:00,63.4,31.5,540.4
2025-05-19 15:00:00,57.3,31.8,463.0
2025-05-19 16:00:00,47.8,31.7,358.5
2025-05-19 17:00:00,54.9,31.9,158.5
2025-05-19 18:00:00,61.7,30.9,21.7
2025-05-19 19:00:00,48.1,29.5,0.0
2025-05-19 20:00:00,61.2,28.6,0.0
2025-05-19 21:00:00,64.5,27.8,0.0
2025-05-19 22:00:00,74.1,26.2,0.0
2025-05-19 23:00:00,60.6,24.2,0.0
2025-05-20 00:00:00,51.9,23.1,0.0
2025-05-20 01:00:00,51.0,21.6,0.0
2025-05-20 02:00:00,55.5,21.0,0.0
2025-05-20 03:00:00,69.7,21.0,0.0
2025-05-20 04:00:00,73.5,21.2,0.0
2025-05-20 05:00:00,69.3,21.6,19.2
2025-05-20 06:00:00,59.3,21.3,156.2
2025-05-20 07:00:00,68.6,21.5,267.5
2025-05-20 08:00:00,59.2,22.1,451.2
2025-05-20 09:00:00,71.6,22.0,448.2
2025-05-20 10:00:00,67.3,23.5,573.5
2025-05-20 11:00:00,78.5,24.9,502.8
2025-05-20 12:00:00,81.0,26.5,452.6
2025-05-20 13:00:00,76.7,27.7,469.5
2025-05-20 14:00:00,69.9,28.6,479.5
2025-05-20 15:00:00,65.3,29.9,412.8
2025-05-20 16:00:00,67.5,30.7,264.6
2025-05-20 17:00:00,66.5,31.0,141.2
2025-05-20 18:00:00,60.3,31.7,22.6
2025-05-20 19:00:00,58.3,30.5,0.0
2025-05-20 20:00:00,58.5,28.9,0.0
2025-05-20 21:00:00,40.9,26.9,0.0
2025-05-20 22:00:00,46.2,24.6,0.0
2025-05-20 23:00:00,39.4,23.4,0.0
2025-05-21 00:00:00,54.1,22.5,0.0
2025-05-21 01:00:00,43.3,21.6,0.0
2025-05-21 02:00:00,33.0,21.8,0.0
2025-05-21 03:00:00,27.4,21.3,0.0
2025-05-21 04:00:00,27.6,20.3,0.0
2025-05-21 05:00:00,49.1,21.3,27.0
2025-05-21 06:00:00,48.2,21.8,180.3
2025-05-21 07:00:00,53.0,22.1,337.2
2025-05-21 08:00:00,59.1,23.0,458.9
2025-05-21 09:00:00,62.2,24.4,537.7
2025-05-21 10:00:00,63.3,25.1,640.1
2025-05-21 11:00:00,55.4,26.5,742.7
2025-05-21 12:00:00,69.5,28.0,578.8
2025-05-21 13:00:00,84.8,28.2,378.7
2025-05-21 14:00:00,70.4,29.8,467.1
2025-05-21 15:00:00,63.0,29.4,426.6
2025-05-21 16:00:00,62.4,29.2,291.5
2025-05-21 17:00:00,56.4,29.5,164.4
2025-05-21 18:00:00,62.8,30.0,22.4
2025-05-21 19:00:00,58.7,28.3,0.0
2025-05-21 20:00:00,78.1,27.2,0.0
2025-05-21 21:00:00,87.5,25.7,0.0
2025-05-21 22:00:00,87.9,24.7,0.0
2025-05-21 23:00:00,94.7,22.8,0.0
2025-05-22 00:00:00,76.0,21.8,0.0
2025-05-22 01:00:00,68.6,20.4,0.0
2025-05-22 02:00:00,59.9,19.9,0.0
2025-05-22 03:00:00,59.5,19.8,0.0
2025-05-22 04:00:00,65.4,20.0,0.0
2025-05-22 05:00:00,64.8,20.7,22.4
2025-05-22 06:00:00,50.6,21.0,169.4
2025-05-22 07:00:00,44.3,21.7,363.5
2025-05-22 08:00:00,44.5,22.6,545.5
2025-05-22 09:00:00,44.7,23.9,659.3
2025-05-22 10:00:00,61.3,24.7,644.8
2025-05-22 11:00:00,49.0,26.0,781.3
2025-05-22 12:00:00,53.3,27.0,759.8
2025-05-22 13:00:00,65.0,27.2,608.0
2025-05-22 14:00:00,81.5,27.8,356.6
2025-05-22 15:00:00,74.6,28.6,341.1
2025-05-22 16:00:00,75.8,29.7,224.4
2025-05-22 17:00:00,77.4,30.3,114.3
2025-05-22 18:00:00,75.8,29.9,18.5
2025-05-22 19:00:00,72.1,28.9,0.0
2025-05-22 20:00:00,73.1,27.9,0.0
2025-05-22 21:00:00,50.2,25.9,0.0
2025-05-22 22:00:00,55.8,24.1,0.0
2025-05-22 23:00:00,56.2,22.2,0.0
2025-05-23 00:00:00,8.9,21.0,0.0
2025-05-23 01:00:00,24.9,20.8,0.0
2025-05-23 02:00:00,17.3,20.0,0.0
2025-05-23 03:00:00,12.7,20.1,0.0
2025-05-23 04:00:00,27.9,19.1,0.0
2025-05-23 05:00:00,18.6,20.3,36.1
2025-05-23 06:00:00,12.7,21.0,221.2
2025-05-23 07:00:00,10.8,22.2,442.3
2025-05-23 08:00:00,17.0,23.3,612.1
2025-05-23 09:00:00,17.3,25.5,792.9
2025-05-23 10:00:00,5.7,26.9,930.2
2025-05-23 11:00:00,1.5,29.2,1038.4
2025-05-23 12:00:00,0.0,30.7,1030.9
2025-05-23 13:00:00,0.0,32.0,969.7
2025-05-23 14:00:00,2.1,32.4,833.7
2025-05-23 15:00:00,5.9,31.8,638.1
2025-05-23 16:00:00,0.0,32.2,456.6
2025-05-23 17:00:00,2.0,31.8,243.6
2025-05-23 18:00:00,4.5,31.6,38.2
2025-05-23 19:00:00,15.8,30.4,0.0
2025-05-23 20:00:00,18.2,28.7,0.0
2025-05-23 21:00:00,25.6,28.0,0.0
2025-05-23 22:00:00,27.0,27.3,0.0
2025-05-23 23:00:00,35.3,25.9,0.0
2025-05-24 00:00:00,44.7,24.5,0.0
2025-05-24 01:00:00,40.3,23.8,0.0
2025-05-24 02:00:00,55.5,23.2,0.0
2025-05-24 03:00:00,57.7,23.3,0.0
2025-05-24 04:00:00,57.2,23.2,0.0
2025-05-24 05:00:00,41.9,24.2,32.7
2025-05-24 06:00:00,28.4,24.2,212.4
2025-05-24 07:00:00,29.1,25.2,413.0
2025-05-24 08:00:00,28.6,26.0,607.7
2025-05-24 09:00:00,22.0,27.3,818.5
2025-05-24 10:00:00,22.3,28.5,887.5
2025-05-24 11:00:00,34.1,29.7,918.3
2025-05-24 12:00:00,37.4,31.2,913.7
2025-05-24 13:00:00,25.6,32.9,910.0
2025-05-24 14:00:00,23.4,33.5,799.7
2025-05-24 15:00:00,16.0,34.1,648.2
2025-05-24 16:00:00,12.7,34.4,455.6
2025-05-24 17:00:00,9.7,34.3,228.1
2025-05-24 18:00:00,6.5,32.0,38.0
2025-05-24 19:00:00,0.0,30.5,0.0
2025-05-24 20:00:00,0.0,28.9,0.0
2025-05-24 21:00:00,0.0,27.6,0.0
2025-05-24 22:00:00,0.0,26.0,0.0
2025-05-24 23:00:00,0.0,24.9,0.0
2025-05-25 00:00:00,18.6,23.4,0.0
2025-05-25 01:00:00,16.5,22.5,0.0
2025-05-25 02:00:00,17.9,22.4,0.0
2025-05-25 03:00:00,9.5,21.3,0.0
2025-05-25 04:00:00,25.1,22.9,0.0
2025-05-25 05:00:00,40.5,24.1,33.9
2025-05-25 06:00:00,40.0,24.5,203.8
2025-05-25 07:00:00,46.6,24.7,363.3
2025-05-25 08:00:00,45.6,25.5,523.2
2025-05-25 09:00:00,32.6,27.1,766.2
2025-05-25 10:00:00,28.6,28.7,858.0
2025-05-25 11:00:00,29.4,30.7,936.8
2025-05-25 12:00:00,25.4,31.8,978.7
2025-05-25 13:00:00,23.8,33.1,892.3
2025-05-25 14:00:00,23.4,33.1,792.2
2025-05-25 15:00:00,23.1,33.2,629.5
2025-05-25 16:00:00,23.9,33.4,418.6
2025-05-25 17:00:00,15.7,33.3,230.1
2025-05-25 18:00:00,11.3,32.1,39.8
2025-05-25 19:00:00,2.8,30.5,0.0
2025-05-25 20:00:00,13.5,29.9,0.0
2025-05-25 21:00:00,0.0,28.6,0.0
2025-05-25 22:00:00,10.8,27.3,0.0
2025-05-25 23:00:00,23.8,24.8,0.0
2025-05-26 00:00:00,15.6,24.8,0.0
2025-05-26 01:00:00,0.0,23.5,0.0
2025-05-26 02:00:00,0.0,22.7,0.0
2025-05-26 03:00:00,0.0,22.1,0.0
2025-05-26 04:00:00,0.0,22.5,0.0
2025-05-26 05:00:00,0.0,23.2,44.2
2025-05-26 06:00:00,7.4,24.5,238.0
2025-05-26 07:00:00,14.3,25.1,438.2
2025-05-26 08:00:00,7.6,26.3,663.2
2025-05-26 09:00:00,0.0,29.0,833.8
2025-05-26 10:00:00,0.0,30.5,983.5
2025-05-26 11:00:00,0.0,31.8,1005.7
2025-05-26 12:00:00,4.4,32.3,1078.2
2025-05-26 13:00:00,2.1,33.5,981.4
2025-05-26 14:00:00,8.3,34.4,802.5
2025-05-26 15:00:00,25.3,34.6,608.0
2025-05-26 16:00:00,31.2,34.4,416.2
2025-05-26 17:00:00,29.5,34.2,222.0
2025-05-26 18:00:00,26.9,34.3,37.5
2025-05-26 19:00:00,23.3,33.5,0.0
2025-05-26 20:00:00,32.4,31.6,0.0
2025-05-26 21:00:00,25.9,28.6,0.0
2025-05-26 22:00:00,25.6,27.1,0.0
2025-05-26 23:00:00,25.4,26.0,0.0
2025-05-27 00:00:00,49.0,24.6,0.0
2025-05-27 01:00:00,38.0,23.4,0.0
2025-05-27 02:00:00,41.8,22.7,0.0
2025-05-27 03:00:00,42.1,22.5,0.0
2025-05-27 04:00:00,46.9,22.5,0.0
2025-05-27 05:00:00,42.8,23.5,34.7
2025-05-27 06:00:00,53.3,24.0,169.4
2025-05-27 07:00:00,45.7,24.2,366.3
2025-05-27 08:00:00,59.8,25.3,446.3
2025-05-27 09:00:00,44.4,26.1,663.3
2025-05-27 10:00:00,48.4,27.9,754.5
2025-05-27 11:00:00,52.2,29.5,785.9
2025-05-27 12:00:00,45.4,31.6,824.9
2025-05-27 13:00:00,49.2,32.4,749.2
2025-05-27 14:00:00,59.4,32.6,572.7
2025-05-27 15:00:00,40.3,33.7,544.0
2025-05-27 16:00:00,45.3,33.7,381.5
2025-05-27 17:00:00,25.8,33.2,220.6
2025-05-27 18:00:00,20.8,32.2,41.4
2025-05-27 19:00:00,37.2,31.1,0.0
2025-05-27 20:00:00,33.9,29.0,0.0
2025-05-27 21:00:00,26.2,27.6,0.0
2025-05-27 22:00:00,27.3,26.1,0.0
2025-05-27 23:00:00,46.4,24.7,0.0
2025-05-28 00:00:00,44.2,23.1,0.0
2025-05-28 01:00:00,37.8,21.5,0.0
2025-05-28 02:00:00,52.5,22.1,0.0
2025-05-28 03:00:00,68.4,21.8,0.0
2025-05-28 04:00:00,66.6,22.3,0.0
2025-05-28 05:00:00,56.0,22.7,32.3
2025-05-28 06:00:00,73.4,21.6,130.3
2025-05-28 07:00:00,84.6,22.8,184.4
2025-05-28 08:00:00,87.2,23.7,236.9
2025-05-28 09:00:00,77.5,24.4,399.3
2025-05-28 10:00:00,75.1,25.6,485.6
2025-05-28 11:00:00,72.1,26.4,570.3
2025-05-28 12:00:00,73.4,28.6,550.2
2025-05-28 13:00:00,83.5,28.9,393.1
2025-05-28 14:00:00,87.8,29.6,302.5
2025-05-28 15:00:00,75.9,30.5,335.3
2025-05-28 16:00:00,85.1,31.1,173.9
2025-05-28 17:00:00,84.7,32.2,93.2
2025-05-28 18:00:00,87.3,33.1,16.0
2025-05-28 19:00:00,95.9,32.1,0.0
2025-05-28 20:00:00,82.8,30.6,0.0
2025-05-28 21:00:00,79.8,29.0,0.0
2025-05-28 22:00:00,73.3,26.9,0.0
2025-05-28 23:00:00,59.2,26.4,0.0
2025-05-29 00:00:00,21.7,25.4,0.0
2025-05-29 01:00:00,41.6,24.7,0.0
2025-05-29 02:00:00,24.3,24.5,0.0
2025-05-29 03:00:00,23.6,24.8,0.0
2025-05-29 04:00:00,28.3,25.0,0.0
2025-05-29 05:00:00,28.3,25.5,41.7
2025-05-29 06:00:00,26.5,26.7,229.2
2025-05-29 07:00:00,15.3,27.1,443.4
2025-05-29 08:00:00,17.8,29.0,648.5
2025-05-29 09:00:00,12.0,30.3,838.6
2025-05-29 10:00:00,0.0,32.8,928.9
2025-05-29 11:00:00,8.0,33.8,1016.3
2025-05-29 12:00:00,17.2,34.6,1017.1
2025-05-29 13:00:00,17.9,35.4,936.4
2025-05-29 14:00:00,20.1,35.6,782.6
2025-05-29 15:00:00,28.7,35.5,577.8
2025-05-29 16:00:00,29.5,36.1,413.6
2025-05-29 17:00:00,35.6,34.5,210.9
2025-05-29 18:00:00,31.4,33.2,39.8
2025-05-29 19:00:00,40.5,31.8,0.0
2025-05-29 20:00:00,40.7,29.8,0.0
2025-05-29 21:00:00,39.8,29.0,0.0
2025-05-29 22:00:00,27.3,27.8,0.0
2025-05-29 23:00:00,28.7,26.6,0.0
2025-05-30 00:00:00,8.8,24.8,0.0
2025-05-30 01:00:00,3.6,24.4,0.0
2025-05-30 02:00:00,0.0,22.8,0.0
2025-05-30 03:00:00,0.0,23.6,0.0
2025-05-30 04:00:00,9.4,23.5,0.0
2025-05-30 05:00:00,19.9,24.0,43.8
2025-05-30 06:00:00,33.8,24.4,211.8
2025-05-30 07:00:00,20.9,24.8,443.5
2025-05-30 08:00:00,20.0,27.0,623.9
2025-05-30 09:00:00,8.2,29.1,847.3
2025-05-30 10:00:00,2.6,31.3,970.5
2025-05-30 11:00:00,0.0,32.1,1033.2
2025-05-30 12:00:00,7.3,33.1,1013.0
2025-05-30 13:00:00,4.2,34.3,938.8
2025-05-30 14:00:00,13.2,34.7,812.1
2025-05-30 15:00:00,17.4,34.3,638.0
2025-05-30 16:00:00,34.7,34.5,384.2
2025-05-30 17:00:00,19.7,34.3,231.6
2025-05-30 18:00:00,28.3,33.1,43.1
2025-05-30 19:00:00,35.1,31.1,0.0
2025-05-30 20:00:00,24.0,29.8,0.0
2025-05-30 21:00:00,30.2,29.5,0.0
2025-05-30 22:00:00,30.2,27.4,0.0
2025-05-30 23:00:00,25.7,25.9,0.0
2025-05-31 00:00:00,33.9,25.4,0.0
2025-05-31 01:00:00,27.1,23.7,0.0
2025-05-31 02:00:00,43.3,23.0,0.0
2025-05-31 03:00:00,41.1,22.3,0.0
2025-05-31 04:00:00,45.4,23.1,0.0
2025-05-31 05:00:00,36.6,24.1,39.5
2025-05-31 06:00:00,29.0,24.6,221.6
2025-05-31 07:00:00,37.1,24.9,401.5
2025-05-31 08:00:00,24.9,26.0,630.9
2025-05-31 09:00:00,21.6,27.1,808.3
2025-05-31 10:00:00,22.2,28.0,920.6
2025-05-31 11:00:00,23.5,29.3,968.1
2025-05-31 12:00:00,22.2,30.9,988.5
2025-05-31 13:00:00,25.7,32.1,882.1
2025-05-31 14:00:00,31.2,32.6,743.8
2025-05-31 15:00:00,36.3,33.0,578.9
2025-05-31 16:00:00,27.0,33.2,425.9
2025-05-31 17:00:00,24.5,32.3,220.0
2025-05-31 18:00:00,34.1,31.8,42.0
2025-05-31 19:00:00,40.2,30.6,0.0
2025-05-31 20:00:00,27.4,28.3,0.0
2025-05-31 21:00:00,29.9,27.0,0.0
2025-05-31 22:00:00,13.5,25.0,0.0
2025-05-31 23:00:00,15.2,23.7,0.0
2025-06-01 00:00:00,25.9,23.3,0.0
2025-06-01 01:00:00,17.5,21.7,0.0
2025-06-01 02:00:00,11.0,21.1,0.0
2025-06-01 03:00:00,18.1,20.2,0.0
2025-06-01 04:00:00,5.9,21.1,0.0
2025-06-01 05:00:00,2.4,21.0,48.0
2025-06-01 06:00:00,9.2,21.7,248.5
2025-06-01 07:00:00,5.4,23.7,479.3
2025-06-01 08:00:00,5.1,25.0,682.2
2025-06-01 09:00:00,12.8,25.7,812.0
2025-06-01 10:00:00,16.9,27.5,923.0
2025-06-01 11:00:00,19.3,29.2,987.7
2025-06-01 12:00:00,16.6,30.3,1037.1
2025-06-01 13:00:00,19.9,31.0,921.9
2025-06-01 14:00:00,18.8,31.6,786.3
2025-06-01 15:00:00,22.5,31.8,623.4
2025-06-01 16:00:00,18.2,31.0,450.2
2025-06-01 17:00:00,16.8,30.6,240.4
2025-06-01 18:00:00,9.2,30.8,47.5
2025-06-01 19:00:00,10.1,29.2,0.0
2025-06-01 20:00:00,4.7,27.5,0.0
2025-06-01 21:00:00,0.0,25.4,0.0
2025-06-01 22:00:00,2.2,24.3,0.0
2025-06-01 23:00:00,6.0,23.6,0.0
2025-06-02 00:00:00,34.0,23.6,0.0
2025-06-02 01:00:00,31.2,22.0,0.0
2025-06-02 02:00:00,35.5,21.7,0.0
2025-06-02 03:00:00,40.4,22.4,0.0
2025-06-02 04:00:00,43.8,22.9,0.0
2025-06-02 05:00:00,36.7,23.5,43.0
2025-06-02 06:00:00,38.2,23.7,216.9
2025-06-02 07:00:00,41.3,24.6,383.6
2025-06-02 08:00:00,41.1,26.3,551.2
2025-06-02 09:00:00,24.2,28.1,791.3
2025-06-02 10:00:00,27.3,28.7,914.9
2025-06-02 11:00:00,46.5,29.1,818.4
2025-06-02 12:00:00,42.8,31.1,834.6
2025-06-02 13:00:00,36.5,32.5,813.5
2025-06-02 14:00:00,39.9,33.3,692.8
2025-06-02 15:00:00,42.3,33.4,560.9
2025-06-02 16:00:00,51.5,34.1,344.9
2025-06-02 17:00:00,40.0,34.9,204.9
2025-06-02 18:00:00,45.8,35.0,38.7
2025-06-02 19:00:00,49.8,34.6,0.0
2025-06-02 20:00:00,47.4,32.8,0.0
2025-06-02 21:00:00,49.1,30.9,0.0
2025-06-02 22:00:00,56.2,29.3,0.0
2025-06-02 23:00:00,61.2,27.8,0.0
2025-06-03 00:00:00,91.8,27.8,0.0
2025-06-03 01:00:00,97.1,27.4,0.0
2025-06-03 02:00:00,94.8,26.8,0.0
2025-06-03 03:00:00,93.8,25.7,0.0
2025-06-03 04:00:00,93.0,25.0,0.0
2025-06-03 05:00:00,90.4,25.2,15.7
2025-06-03 06:00:00,98.9,25.5,48.7
2025-06-03 07:00:00,96.2,25.5,110.3
2025-06-03 08:00:00,85.5,27.1,256.5
2025-06-03 09:00:00,81.9,27.4,355.7
2025-06-03 10:00:00,83.3,27.7,392.2
2025-06-03 11:00:00,93.0,28.1,282.0
2025-06-03 12:00:00,96.5,28.9,235.0
2025-06-03 13:00:00,87.9,30.7,352.4
2025-06-03 14:00:00,100.0,31.2,149.3
2025-06-03 15:00:00,100.0,31.4,117.4
2025-06-03 16:00:00,100.0,32.7,83.8
2025-06-03 17:00:00,100.0,32.3,44.4
2025-06-03 18:00:00,100.0,32.1,9.0
2025-06-03 19:00:00,100.0,30.5,0.0
2025-06-03 20:00:00,100.0,29.2,0.0
2025-06-03 21:00:00,100.0,27.9,0.0
2025-06-03 22:00:00,100.0,27.4,0.0
2025-06-03 23:00:00,100.0,26.4,0.0
2025-06-04 00:00:00,93.0,25.9,0.0
2025-06-04 01:00:00,92.5,25.1,0.0
2025-06-04 02:00:00,96.8,24.0,0.0
2025-06-04 03:00:00,91.4,23.8,0.0
2025-06-04 04:00:00,96.9,24.4,0.0
2025-06-04 05:00:00,100.0,24.9,9.6
2025-06-04 06:00:00,92.9,24.4,68.5
2025-06-04 07:00:00,83.0,25.0,191.1
2025-06-04 08:00:00,79.9,25.1,304.2
2025-06-04 09:00:00,80.8,25.5,370.0
2025-06-04 10:00:00,74.8,26.2,495.2
2025-06-04 11:00:00,84.6,27.1,410.6
2025-06-04 12:00:00,85.8,27.7,403.0
2025-06-04 13:00:00,83.8,28.9,397.1
2025-06-04 14:00:00,70.2,30.9,491.6
2025-06-04 15:00:00,59.3,31.5,445.2
2025-06-04 16:00:00,62.4,31.7,302.7
2025-06-04 17:00:00,45.8,31.9,198.7
2025-06-04 18:00:00,56.4,31.8,36.2
2025-06-04 19:00:00,56.3,30.6,0.0
2025-06-04 20:00:00,83.4,30.0,0.0
2025-06-04 21:00:00,99.9,29.0,0.0
2025-06-04 22:00:00,94.4,28.0,0.0
2025-06-04 23:00:00,90.2,26.5,0.0
2025-06-05 00:00:00,62.1,24.7,0.0
2025-06-05 01:00:00,72.2,23.5,0.0
2025-06-05 02:00:00,54.4,22.9,0.0
2025-06-05 03:00:00,37.6,22.2,0.0
2025-06-05 04:00:00,32.1,22.1,0.0
2025-06-05 05:00:00,36.9,22.5,44.5
2025-06-05 06:00:00,40.4,22.7,210.1
2025-06-05 07:00:00,48.1,23.6,371.9
2025-06-05 08:00:00,36.7,24.1,579.0
2025-06-05 09:00:00,17.8,26.2,827.9
2025-06-05 10:00:00,26.5,27.7,909.5
2025-06-05 11:00:00,20.7,29.1,988.5
2025-06-05 12:00:00,6.0,32.0,1008.1
2025-06-05 13:00:00,10.4,32.8,928.8
2025-06-05 14:00:00,19.5,32.4,808.9
2025-06-05 15:00:00,20.2,32.7,631.7
2025-06-05 16:00:00,18.1,32.8,454.7
2025-06-05 17:00:00,18.6,32.7,242.5
2025-06-05 18:00:00,17.4,31.8,49.7
2025-06-05 19:00:00,8.5,30.1,0.0
2025-06-05 20:00:00,5.7,28.1,0.0
2025-06-05 21:00:00,13.2,26.4,0.0
2025-06-05 22:00:00,18.2,24.8,0.0
2025-06-05 23:00:00,21.3,22.9,0.0
2025-06-06 00:00:00,15.5,21.5,0.0
2025-06-06 01:00:00,16.2,21.0,0.0
2025-06-06 02:00:00,0.9,21.2,0.0
2025-06-06 03:00:00,6.3,21.5,0.0
2025-06-06 04:00:00,21.1,22.6,0.0
2025-06-06 05:00:00,10.8,23.5,52.2
2025-06-06 06:00:00,8.9,24.8,243.1
2025-06-06 07:00:00,14.5,25.6,454.0
2025-06-06 08:00:00,26.9,26.7,613.9
2025-06-06 09:00:00,24.1,27.9,803.8
2025-06-06 10:00:00,19.8,29.3,924.0
2025-06-06 11:00:00,5.7,31.3,1030.1
2025-06-06 12:00:00,9.9,32.7,1032.9
2025-06-06 13:00:00,29.1,33.2,921.1
2025-06-06 14:00:00,31.9,33.8,768.9
2025-06-06 15:00:00,32.0,34.3,598.2
2025-06-06 16:00:00,34.8,34.5,407.7
2025-06-06 17:00:00,34.6,34.6,217.0
2025-06-06 18:00:00,28.0,33.2,47.2
2025-06-06 19:00:00,35.3,31.6,0.0
2025-06-06 20:00:00,36.9,30.8,0.0
2025-06-06 21:00:00,36.7,29.2,0.0
2025-06-06 22:00:00,28.6,27.3,0.0
2025-06-06 23:00:00,39.6,25.9,0.0
2025-06-07 00:00:00,27.3,24.5,0.0
2025-06-07 01:00:00,21.6,23.7,0.0
2025-06-07 02:00:00,29.1,22.7,0.0
2025-06-07 03:00:00,23.6,22.4,0.0
2025-06-07 04:00:00,16.6,22.7,0.0
2025-06-07 05:00:00,10.5,23.4,53.5
2025-06-07 06:00:00,0.0,24.3,246.7
2025-06-07 07:00:00,3.3,25.8,450.3
2025-06-07 08:00:00,0.0,27.0,679.8
2025-06-07 09:00:00,0.0,28.0,849.8
2025-06-07 10:00:00,0.0,30.9,948.6
2025-06-07 11:00:00,0.0,32.1,1021.2
2025-06-07 12:00:00,0.0,33.2,1018.6
2025-06-07 13:00:00,0.0,34.5,956.3
2025-06-07 14:00:00,0.0,35.9,838.9
2025-06-07 15:00:00,0.0,35.7,666.8
2025-06-07 16:00:00,0.0,35.0,459.3
2025-06-07 17:00:00,0.0,33.7,246.5
2025-06-07 18:00:00,0.0,33.6,52.9
2025-06-07 19:00:00,0.0,31.8,0.0
2025-06-07 20:00:00,0.0,30.3,0.0
2025-06-07 21:00:00,3.7,28.3,0.0
2025-06-07 22:00:00,9.9,26.1,0.0
2025-06-07 23:00:00,7.5,24.6,0.0
2025-06-08 00:00:00,0.0,22.9,0.0
2025-06-08 01:00:00,0.0,21.7,0.0
2025-06-08 02:00:00,0.0,22.2,0.0
2025-06-08 03:00:00,0.0,22.2,0.0
2025-06-08 04:00:00,0.0,22.9,0.0
2025-06-08 05:00:00,0.0,23.9,53.8
2025-06-08 06:00:00,0.0,24.8,245.3
2025-06-08 07:00:00,0.0,25.8,452.4
2025-06-08 08:00:00,0.0,27.4,669.7
2025-06-08 09:00:00,0.0,29.0,840.8
2025-06-08 10:00:00,0.0,30.3,962.5
2025-06-08 11:00:00,0.0,31.8,1034.9
2025-06-08 12:00:00,0.0,32.7,1013.7
2025-06-08 13:00:00,0.0,33.6,962.1
2025-06-08 14:00:00,0.0,34.0,853.7
2025-06-08 15:00:00,0.0,33.6,666.2
2025-06-08 16:00:00,0.0,32.3,450.3
2025-06-08 17:00:00,0.0,31.3,248.6
2025-06-08 18:00:00,0.0,31.4,52.7
2025-06-08 19:00:00,0.0,30.1,0.0
2025-06-08 20:00:00,0.0,29.1,0.0
2025-06-08 21:00:00,0.0,26.5,0.0
2025-06-08 22:00:00,0.0,24.6,0.0
2025-06-08 23:00:00,0.0,22.6,0.0
2025-06-09 00:00:00,4.6,21.6,0.0
2025-06-09 01:00:00,8.1,22.1,0.0
2025-06-09 02:00:00,8.9,21.8,0.0
2025-06-09 03:00:00,3.3,22.4,0.0
2025-06-09 04:00:00,4.7,22.5,0.0
2025-06-09 05:00:00,11.3,23.9,53.2
2025-06-09 06:00:00,14.6,25.8,244.6
2025-06-09 07:00:00,19.2,26.7,461.2
2025-06-09 08:00:00,16.6,27.7,640.5
2025-06-09 09:00:00,28.9,28.0,771.7
2025-06-09 10:00:00,21.0,29.5,949.0
2025-06-09 11:00:00,27.4,30.7,959.2
2025-06-09 12:00:00,38.5,32.5,855.8
2025-06-09 13:00:00,42.7,32.7,806.8
2025-06-09 14:00:00,41.0,33.7,689.4
2025-06-09 15:00:00,36.8,33.4,596.6
2025-06-09 16:00:00,45.7,33.2,366.9
2025-06-09 17:00:00,33.8,33.4,235.5
2025-06-09 18:00:00,26.9,33.0,51.7
2025-06-09 19:00:00,25.5,32.2,0.0
2025-06-09 20:00:00,37.3,31.1,0.0
2025-06-09 21:00:00,40.9,29.9,0.0
2025-06-09 22:00:00,33.2,28.2,0.0
2025-06-09 23:00:00,31.7,26.2,0.0
2025-06-10 00:00:00,46.1,24.4,0.0
2025-06-10 01:00:00,42.0,23.2,0.0
2025-06-10 02:00:00,51.9,22.7,0.0
2025-06-10 03:00:00,41.9,23.0,0.0
2025-06-10 04:00:00,56.9,23.4,0.0
2025-06-10 05:00:00,63.8,23.8,35.2
2025-06-10 06:00:00,72.0,24.2,138.5
2025-06-10 07:00:00,66.9,24.6,285.7
2025-06-10 08:00:00,64.8,25.9,402.2
2025-06-10 09:00:00,52.7,28.2,630.4
2025-06-10 10:00:00,49.3,30.7,751.3
2025-06-10 11:00:00,54.5,31.7,776.9
2025-06-10 12:00:00,65.5,32.6,620.4
2025-06-10 13:00:00,55.9,34.8,713.0
2025-06-10 14:00:00,53.4,35.6,622.1
2025-06-10 15:00:00,53.0,36.4,500.8
2025-06-10 16:00:00,42.6,36.2,397.4
2025-06-10 17:00:00,49.4,35.8,196.2
2025-06-10 18:00:00,44.8,35.9,44.8
2025-06-10 19:00:00,45.0,34.4,0.0
2025-06-10 20:00:00,43.1,32.7,0.0
2025-06-10 21:00:00,38.8,30.3,0.0
2025-06-10 22:00:00,41.2,29.7,0.0
2025-06-10 23:00:00,41.7,28.8,0.0
2025-06-11 00:00:00,14.0,27.3,0.0
2025-06-11 01:00:00,10.4,26.4,0.0
2025-06-11 02:00:00,15.7,26.0,0.0
2025-06-11 03:00:00,30.9,26.6,0.0
2025-06-11 04:00:00,32.3,26.4,0.0
2025-06-11 05:00:00,40.3,27.2,45.4
2025-06-11 06:00:00,28.3,28.0,240.2
2025-06-11 07:00:00,30.1,29.4,422.3
2025-06-11 08:00:00,21.6,29.4,635.2
2025-06-11 09:00:00,11.1,30.7,816.2
2025-06-11 10:00:00,7.8,31.7,963.6
2025-06-11 11:00:00,20.3,32.6,1016.3
2025-06-11 12:00:00,29.4,32.4,962.7
2025-06-11 13:00:00,31.8,32.4,884.8
2025-06-11 14:00:00,19.6,34.6,817.5
2025-06-11 15:00:00,19.6,35.3,638.1
2025-06-11 16:00:00,23.6,35.3,426.1
2025-06-11 17:00:00,26.1,35.1,233.3
2025-06-11 18:00:00,12.1,34.3,54.3
2025-06-11 19:00:00,7.5,33.5,0.0
2025-06-11 20:00:00,10.0,31.7,0.0
2025-06-11 21:00:00,17.0,30.3,0.0
2025-06-11 22:00:00,1.3,28.6,0.0
2025-06-11 23:00:00,3.8,26.6,0.0
2025-06-12 00:00:00,5.6,26.1,0.0
2025-06-12 01:00:00,15.3,25.0,0.0
2025-06-12 02:00:00,22.6,25.0,0.0
2025-06-12 03:00:00,28.1,24.9,0.0
2025-06-12 04:00:00,21.9,25.8,0.0
2025-06-12 05:00:00,7.6,25.5,56.1
2025-06-12 06:00:00,7.1,25.7,252.2
2025-06-12 07:00:00,17.9,26.3,465.0
2025-06-12 08:00:00,30.5,27.3,623.6
2025-06-12 09:00:00,36.1,29.2,744.5
2025-06-12 10:00:00,38.8,31.2,834.3
2025-06-12 11:00:00,40.7,31.2,879.3
2025-06-12 12:00:00,35.0,32.8,901.4
2025-06-12 13:00:00,33.3,32.2,860.4
2025-06-12 14:00:00,46.3,33.1,660.2
2025-06-12 15:00:00,36.8,34.5,577.3
2025-06-12 16:00:00,48.8,34.5,359.7
2025-06-12 17:00:00,44.0,34.5,203.2
2025-06-12 18:00:00,52.9,34.1,41.6
2025-06-12 19:00:00,38.9,32.5,0.0
2025-06-12 20:00:00,42.5,31.4,0.0
2025-06-12 21:00:00,35.1,29.6,0.0
2025-06-12 22:00:00,23.1,28.3,0.0
2025-06-12 23:00:00,25.7,26.8,0.0
2025-06-13 00:00:00,30.0,25.3,0.0
2025-06-13 01:00:00,22.7,23.5,0.0
2025-06-13 02:00:00,11.1,21.9,0.0
2025-06-13 03:00:00,12.1,22.4,0.0
2025-06-13 04:00:00,13.0,22.5,0.0
2025-06-13 05:00:00,18.9,23.3,54.8
2025-06-13 06:00:00,27.3,25.0,238.4
2025-06-13 07:00:00,26.6,25.6,434.5
2025-06-13 08:00:00,41.3,26.2,565.7
2025-06-13 09:00:00,41.2,27.4,707.6
2025-06-13 10:00:00,36.6,28.9,852.6
2025-06-13 11:00:00,22.4,31.8,948.9
2025-06-13 12:00:00,20.7,33.8,969.8
2025-06-13 13:00:00,18.6,35.2,962.5
2025-06-13 14:00:00,27.1,36.3,741.5
2025-06-13 15:00:00,30.6,36.5,605.5
2025-06-13 16:00:00,20.6,36.7,456.2
2025-06-13 17:00:00,22.6,36.1,238.9
2025-06-13 18:00:00,28.3,34.8,51.3
2025-06-13 19:00:00,40.2,34.4,0.0
2025-06-13 20:00:00,45.5,33.2,0.0
2025-06-13 21:00:00,49.2,31.6,0.0
2025-06-13 22:00:00,46.9,30.0,0.0
2025-06-13 23:00:00,47.4,27.7,0.0
2025-06-14 00:00:00,26.3,25.7,0.0
2025-06-14 01:00:00,12.2,24.7,0.0
2025-06-14 02:00:00,7.6,23.8,0.0
2025-06-14 03:00:00,0.1,23.4,0.0
2025-06-14 04:00:00,2.8,23.6,0.0
2025-06-14 05:00:00,12.0,23.9,56.5
2025-06-14 06:00:00,5.4,24.3,247.8
2025-06-14 07:00:00,0.0,24.8,461.3
2025-06-14 08:00:00,0.0,26.2,679.7
2025-06-14 09:00:00,0.0,28.2,862.1
2025-06-14 10:00:00,0.0,29.0,959.6
2025-06-14 11:00:00,0.6,30.5,1009.7
2025-06-14 12:00:00,0.0,32.0,1100.0
2025-06-14 13:00:00,0.0,32.5,986.9
2025-06-14 14:00:00,0.0,33.9,841.6
2025-06-14 15:00:00,0.0,34.0,684.6
2025-06-14 16:00:00,5.5,33.8,465.2
2025-06-14 17:00:00,9.0,33.2,255.6
2025-06-14 18:00:00,2.9,31.5,57.0
2025-06-14 19:00:00,0.0,30.8,0.0
2025-06-14 20:00:00,0.0,29.0,0.0
2025-06-14 21:00:00,0.0,27.4,0.0
2025-06-14 22:00:00,4.0,26.3,0.0
2025-06-14 23:00:00,4.6,25.7,0.0
2025-06-15 00:00:00,18.1,24.3,0.0
2025-06-15 01:00:00,33.2,23.4,0.0
2025-06-15 02:00:00,31.7,23.5,0.0
2025-06-15 03:00:00,36.1,23.7,0.0
2025-06-15 04:00:00,29.0,24.1,0.0
2025-06-15 05:00:00,30.5,24.1,52.8
2025-06-15 06:00:00,31.4,24.5,232.2
2025-06-15 07:00:00,14.6,25.6,453.9
2025-06-15 08:00:00,31.1,26.1,606.3
2025-06-15 09:00:00,39.7,26.4,720.6
2025-06-15 10:00:00,33.9,27.7,827.9
2025-06-15 11:00:00,23.1,30.3,987.8
2025-06-15 12:00:00,25.2,31.6,938.2
2025-06-15 13:00:00,24.9,33.3,943.5
2025-06-15 14:00:00,26.9,34.1,774.7
2025-06-15 15:00:00,27.3,34.2,617.5
2025-06-15 16:00:00,30.1,34.9,417.9
2025-06-15 17:00:00,40.2,34.7,211.2
2025-06-15 18:00:00,42.0,34.8,49.6
2025-06-15 19:00:00,30.6,33.0,0.0
2025-06-15 20:00:00,39.9,32.2,0.0
2025-06-15 21:00:00,50.4,31.3,0.0
2025-06-15 22:00:00,71.6,30.2,0.0
2025-06-15 23:00:00,56.1,28.0,0.0
2025-06-16 00:00:00,99.4,27.5,0.0
2025-06-16 01:00:00,78.5,26.5,0.0
2025-06-16 02:00:00,81.1,26.0,0.0
2025-06-16 03:00:00,74.6,26.0,0.0
2025-06-16 04:00:00,88.6,26.8,0.0
2025-06-16 05:00:00,79.4,26.5,26.2
2025-06-16 06:00:00,64.0,25.9,156.5
2025-06-16 07:00:00,60.1,26.5,329.0
2025-06-16 08:00:00,44.7,27.5,530.8
2025-06-16 09:00:00,53.0,28.8,627.9
2025-06-16 10:00:00,37.7,30.0,805.2
2025-06-16 11:00:00,41.0,31.7,859.8
2025-06-16 12:00:00,27.1,34.1,964.6
2025-06-16 13:00:00,28.9,35.0,871.9
2025-06-16 14:00:00,46.2,35.2,681.5
2025-06-16 15:00:00,51.1,35.3,505.7
2025-06-16 16:00:00,45.7,35.3,383.8
2025-06-16 17:00:00,47.6,35.0,205.2
2025-06-16 18:00:00,49.6,35.4,43.7
2025-06-16 19:00:00,55.0,34.3,0.0
2025-06-16 20:00:00,45.1,32.0,0.0
2025-06-16 21:00:00,52.0,30.7,0.0
2025-06-16 22:00:00,31.8,29.3,0.0
2025-06-16 23:00:00,30.5,27.7,0.0
2025-06-17 00:00:00,28.4,27.3,0.0
2025-06-17 01:00:00,37.4,26.8,0.0
2025-06-17 02:00:00,40.4,25.6,0.0
2025-06-17 03:00:00,31.7,25.0,0.0
2025-06-17 04:00:00,27.4,25.2,0.0
2025-06-17 05:00:00,33.0,24.8,52.2
2025-06-17 06:00:00,35.8,25.6,221.3
2025-06-17 07:00:00,34.2,25.6,416.1
2025-06-17 08:00:00,33.6,27.2,583.0
2025-06-17 09:00:00,42.5,28.7,715.5
2025-06-17 10:00:00,40.6,30.3,769.3
2025-06-17 11:00:00,42.4,31.2,854.6
2025-06-17 12:00:00,62.0,31.8,693.3
2025-06-17 13:00:00,50.5,33.0,718.8
2025-06-17 14:00:00,37.0,33.8,736.5
2025-06-17 15:00:00,46.2,34.0,528.6
2025-06-17 16:00:00,42.5,34.7,383.9
2025-06-17 17:00:00,42.2,34.6,214.7
2025-06-17 18:00:00,38.3,34.9,49.6
2025-06-17 19:00:00,38.9,34.2,0.0
2025-06-17 20:00:00,54.4,33.2,0.0
2025-06-17 21:00:00,61.6,30.9,0.0
2025-06-17 22:00:00,68.5,29.3,0.0
2025-06-17 23:00:00,56.3,27.2,0.0
2025-06-18 00:00:00,42.5,25.7,0.0
2025-06-18 01:00:00,21.4,24.2,0.0
2025-06-18 02:00:00,19.1,23.4,0.0
2025-06-18 03:00:00,31.2,23.9,0.0
2025-06-18 04:00:00,38.3,24.5,0.0
2025-06-18 05:00:00,38.7,25.4,48.8
2025-06-18 06:00:00,40.6,25.1,204.2
2025-06-18 07:00:00,36.9,26.0,418.5
2025-06-18 08:00:00,40.9,27.5,581.1
2025-06-18 09:00:00,48.8,29.2,642.5
2025-06-18 10:00:00,36.8,30.1,836.4
2025-06-18 11:00:00,41.5,31.1,864.7
2025-06-18 12:00:00,50.7,32.5,772.1
2025-06-18 13:00:00,48.0,33.6,732.7
2025-06-18 14:00:00,54.6,33.8,610.5
2025-06-18 15:00:00,77.3,33.2,324.0
2025-06-18 16:00:00,73.9,33.4,244.2
2025-06-18 17:00:00,74.9,32.8,131.4
2025-06-18 18:00:00,66.7,32.8,36.1
2025-06-18 19:00:00,66.9,32.4,0.0
2025-06-18 20:00:00,69.3,30.4,0.0
2025-06-18 21:00:00,69.3,29.1,0.0
2025-06-18 22:00:00,59.5,27.9,0.0
2025-06-18 23:00:00,60.7,26.6,0.0
2025-06-19 00:00:00,77.7,24.9,0.0
2025-06-19 01:00:00,79.4,24.3,0.0
2025-06-19 02:00:00,85.0,23.8,0.0
2025-06-19 03:00:00,80.3,23.6,0.0
2025-06-19 04:00:00,84.1,23.6,0.0
2025-06-19 05:00:00,83.7,24.0,23.2
2025-06-19 06:00:00,73.5,24.3,135.5
2025-06-19 07:00:00,74.6,26.0,245.4
2025-06-19 08:00:00,65.2,27.0,413.3
2025-06-19 09:00:00,59.7,28.9,577.9
2025-06-19 10:00:00,61.5,30.2,641.9
2025-06-19 11:00:00,63.9,31.2,638.4
2025-06-19 12:00:00,54.1,32.9,763.1
2025-06-19 13:00:00,63.5,33.0,606.5
2025-06-19 14:00:00,67.9,34.0,510.3
2025-06-19 15:00:00,61.5,33.9,437.5
2025-06-19 16:00:00,49.3,34.1,360.6
2025-06-19 17:00:00,49.6,34.1,201.4
2025-06-19 18:00:00,47.5,34.4,46.2
2025-06-19 19:00:00,50.2,34.1,0.0
2025-06-19 20:00:00,48.7,32.5,0.0
2025-06-19 21:00:00,34.2,30.8,0.0
2025-06-19 22:00:00,34.4,29.7,0.0
2025-06-19 23:00:00,35.3,27.6,0.0
2025-06-20 00:00:00,6.4,26.2,0.0
2025-06-20 01:00:00,3.0,24.8,0.0
2025-06-20 02:00:00,19.1,24.4,0.0
2025-06-20 03:00:00,4.5,23.7,0.0
2025-06-20 04:00:00,17.4,24.4,0.0
2025-06-20 05:00:00,16.5,25.2,56.5
2025-06-20 06:00:00,24.4,26.3,247.5
2025-06-20 07:00:00,25.1,27.5,427.4
2025-06-20 08:00:00,34.1,28.5,575.4
2025-06-20 09:00:00,29.9,30.8,750.6
2025-06-20 10:00:00,20.5,31.7,948.1
2025-06-20 11:00:00,32.4,33.4,958.4
2025-06-20 12:00:00,30.6,34.5,922.2
2025-06-20 13:00:00,31.7,35.7,863.3
2025-06-20 14:00:00,40.7,36.0,692.6
2025-06-20 15:00:00,30.5,36.3,586.5
2025-06-20 16:00:00,34.6,36.6,418.6
2025-06-20 17:00:00,28.7,36.8,234.3
2025-06-20 18:00:00,27.2,36.4,53.8
2025-06-20 19:00:00,27.5,34.9,0.0
2025-06-20 20:00:00,15.2,35.0,0.0
2025-06-20 21:00:00,10.1,33.8,0.0
2025-06-20 22:00:00,22.7,32.7,0.0
2025-06-20 23:00:00,30.0,31.0,0.0
2025-06-21 00:00:00,3.7,29.0,0.0
2025-06-21 01:00:00,5.1,27.8,0.0
2025-06-21 02:00:00,2.1,27.5,0.0
2025-06-21 03:00:00,12.6,26.8,0.0
2025-06-21 04:00:00,9.5,26.3,0.0
2025-06-21 05:00:00,10.1,27.1,56.4
2025-06-21 06:00:00,18.0,28.0,246.9
2025-06-21 07:00:00,9.6,28.6,465.1
2025-06-21 08:00:00,20.9,29.1,643.8
2025-06-21 09:00:00,6.1,31.6,843.5
2025-06-21 10:00:00,18.3,32.8,910.8
2025-06-21 11:00:00,13.1,33.6,989.1
2025-06-21 12:00:00,9.5,34.3,980.1
2025-06-21 13:00:00,0.0,35.4,988.0
2025-06-21 14:00:00,0.0,36.4,860.9
2025-06-21 15:00:00,0.0,36.9,685.2
2025-06-21 16:00:00,0.0,37.2,472.6
2025-06-21 17:00:00,0.0,35.8,244.6
2025-06-21 18:00:00,0.0,34.9,57.2
2025-06-21 19:00:00,0.0,34.4,0.0
2025-06-21 20:00:00,0.0,33.5,0.0
2025-06-21 21:00:00,0.0,32.1,0.0
2025-06-21 22:00:00,0.0,31.6,0.0
2025-06-21 23:00:00,0.0,30.3,0.0
2025-06-22 00:00:00,24.6,29.9,0.0
2025-06-22 01:00:00,38.6,29.0,0.0
2025-06-22 02:00:00,35.7,27.8,0.0
2025-06-22 03:00:00,35.1,27.0,0.0
2025-06-22 04:00:00,43.1,27.3,0.0
2025-06-22 05:00:00,51.8,27.6,43.1
2025-06-22 06:00:00,48.4,27.0,197.4
2025-06-22 07:00:00,43.2,27.2,392.3
2025-06-22 08:00:00,41.2,28.1,561.4
2025-06-22 09:00:00,42.7,29.6,694.2
2025-06-22 10:00:00,48.4,30.6,737.3
2025-06-22 11:00:00,46.3,32.0,838.0
2025-06-22 12:00:00,49.4,32.6,788.3
2025-06-22 13:00:00,60.2,33.3,651.1
2025-06-22 14:00:00,59.7,34.9,589.4
2025-06-22 15:00:00,58.7,35.7,466.7
2025-06-22 16:00:00,43.2,35.5,372.2
2025-06-22 17:00:00,20.7,34.7,234.6
2025-06-22 18:00:00,25.0,34.4,54.4
2025-06-22 19:00:00,24.9,33.2,0.0
2025-06-22 20:00:00,21.5,31.7,0.0
2025-06-22 21:00:00,24.6,29.9,0.0
2025-06-22 22:00:00,24.8,28.6,0.0
2025-06-22 23:00:00,34.5,27.2,0.0
2025-06-23 00:00:00,47.1,26.2,0.0
2025-06-23 01:00:00,40.6,24.7,0.0
2025-06-23 02:00:00,48.8,24.8,0.0
2025-06-23 03:00:00,46.4,24.4,0.0
2025-06-23 04:00:00,50.2,25.0,0.0
2025-06-23 05:00:00,45.5,24.8,46.6
2025-06-23 06:00:00,40.0,26.1,211.6
2025-06-23 07:00:00,41.1,27.5,383.5
2025-06-23 08:00:00,41.4,27.6,548.1
2025-06-23 09:00:00,45.4,28.3,684.7
2025-06-23 10:00:00,43.0,29.9,789.3
2025-06-23 11:00:00,28.3,31.2,901.1
2025-06-23 12:00:00,26.6,32.5,967.9
2025-06-23 13:00:00,34.9,33.5,851.6
2025-06-23 14:00:00,33.5,34.3,770.1
2025-06-23 15:00:00,32.7,35.1,604.4
2025-06-23 16:00:00,41.8,34.8,378.1
2025-06-23 17:00:00,36.3,33.6,211.8
2025-06-23 18:00:00,24.8,33.5,53.8
2025-06-23 19:00:00,25.7,33.0,0.0
2025-06-23 20:00:00,23.9,32.8,0.0
2025-06-23 21:00:00,18.4,30.0,0.0
2025-06-23 22:00:00,20.0,28.9,0.0
2025-06-23 23:00:00,26.7,26.6,0.0
2025-06-24 00:00:00,20.6,26.3,0.0
2025-06-24 01:00:00,24.8,25.6,0.0
2025-06-24 02:00:00,40.6,24.8,0.0
2025-06-24 03:00:00,37.2,25.0,0.0
2025-06-24 04:00:00,39.1,24.9,0.0
2025-06-24 05:00:00,34.6,25.5,51.7
2025-06-24 06:00:00,27.9,26.1,230.3
2025-06-24 07:00:00,24.1,28.0,451.1
2025-06-24 08:00:00,21.6,30.1,623.6
2025-06-24 09:00:00,26.1,31.0,798.0
2025-06-24 10:00:00,45.9,32.1,788.6
2025-06-24 11:00:00,38.9,33.8,865.1
2025-06-24 12:00:00,35.1,34.4,944.6
2025-06-24 13:00:00,34.6,35.1,858.1
2025-06-24 14:00:00,37.8,36.9,735.8
2025-06-24 15:00:00,39.6,37.5,552.1
2025-06-24 16:00:00,49.3,37.9,377.1
2025-06-24 17:00:00,28.2,37.7,228.2
2025-06-24 18:00:00,10.0,36.5,58.8
2025-06-24 19:00:00,9.0,35.2,0.0
2025-06-24 20:00:00,20.9,33.7,0.0
2025-06-24 21:00:00,10.1,31.2,0.0
2025-06-24 22:00:00,0.0,29.0,0.0
2025-06-24 23:00:00,0.0,27.9,0.0
2025-06-25 00:00:00,22.9,26.9,0.0
2025-06-25 01:00:00,17.7,25.8,0.0
2025-06-25 02:00:00,14.0,25.3,0.0
2025-06-25 03:00:00,10.9,25.2,0.0
2025-06-25 04:00:00,16.8,26.0,0.0
2025-06-25 05:00:00,16.1,25.9,55.8
2025-06-25 06:00:00,24.4,27.0,241.1
2025-06-25 07:00:00,5.0,28.5,459.8
2025-06-25 08:00:00,3.8,30.4,675.7
2025-06-25 09:00:00,0.7,31.2,850.8
2025-06-25 10:00:00,4.9,32.7,965.0
2025-06-25 11:00:00,6.3,34.9,1049.1
2025-06-25 12:00:00,18.2,35.5,993.6
2025-06-25 13:00:00,7.5,37.1,969.0
2025-06-25 14:00:00,13.3,37.9,847.4
2025-06-25 15:00:00,22.4,37.4,646.4
2025-06-25 16:00:00,40.9,38.0,398.7
2025-06-25 17:00:00,38.5,38.0,212.7
2025-06-25 18:00:00,42.8,37.7,48.4
2025-06-25 19:00:00,29.5,35.5,0.0
2025-06-25 20:00:00,13.1,34.1,0.0
2025-06-25 21:00:00,24.6,32.9,0.0
2025-06-25 22:00:00,27.9,32.1,0.0
2025-06-25 23:00:00,40.3,30.6,0.0
2025-06-26 00:00:00,17.7,28.5,0.0
2025-06-26 01:00:00,24.5,27.2,0.0
2025-06-26 02:00:00,41.2,26.5,0.0
2025-06-26 03:00:00,44.4,25.8,0.0
2025-06-26 04:00:00,46.0,26.6,0.0
2025-06-26 05:00:00,45.3,27.6,47.1
2025-06-26 06:00:00,32.0,27.9,227.1
2025-06-26 07:00:00,43.8,28.3,377.8
2025-06-26 08:00:00,38.4,28.5,589.9
2025-06-26 09:00:00,42.6,29.9,665.1
2025-06-26 10:00:00,29.7,32.5,904.2
2025-06-26 11:00:00,21.4,33.8,974.0
2025-06-26 12:00:00,35.1,34.4,907.1
2025-06-26 13:00:00,32.8,35.7,855.7
2025-06-26 14:00:00,45.3,36.9,700.7
2025-06-26 15:00:00,43.9,37.5,534.6
2025-06-26 16:00:00,28.7,38.0,428.8
2025-06-26 17:00:00,37.1,37.7,222.3
2025-06-26 18:00:00,32.7,36.3,50.0
2025-06-26 19:00:00,39.1,34.5,0.0
2025-06-26 20:00:00,39.3,32.7,0.0
2025-06-26 21:00:00,27.0,31.4,0.0
2025-06-26 22:00:00,29.8,29.7,0.0
2025-06-26 23:00:00,48.6,28.3,0.0
2025-06-27 00:00:00,8.2,26.3,0.0
2025-06-27 01:00:00,6.4,25.2,0.0
2025-06-27 02:00:00,13.8,25.6,0.0
2025-06-27 03:00:00,13.4,25.3,0.0
2025-06-27 04:00:00,13.0,25.1,0.0
2025-06-27 05:00:00,2.3,25.5,60.0
2025-06-27 06:00:00,3.4,27.3,251.1
2025-06-27 07:00:00,10.8,28.2,450.1
2025-06-27 08:00:00,2.4,29.1,649.3
2025-06-27 09:00:00,13.1,30.0,846.5
2025-06-27 10:00:00,10.3,31.7,952.1
2025-06-27 11:00:00,1.6,33.8,1031.9
2025-06-27 12:00:00,8.9,35.3,1023.5
2025-06-27 13:00:00,5.1,35.8,987.8
2025-06-27 14:00:00,10.1,35.8,832.4
2025-06-27 15:00:00,6.1,36.1,701.3
2025-06-27 16:00:00,4.5,36.3,469.0
2025-06-27 17:00:00,7.5,35.1,258.3
2025-06-27 18:00:00,8.5,34.0,58.2
2025-06-27 19:00:00,0.0,32.4,0.0
2025-06-27 20:00:00,0.0,31.5,0.0
2025-06-27 21:00:00,0.0,30.3,0.0
2025-06-27 22:00:00,0.0,29.2,0.0
2025-06-27 23:00:00,0.0,28.4,0.0
2025-06-28 00:00:00,0.0,27.1,0.0
2025-06-28 01:00:00,0.0,25.5,0.0
2025-06-28 02:00:00,0.0,24.3,0.0
2025-06-28 03:00:00,0.0,23.2,0.0
2025-06-28 04:00:00,0.0,23.3,0.0
2025-06-28 05:00:00,0.0,23.8,56.9
2025-06-28 06:00:00,0.0,25.2,258.2
2025-06-28 07:00:00,0.0,26.5,481.6
2025-06-28 08:00:00,0.0,27.8,661.2
2025-06-28 09:00:00,0.0,29.4,838.3
2025-06-28 10:00:00,0.0,30.5,1005.6
2025-06-28 11:00:00,7.4,32.2,1009.7
2025-06-28 12:00:00,1.0,33.4,1009.6
2025-06-28 13:00:00,3.2,33.8,999.9
2025-06-28 14:00:00,0.0,35.0,866.7
2025-06-28 15:00:00,2.1,35.5,678.6
2025-06-28 16:00:00,14.6,34.4,456.6
2025-06-28 17:00:00,18.4,34.5,242.6
2025-06-28 18:00:00,21.0,33.5,55.1
2025-06-28 19:00:00,15.7,32.2,0.0
2025-06-28 20:00:00,2.7,30.7,0.0
2025-06-28 21:00:00,1.4,29.5,0.0
2025-06-28 22:00:00,11.6,28.4,0.0
2025-06-28 23:00:00,0.0,26.8,0.0
2025-06-29 00:00:00,19.9,25.8,0.0
2025-06-29 01:00:00,22.7,25.1,0.0
2025-06-29 02:00:00,16.2,24.4,0.0
2025-06-29 03:00:00,12.1,25.1,0.0
2025-06-29 04:00:00,11.4,25.6,0.0
2025-06-29 05:00:00,3.3,25.6,59.7
2025-06-29 06:00:00,0.0,26.3,256.7
2025-06-29 07:00:00,9.1,27.4,474.3
2025-06-29 08:00:00,1.7,29.6,673.6
2025-06-29 09:00:00,0.0,31.9,874.7
2025-06-29 10:00:00,0.0,33.2,1018.4
2025-06-29 11:00:00,3.8,34.0,1046.2
2025-06-29 12:00:00,5.9,34.6,1011.8
2025-06-29 13:00:00,5.6,35.7,956.7
2025-06-29 14:00:00,9.5,37.4,841.0
2025-06-29 15:00:00,0.0,38.1,679.2
2025-06-29 16:00:00,6.8,37.0,472.2
2025-06-29 17:00:00,13.2,36.1,251.2
2025-06-29 18:00:00,12.5,35.0,56.2
2025-06-29 19:00:00,23.2,33.5,0.0
2025-06-29 20:00:00,15.6,31.8,0.0
2025-06-29 21:00:00,26.9,30.7,0.0
2025-06-29 22:00:00,29.1,29.5,0.0
2025-06-29 23:00:00,27.1,28.6,0.0
2025-06-30 00:00:00,29.0,27.7,0.0
2025-06-30 01:00:00,28.9,25.7,0.0
2025-06-30 02:00:00,39.5,24.8,0.0
2025-06-30 03:00:00,30.5,24.4,0.0
2025-06-30 04:00:00,25.0,24.7,0.0
2025-06-30 05:00:00,34.6,25.7,49.6
2025-06-30 06:00:00,30.0,26.3,235.7
2025-06-30 07:00:00,37.9,27.2,397.7
2025-06-30 08:00:00,51.3,28.1,498.8
2025-06-30 09:00:00,46.2,29.3,699.5
2025-06-30 10:00:00,50.4,30.5,732.9
2025-06-30 11:00:00,39.4,32.8,881.1
2025-06-30 12:00:00,45.0,33.7,842.9
2025-06-30 13:00:00,45.5,34.8,760.9
2025-06-30 14:00:00,48.1,35.5,676.6
2025-06-30 15:00:00,41.5,36.9,566.7
2025-06-30 16:00:00,27.5,36.7,444.3
2025-06-30 17:00:00,32.6,37.3,223.2
2025-06-30 18:00:00,16.4,35.9,55.2
2025-06-30 19:00:00,16.2,34.4,0.0
2025-06-30 20:00:00,26.1,33.4,0.0
2025-06-30 21:00:00,28.8,32.4,0.0
2025-06-30 22:00:00,45.3,30.3,0.0
2025-06-30 23:00:00,52.3,28.4,0.0
2025-07-01 00:00:00,69.5,27.7,0.0
2025-07-01 01:00:00,68.6,27.9,0.0
2025-07-01 02:00:00,67.2,27.9,0.0
2025-07-01 03:00:00,53.7,27.2,0.0
2025-07-01 04:00:00,47.0,26.1,0.0
2025-07-01 05:00:00,44.1,26.5,45.0
2025-07-01 06:00:00,29.7,27.1,236.1
2025-07-01 07:00:00,33.7,27.7,416.7
2025-07-01 08:00:00,34.9,28.4,600.0
2025-07-01 09:00:00,24.6,30.1,787.8
2025-07-01 10:00:00,32.1,30.8,915.0
2025-07-01 11:00:00,41.2,32.7,854.5
2025-07-01 12:00:00,45.3,34.5,861.9
2025-07-01 13:00:00,44.5,35.9,785.1
2025-07-01 14:00:00,51.1,36.6,617.7
2025-07-01 15:00:00,57.6,36.7,472.8
2025-07-01 16:00:00,60.4,36.9,315.2
2025-07-01 17:00:00,53.8,37.8,181.6
2025-07-01 18:00:00,56.8,37.9,39.1
2025-07-01 19:00:00,66.7,37.0,0.0
2025-07-01 20:00:00,61.2,35.9,0.0
2025-07-01 21:00:00,77.8,34.7,0.0
2025-07-01 22:00:00,71.5,33.1,0.0
2025-07-01 23:00:00,70.4,32.0,0.0
2025-07-02 00:00:00,84.8,31.2,0.0
2025-07-02 01:00:00,86.2,30.5,0.0
2025-07-02 02:00:00,71.6,29.6,0.0
2025-07-02 03:00:00,68.4,29.1,0.0
2025-07-02 04:00:00,61.2,28.8,0.0
2025-07-02 05:00:00,64.7,28.7,35.1
2025-07-02 06:00:00,74.6,28.0,130.3
2025-07-02 07:00:00,80.6,27.8,209.6
2025-07-02 08:00:00,61.7,28.3,437.5
2025-07-02 09:00:00,80.4,28.5,371.0
2025-07-02 10:00:00,82.8,30.3,409.2
2025-07-02 11:00:00,76.4,31.7,511.8
2025-07-02 12:00:00,78.3,32.9,490.0
2025-07-02 13:00:00,80.0,34.2,447.9
2025-07-02 14:00:00,74.8,36.1,433.5
2025-07-02 15:00:00,77.2,36.5,326.4
2025-07-02 16:00:00,72.8,37.0,248.1
2025-07-02 17:00:00,70.6,37.1,143.5
2025-07-02 18:00:00,66.4,37.5,34.3
2025-07-02 19:00:00,56.7,37.0,0.0
2025-07-02 20:00:00,60.8,35.7,0.0
2025-07-02 21:00:00,67.9,34.8,0.0
2025-07-02 22:00:00,73.6,33.3,0.0
2025-07-02 23:00:00,81.1,31.7,0.0
2025-07-03 00:00:00,45.2,30.5,0.0
2025-07-03 01:00:00,40.6,29.6,0.0
2025-07-03 02:00:00,47.6,28.6,0.0
2025-07-03 03:00:00,36.2,28.6,0.0
2025-07-03 04:00:00,29.7,28.4,0.0
2025-07-03 05:00:00,23.6,28.5,54.2
2025-07-03 06:00:00,34.5,29.5,215.3
2025-07-03 07:00:00,43.0,30.1,392.3
2025-07-03 08:00:00,46.9,31.1,530.1
2025-07-03 09:00:00,55.0,32.2,604.7
2025-07-03 10:00:00,46.5,33.2,773.4
2025-07-03 11:00:00,48.8,34.5,813.5
2025-07-03 12:00:00,47.1,36.4,803.0
2025-07-03 13:00:00,53.3,36.7,703.0
2025-07-03 14:00:00,51.1,37.8,646.8
2025-07-03 15:00:00,47.0,37.9,512.3
2025-07-03 16:00:00,50.8,38.6,350.0
2025-07-03 17:00:00,56.9,38.9,188.4
2025-07-03 18:00:00,49.8,38.3,41.8
2025-07-03 19:00:00,48.5,38.2,0.0
2025-07-03 20:00:00,39.3,37.0,0.0
2025-07-03 21:00:00,19.7,35.3,0.0
2025-07-03 22:00:00,24.1,34.0,0.0
2025-07-03 23:00:00,31.2,32.9,0.0
2025-07-04 00:00:00,7.7,30.7,0.0
2025-07-04 01:00:00,0.0,29.5,0.0
2025-07-04 02:00:00,0.0,29.0,0.0
2025-07-04 03:00:00,0.0,28.4,0.0
2025-07-04 04:00:00,0.0,28.7,0.0
2025-07-04 05:00:00,0.0,29.7,53.8
2025-07-04 06:00:00,0.9,30.3,250.7
2025-07-04 07:00:00,10.3,31.2,462.0
2025-07-04 08:00:00,3.7,32.1,664.4
2025-07-04 09:00:00,0.0,32.8,886.6
2025-07-04 10:00:00,1.3,34.6,954.4
2025-07-04 11:00:00,0.0,36.0,1061.4
2025-07-04 12:00:00,0.0,37.1,1054.7
2025-07-04 13:00:00,0.0,37.5,970.7
2025-07-04 14:00:00,0.0,38.0,830.7
2025-07-04 15:00:00,0.0,38.7,661.3
2025-07-04 16:00:00,0.0,38.4,462.1
2025-07-04 17:00:00,0.0,37.8,243.2
2025-07-04 18:00:00,0.0,36.8,54.0
2025-07-04 19:00:00,0.0,34.9,0.0
2025-07-04 20:00:00,1.1,33.8,0.0
2025-07-04 21:00:00,0.7,31.5,0.0
2025-07-04 22:00:00,0.0,29.5,0.0
2025-07-04 23:00:00,5.7,27.6,0.0
2025-07-05 00:00:00,9.5,26.4,0.0
2025-07-05 01:00:00,13.7,25.4,0.0
2025-07-05 02:00:00,20.0,24.9,0.0
2025-07-05 03:00:00,26.5,24.4,0.0
2025-07-05 04:00:00,11.4,25.0,0.0
2025-07-05 05:00:00,7.4,25.9,52.6
2025-07-05 06:00:00,3.0,26.7,266.8
2025-07-05 07:00:00,7.0,27.7,463.5
2025-07-05 08:00:00,13.5,28.6,658.2
2025-07-05 09:00:00,27.3,29.6,797.6
2025-07-05 10:00:00,23.6,30.4,928.3
2025-07-05 11:00:00,20.3,31.5,989.3
2025-07-05 12:00:00,30.6,32.9,938.3
2025-07-05 13:00:00,32.8,34.1,837.8
2025-07-05 14:00:00,42.5,35.5,688.7
2025-07-05 15:00:00,43.2,35.9,555.5
2025-07-05 16:00:00,32.3,36.1,420.1
2025-07-05 17:00:00,21.3,35.7,244.7
2025-07-05 18:00:00,9.8,34.7,53.7
2025-07-05 19:00:00,17.4,33.4,0.0
2025-07-05 20:00:00,28.4,32.3,0.0
2025-07-05 21:00:00,43.3,31.0,0.0
2025-07-05 22:00:00,48.3,29.3,0.0
2025-07-05 23:00:00,55.3,28.7,0.0
2025-07-06 00:00:00,40.4,28.2,0.0
2025-07-06 01:00:00,29.0,27.7,0.0
2025-07-06 02:00:00,34.9,27.4,0.0
2025-07-06 03:00:00,36.7,27.5,0.0
2025-07-06 04:00:00,35.8,28.6,0.0
2025-07-06 05:00:00,37.3,29.3,46.9
2025-07-06 06:00:00,38.0,29.4,208.0
2025-07-06 07:00:00,46.4,30.2,371.3
2025-07-06 08:00:00,53.8,31.2,494.4
2025-07-06 09:00:00,54.4,31.6,632.0
2025-07-06 10:00:00,57.3,32.5,696.3
2025-07-06 11:00:00,57.2,34.3,738.2
2025-07-06 12:00:00,49.3,34.8,764.1
2025-07-06 13:00:00,52.1,35.1,737.8
2025-07-06 14:00:00,37.3,36.4,737.6
2025-07-06 15:00:00,43.9,36.9,548.7
2025-07-06 16:00:00,31.7,36.6,403.1
2025-07-06 17:00:00,32.9,36.3,219.7
2025-07-06 18:00:00,24.8,36.2,49.1
2025-07-06 19:00:00,28.9,35.2,0.0
2025-07-06 20:00:00,27.8,34.2,0.0
2025-07-06 21:00:00,14.4,32.1,0.0
2025-07-06 22:00:00,18.7,30.1,0.0
2025-07-06 23:00:00,14.4,29.1,0.0
2025-07-07 00:00:00,25.9,28.2,0.0
2025-07-07 01:00:00,25.9,26.6,0.0
2025-07-07 02:00:00,29.0,25.7,0.0
2025-07-07 03:00:00,20.9,26.2,0.0
2025-07-07 04:00:00,16.8,25.8,0.0
2025-07-07 05:00:00,14.1,26.8,51.5
2025-07-07 06:00:00,22.4,27.3,235.4
2025-07-07 07:00:00,36.2,28.1,402.2
2025-07-07 08:00:00,28.5,29.5,635.8
2025-07-07 09:00:00,36.7,29.5,735.9
2025-07-07 10:00:00,18.0,30.8,943.0
2025-07-07 11:00:00,9.4,32.7,1035.4
2025-07-07 12:00:00,3.6,33.9,1046.9
2025-07-07 13:00:00,0.0,35.6,968.7
2025-07-07 14:00:00,0.0,35.4,839.0
2025-07-07 15:00:00,0.0,36.0,672.7
2025-07-07 16:00:00,0.0,35.2,476.1
2025-07-07 17:00:00,3.0,34.5,255.5
2025-07-07 18:00:00,11.2,33.2,52.1
2025-07-07 19:00:00,15.0,33.2,0.0
2025-07-07 20:00:00,21.6,31.2,0.0
2025-07-07 21:00:00,21.5,29.7,0.0
2025-07-07 22:00:00,12.5,27.3,0.0
2025-07-07 23:00:00,22.5,26.9,0.0
2025-07-08 00:00:00,54.8,26.5,0.0
2025-07-08 01:00:00,48.2,25.6,0.0
2025-07-08 02:00:00,48.5,25.8,0.0
2025-07-08 03:00:00,42.8,25.6,0.0
2025-07-08 04:00:00,41.8,26.0,0.0
2025-07-08 05:00:00,47.0,26.5,41.2
2025-07-08 06:00:00,51.6,27.2,184.3
2025-07-08 07:00:00,45.7,27.7,371.8
2025-07-08 08:00:00,43.8,28.6,541.0
2025-07-08 09:00:00,54.6,29.9,612.1
2025-07-08 10:00:00,59.5,31.1,659.2
2025-07-08 11:00:00,76.4,31.6,503.0
2025-07-08 12:00:00,84.1,31.9,410.8
2025-07-08 13:00:00,90.7,33.6,303.3
2025-07-08 14:00:00,76.1,34.9,430.7
2025-07-08 15:00:00,80.6,36.1,298.9
2025-07-08 16:00:00,77.9,36.8,218.7
2025-07-08 17:00:00,71.6,36.4,138.5
2025-07-08 18:00:00,71.9,36.9,29.7
2025-07-08 19:00:00,78.3,36.2,0.0
2025-07-08 20:00:00,80.3,35.4,0.0
2025-07-08 21:00:00,71.1,33.6,0.0
2025-07-08 22:00:00,76.0,32.4,0.0
2025-07-08 23:00:00,69.2,29.9,0.0
2025-07-09 00:00:00,60.9,28.3,0.0
2025-07-09 01:00:00,57.6,26.7,0.0
2025-07-09 02:00:00,55.3,25.9,0.0
2025-07-09 03:00:00,61.1,26.0,0.0
2025-07-09 04:00:00,51.8,25.8,0.0
2025-07-09 05:00:00,67.5,26.9,30.8
2025-07-09 06:00:00,51.2,26.6,185.6
2025-07-09 07:00:00,46.7,27.8,373.5
2025-07-09 08:00:00,50.4,29.4,490.5
2025-07-09 09:00:00,55.4,30.8,598.2
2025-07-09 10:00:00,54.3,31.9,698.0
2025-07-09 11:00:00,53.7,32.1,733.7
2025-07-09 12:00:00,56.9,33.5,749.9
2025-07-09 13:00:00,54.6,34.7,683.1
2025-07-09 14:00:00,65.5,34.8,514.5
2025-07-09 15:00:00,70.7,35.1,382.2
2025-07-09 16:00:00,75.6,36.4,237.1
2025-07-09 17:00:00,65.1,36.1,151.2
2025-07-09 18:00:00,63.1,36.1,33.6
2025-07-09 19:00:00,59.4,35.2,0.0
2025-07-09 20:00:00,50.6,33.4,0.0
2025-07-09 21:00:00,53.8,32.3,0.0
2025-07-09 22:00:00,49.4,31.5,0.0
2025-07-09 23:00:00,55.1,29.9,0.0
2025-07-10 00:00:00,6.9,27.9,0.0
2025-07-10 01:00:00,21.5,27.4,0.0
2025-07-10 02:00:00,13.4,27.1,0.0
2025-07-10 03:00:00,15.2,26.8,0.0
2025-07-10 04:00:00,21.3,26.9,0.0
2025-07-10 05:00:00,15.8,26.2,50.9
2025-07-10 06:00:00,22.4,26.6,223.2
2025-07-10 07:00:00,11.5,27.2,467.3
2025-07-10 08:00:00,23.4,28.7,629.5
2025-07-10 09:00:00,22.3,30.0,803.8
2025-07-10 10:00:00,16.5,31.5,922.9
2025-07-10 11:00:00,13.8,33.1,996.4
2025-07-10 12:00:00,20.2,33.7,997.7
2025-07-10 13:00:00,14.8,35.7,989.0
2025-07-10 14:00:00,8.6,37.3,851.6
2025-07-10 15:00:00,7.5,38.4,680.5
2025-07-10 16:00:00,0.0,38.6,461.6
2025-07-10 17:00:00,15.1,38.0,238.3
2025-07-10 18:00:00,10.4,37.9,49.4
2025-07-10 19:00:00,17.5,36.3,0.0
2025-07-10 20:00:00,18.7,34.4,0.0
2025-07-10 21:00:00,10.2,32.4,0.0
2025-07-10 22:00:00,10.6,31.1,0.0
2025-07-10 23:00:00,17.2,29.3,0.0
2025-07-11 00:00:00,16.5,28.0,0.0
2025-07-11 01:00:00,25.9,26.4,0.0
2025-07-11 02:00:00,32.7,26.1,0.0
2025-07-11 03:00:00,37.9,25.2,0.0
2025-07-11 04:00:00,31.5,24.9,0.0
2025-07-11 05:00:00,20.9,26.0,47.1
2025-07-11 06:00:00,15.2,27.3,235.7
2025-07-11 07:00:00,16.8,28.6,451.6
2025-07-11 08:00:00,20.9,29.9,647.2
2025-07-11 09:00:00,2.8,31.5,857.5
2025-07-11 10:00:00,4.2,32.6,981.2
2025-07-11 11:00:00,6.7,33.8,1026.2
2025-07-11 12:00:00,5.5,34.4,1020.1
2025-07-11 13:00:00,17.0,35.1,922.4
2025-07-11 14:00:00,20.1,35.8,780.1
2025-07-11 15:00:00,29.9,35.5,618.0
2025-07-11 16:00:00,26.4,36.5,426.7
2025-07-11 17:00:00,32.5,36.6,214.9
2025-07-11 18:00:00,43.5,36.5,40.2
2025-07-11 19:00:00,50.5,35.3,0.0
2025-07-11 20:00:00,37.5,33.6,0.0
2025-07-11 21:00:00,32.8,32.3,0.0
2025-07-11 22:00:00,27.9,30.8,0.0
2025-07-11 23:00:00,30.2,30.1,0.0
2025-07-12 00:00:00,33.4,28.8,0.0
2025-07-12 01:00:00,24.5,27.4,0.0
2025-07-12 02:00:00,23.8,27.1,0.0
2025-07-12 03:00:00,6.5,26.0,0.0
2025-07-12 04:00:00,19.0,26.8,0.0
2025-07-12 05:00:00,14.4,26.6,48.0
2025-07-12 06:00:00,14.8,27.7,239.7
2025-07-12 07:00:00,12.3,28.5,457.0
2025-07-12 08:00:00,21.7,29.8,627.3
2025-07-12 09:00:00,0.0,32.3,834.2
2025-07-12 10:00:00,0.0,33.9,995.6
2025-07-12 11:00:00,0.9,34.7,1046.6
2025-07-12 12:00:00,0.0,35.5,1052.3
2025-07-12 13:00:00,14.5,35.6,967.4
2025-07-12 14:00:00,7.4,35.6,844.8
2025-07-12 15:00:00,14.5,36.4,662.9
2025-07-12 16:00:00,17.3,36.4,431.7
2025-07-12 17:00:00,27.1,35.4,227.9
2025-07-12 18:00:00,20.2,35.5,46.7
2025-07-12 19:00:00,13.7,33.9,0.0
2025-07-12 20:00:00,22.5,32.8,0.0
2025-07-12 21:00:00,25.0,30.9,0.0
2025-07-12 22:00:00,11.3,28.2,0.0
2025-07-12 23:00:00,7.4,26.1,0.0
2025-07-13 00:00:00,1.7,24.7,0.0
2025-07-13 01:00:00,8.8,24.5,0.0
2025-07-13 02:00:00,2.9,24.1,0.0
2025-07-13 03:00:00,0.0,24.0,0.0
2025-07-13 04:00:00,0.0,23.3,0.0
2025-07-13 05:00:00,0.0,24.6,47.5
2025-07-13 06:00:00,0.0,25.8,242.5
2025-07-13 07:00:00,0.0,27.1,471.9
2025-07-13 08:00:00,0.0,29.2,653.1
2025-07-13 09:00:00,0.0,31.4,825.4
2025-07-13 10:00:00,0.0,33.5,967.4
2025-07-13 11:00:00,0.0,34.9,1018.9
2025-07-13 12:00:00,0.0,35.6,1016.5
2025-07-13 13:00:00,7.4,36.8,963.1
2025-07-13 14:00:00,0.0,37.0,816.5
2025-07-13 15:00:00,0.0,38.2,653.7
2025-07-13 16:00:00,0.0,38.0,480.1
2025-07-13 17:00:00,0.0,36.8,247.6
2025-07-13 18:00:00,0.0,35.2,47.5
2025-07-13 19:00:00,0.0,33.4,0.0
2025-07-13 20:00:00,0.0,32.1,0.0
2025-07-13 21:00:00,1.0,30.6,0.0
2025-07-13 22:00:00,7.1,28.6,0.0
2025-07-13 23:00:00,24.0,27.3,0.0
2025-07-14 00:00:00,59.0,26.0,0.0
2025-07-14 01:00:00,49.7,25.3,0.0
2025-07-14 02:00:00,51.1,24.8,0.0
2025-07-14 03:00:00,43.9,24.4,0.0
2025-07-14 04:00:00,55.8,24.3,0.0
2025-07-14 05:00:00,52.2,24.6,35.4
2025-07-14 06:00:00,46.8,24.9,190.8
2025-07-14 07:00:00,42.7,25.9,376.6
2025-07-14 08:00:00,48.7,27.0,527.4
2025-07-14 09:00:00,46.9,28.7,676.9
2025-07-14 10:00:00,41.5,30.0,789.0
2025-07-14 11:00:00,55.2,30.0,727.7
2025-07-14 12:00:00,47.1,32.1,809.0
2025-07-14 13:00:00,47.1,32.9,762.9
2025-07-14 14:00:00,52.0,33.2,620.5
2025-07-14 15:00:00,38.1,34.2,582.1
2025-07-14 16:00:00,42.7,34.6,381.3
2025-07-14 17:00:00,34.5,34.4,216.6
2025-07-14 18:00:00,42.3,33.8,38.0
2025-07-14 19:00:00,34.8,32.5,0.0
2025-07-14 20:00:00,41.6,32.0,0.0
2025-07-14 21:00:00,50.8,30.7,0.0
2025-07-14 22:00:00,56.9,28.9,0.0
2025-07-14 23:00:00,57.4,27.0,0.0
2025-07-15 00:00:00,87.5,26.3,0.0
2025-07-15 01:00:00,81.8,25.5,0.0
2025-07-15 02:00:00,93.1,25.4,0.0
2025-07-15 03:00:00,85.7,25.3,0.0
2025-07-15 04:00:00,76.5,25.0,0.0
2025-07-15 05:00:00,82.0,25.3,20.3
2025-07-15 06:00:00,75.2,25.8,125.6
2025-07-15 07:00:00,67.9,25.8,266.8
2025-07-15 08:00:00,57.6,26.6,464.8
2025-07-15 09:00:00,56.2,28.1,586.7
2025-07-15 10:00:00,58.1,29.8,680.1
2025-07-15 11:00:00,62.5,30.9,672.1
2025-07-15 12:00:00,72.0,31.6,552.0
2025-07-15 13:00:00,76.9,32.1,473.9
2025-07-15 14:00:00,75.5,33.5,417.9
2025-07-15 15:00:00,74.2,35.1,347.7
2025-07-15 16:00:00,78.8,37.0,210.4
2025-07-15 17:00:00,88.9,37.4,81.9
2025-07-15 18:00:00,88.6,37.5,16.0
2025-07-15 19:00:00,83.6,36.0,0.0
2025-07-15 20:00:00,75.0,33.5,0.0
2025-07-15 21:00:00,63.8,31.9,0.0
2025-07-15 22:00:00,70.8,31.7,0.0
2025-07-15 23:00:00,76.3,30.9,0.0
2025-07-16 00:00:00,57.8,30.0,0.0
2025-07-16 01:00:00,56.4,29.0,0.0
2025-07-16 02:00:00,67.4,28.7,0.0
2025-07-16 03:00:00,62.0,27.1,0.0
2025-07-16 04:00:00,68.8,27.8,0.0
2025-07-16 05:00:00,66.8,27.8,27.5
2025-07-16 06:00:00,60.5,27.6,164.3
2025-07-16 07:00:00,64.5,27.9,276.1
2025-07-16 08:00:00,66.6,28.5,390.1
2025-07-16 09:00:00,68.0,29.1,506.1
2025-07-16 10:00:00,67.1,30.3,563.0
2025-07-16 11:00:00,65.3,31.4,645.3
2025-07-16 12:00:00,83.1,32.0,423.3
2025-07-16 13:00:00,89.2,32.3,315.2
2025-07-16 14:00:00,90.8,33.4,262.9
2025-07-16 15:00:00,87.4,33.9,238.0
2025-07-16 16:00:00,91.5,34.3,143.9
2025-07-16 17:00:00,91.3,35.0,72.7
2025-07-16 18:00:00,87.1,34.3,16.8
2025-07-16 19:00:00,80.8,33.0,0.0
2025-07-16 20:00:00,77.0,32.0,0.0
2025-07-16 21:00:00,49.0,29.4,0.0
2025-07-16 22:00:00,51.3,29.0,0.0
2025-07-16 23:00:00,47.8,28.2,0.0
2025-07-17 00:00:00,49.7,26.8,0.0
2025-07-17 01:00:00,49.0,25.5,0.0
2025-07-17 02:00:00,38.8,25.0,0.0
2025-07-17 03:00:00,38.9,24.1,0.0
2025-07-17 04:00:00,31.0,23.3,0.0
2025-07-17 05:00:00,36.2,23.8,38.3
2025-07-17 06:00:00,39.4,24.4,205.3
2025-07-17 07:00:00,47.5,25.3,361.2
2025-07-17 08:00:00,40.6,26.3,540.8
2025-07-17 09:00:00,41.2,28.3,718.1
2025-07-17 10:00:00,30.5,29.3,875.3
2025-07-17 11:00:00,37.6,30.0,884.1
2025-07-17 12:00:00,42.4,31.5,859.9
2025-07-17 13:00:00,46.4,32.0,771.4
2025-07-17 14:00:00,46.0,32.4,679.7
2025-07-17 15:00:00,49.0,33.2,518.9
2025-07-17 16:00:00,61.1,33.0,307.3
2025-07-17 17:00:00,56.6,33.2,174.7
2025-07-17 18:00:00,56.1,32.8,31.9
2025-07-17 19:00:00,45.8,31.4,0.0
2025-07-17 20:00:00,38.6,29.0,0.0
2025-07-17 21:00:00,39.9,27.7,0.0
2025-07-17 22:00:00,49.1,25.9,0.0
2025-07-17 23:00:00,46.3,24.6,0.0
2025-07-18 00:00:00,43.3,23.4,0.0
2025-07-18 01:00:00,39.9,22.5,0.0
2025-07-18 02:00:00,35.9,22.0,0.0
2025-07-18 03:00:00,39.0,22.2,0.0
2025-07-18 04:00:00,27.5,22.1,0.0
2025-07-18 05:00:00,39.5,23.5,36.0
2025-07-18 06:00:00,34.5,23.3,222.3
2025-07-18 07:00:00,41.2,24.2,376.3
2025-07-18 08:00:00,31.2,26.0,591.4
2025-07-18 09:00:00,37.9,27.5,706.4
2025-07-18 10:00:00,43.8,28.3,807.0
2025-07-18 11:00:00,46.7,29.3,811.8
2025-07-18 12:00:00,38.2,30.6,870.3
2025-07-18 13:00:00,40.7,32.1,820.6
2025-07-18 14:00:00,31.4,33.0,732.7
2025-07-18 15:00:00,30.7,33.8,606.0
2025-07-18 16:00:00,40.3,34.1,397.3
2025-07-18 17:00:00,46.9,35.3,191.8
2025-07-18 18:00:00,46.5,35.1,34.6
2025-07-18 19:00:00,38.2,33.6,0.0
2025-07-18 20:00:00,43.8,31.6,0.0
2025-07-18 21:00:00,43.8,30.0,0.0
2025-07-18 22:00:00,25.1,28.3,0.0
2025-07-18 23:00:00,33.4,26.0,0.0
2025-07-19 00:00:00,3.2,24.1,0.0
2025-07-19 01:00:00,13.8,23.6,0.0
2025-07-19 02:00:00,4.7,22.8,0.0
2025-07-19 03:00:00,0.0,23.2,0.0
2025-07-19 04:00:00,0.0,22.7,0.0
2025-07-19 05:00:00,0.0,23.8,42.2
2025-07-19 06:00:00,0.0,25.4,235.7
2025-07-19 07:00:00,0.0,27.2,465.6
2025-07-19 08:00:00,2.4,27.9,667.1
2025-07-19 09:00:00,1.0,29.8,857.0
2025-07-19 10:00:00,8.1,30.8,936.4
2025-07-19 11:00:00,3.2,31.9,1052.2
2025-07-19 12:00:00,0.0,33.2,1076.0
2025-07-19 13:00:00,0.0,33.8,980.5
2025-07-19 14:00:00,0.0,35.0,851.6
2025-07-19 15:00:00,0.0,35.6,664.8
2025-07-19 16:00:00,0.0,35.0,450.7
2025-07-19 17:00:00,0.0,34.2,242.4
2025-07-19 18:00:00,0.0,33.2,40.6
2025-07-19 19:00:00,0.0,32.0,0.0
2025-07-19 20:00:00,0.0,31.2,0.0
2025-07-19 21:00:00,0.0,30.1,0.0
2025-07-19 22:00:00,0.0,28.7,0.0
2025-07-19 23:00:00,0.0,27.2,0.0
2025-07-20 00:00:00,0.0,25.2,0.0
2025-07-20 01:00:00,0.0,25.0,0.0
2025-07-20 02:00:00,0.0,24.3,0.0
2025-07-20 03:00:00,0.0,24.9,0.0
2025-07-20 04:00:00,0.0,25.3,0.0
2025-07-20 05:00:00,0.0,26.9,40.1
2025-07-20 06:00:00,0.0,28.2,240.4
2025-07-20 07:00:00,0.0,28.7,446.6
2025-07-20 08:00:00,0.0,29.8,653.7
2025-07-20 09:00:00,0.0,31.3,802.7
2025-07-20 10:00:00,4.8,32.3,956.1
2025-07-20 11:00:00,0.0,33.8,1009.6
2025-07-20 12:00:00,0.0,34.4,1033.7
2025-07-20 13:00:00,0.0,35.5,946.8
2025-07-20 14:00:00,0.0,36.3,839.4
2025-07-20 15:00:00,0.0,36.0,659.8
2025-07-20 16:00:00,11.0,36.8,462.3
2025-07-20 17:00:00,4.4,36.4,239.2
2025-07-20 18:00:00,10.5,35.2,38.6
2025-07-20 19:00:00,8.7,33.2,0.0
2025-07-20 20:00:00,8.0,31.8,0.0
2025-07-20 21:00:00,7.2,30.2,0.0
2025-07-20 22:00:00,1.2,29.1,0.0
2025-07-20 23:00:00,2.6,27.6,0.0
2025-07-21 00:00:00,45.1,26.5,0.0
2025-07-21 01:00:00,48.3,26.5,0.0
2025-07-21 02:00:00,49.8,26.2,0.0
2025-07-21 03:00:00,56.8,26.0,0.0
2025-07-21 04:00:00,64.1,26.5,0.0
2025-07-21 05:00:00,54.6,27.0,28.7
2025-07-21 06:00:00,61.7,26.6,152.2
2025-07-21 07:00:00,51.4,27.4,351.4
2025-07-21 08:00:00,56.6,28.1,451.6
2025-07-21 09:00:00,61.4,29.3,565.3
2025-07-21 10:00:00,45.4,30.7,774.2
2025-07-21 11:00:00,47.3,31.7,803.8
2025-07-21 12:00:00,44.6,34.0,836.6
2025-07-21 13:00:00,39.8,35.9,825.9
2025-07-21 14:00:00,52.5,34.7,638.7
2025-07-21 15:00:00,47.6,36.1,521.6
2025-07-21 16:00:00,42.1,36.4,368.3
2025-07-21 17:00:00,44.3,36.0,191.7
2025-07-21 18:00:00,51.1,35.2,30.9
2025-07-21 19:00:00,50.5,33.7,0.0
2025-07-21 20:00:00,60.4,32.2,0.0
2025-07-21 21:00:00,64.0,30.2,0.0
2025-07-21 22:00:00,45.6,27.9,0.0
2025-07-21 23:00:00,42.5,26.0,0.0
2025-07-22 00:00:00,37.3,25.0,0.0
2025-07-22 01:00:00,43.1,24.4,0.0
2025-07-22 02:00:00,23.3,23.9,0.0
2025-07-22 03:00:00,47.2,24.1,0.0
2025-07-22 04:00:00,52.2,23.9,0.0
2025-07-22 05:00:00,53.5,24.8,27.6
2025-07-22 06:00:00,62.9,24.7,158.8
2025-07-22 07:00:00,80.5,25.5,201.8
2025-07-22 08:00:00,84.2,25.6,264.7
2025-07-22 09:00:00,88.0,26.1,284.3
2025-07-22 10:00:00,84.9,27.2,361.4
2025-07-22 11:00:00,80.0,29.1,457.6
2025-07-22 12:00:00,72.9,30.9,568.3
2025-07-22 13:00:00,63.9,32.5,615.0
2025-07-22 14:00:00,57.2,34.7,592.3
2025-07-22 15:00:00,45.9,34.8,534.4
2025-07-22 16:00:00,46.1,34.7,355.9
2025-07-22 17:00:00,33.5,34.2,213.8
2025-07-22 18:00:00,37.4,32.9,32.4
2025-07-22 19:00:00,39.0,31.7,0.0
2025-07-22 20:00:00,41.9,30.8,0.0
2025-07-22 21:00:00,39.0,29.1,0.0
2025-07-22 22:00:00,65.3,27.9,0.0
2025-07-22 23:00:00,74.8,25.9,0.0
2025-07-23 00:00:00,43.7,24.0,0.0
2025-07-23 01:00:00,44.4,23.1,0.0
2025-07-23 02:00:00,38.4,22.9,0.0
2025-07-23 03:00:00,29.8,22.0,0.0
2025-07-23 04:00:00,19.7,22.0,0.0
2025-07-23 05:00:00,24.9,23.4,33.4
2025-07-23 06:00:00,20.6,24.0,229.9
2025-07-23 07:00:00,30.0,24.0,409.4
2025-07-23 08:00:00,38.5,25.8,558.6
2025-07-23 09:00:00,49.1,27.3,639.8
2025-07-23 10:00:00,40.5,29.5,783.6
2025-07-23 11:00:00,43.6,29.9,818.9
2025-07-23 12:00:00,47.6,31.9,829.1
2025-07-23 13:00:00,42.2,33.0,788.6
2025-07-23 14:00:00,35.1,33.9,731.6
2025-07-23 15:00:00,47.9,33.9,494.1
2025-07-23 16:00:00,48.2,34.8,342.2
2025-07-23 17:00:00,51.6,34.8,177.5
2025-07-23 18:00:00,43.0,34.7,30.5
2025-07-23 19:00:00,32.2,33.6,0.0
2025-07-23 20:00:00,28.0,32.1,0.0
2025-07-23 21:00:00,27.8,30.2,0.0
2025-07-23 22:00:00,20.1,29.5,0.0
2025-07-23 23:00:00,21.7,27.5,0.0
2025-07-24 00:00:00,14.7,26.4,0.0
2025-07-24 01:00:00,8.7,25.6,0.0
2025-07-24 02:00:00,17.7,25.8,0.0
2025-07-24 03:00:00,25.2,26.4,0.0
2025-07-24 04:00:00,23.8,26.6,0.0
2025-07-24 05:00:00,17.5,27.3,34.7
2025-07-24 06:00:00,11.9,28.9,235.1
2025-07-24 07:00:00,12.2,29.9,421.9
2025-07-24 08:00:00,20.7,30.5,631.9
2025-07-24 09:00:00,30.4,31.3,746.5
2025-07-24 10:00:00,27.5,32.1,916.4
2025-07-24 11:00:00,19.7,34.0,1014.9
2025-07-24 12:00:00,24.2,35.6,964.8
2025-07-24 13:00:00,19.5,36.7,949.3
2025-07-24 14:00:00,17.7,36.7,832.9
2025-07-24 15:00:00,30.9,37.3,593.5
2025-07-24 16:00:00,38.6,36.4,402.1
2025-07-24 17:00:00,39.9,35.6,195.6
2025-07-24 18:00:00,29.7,34.9,32.1
2025-07-24 19:00:00,32.6,34.0,0.0
2025-07-24 20:00:00,41.9,33.0,0.0
2025-07-24 21:00:00,38.6,31.4,0.0
2025-07-24 22:00:00,49.5,31.0,0.0
2025-07-24 23:00:00,58.7,29.7,0.0
2025-07-25 00:00:00,44.1,28.8,0.0
2025-07-25 01:00:00,42.9,28.2,0.0
2025-07-25 02:00:00,44.1,26.9,0.0
2025-07-25 03:00:00,51.8,26.7,0.0
2025-07-25 04:00:00,50.8,28.0,0.0
2025-07-25 05:00:00,42.4,28.1,29.0
2025-07-25 06:00:00,35.4,28.1,205.2
2025-07-25 07:00:00,34.7,29.0,402.2
2025-07-25 08:00:00,21.9,30.1,613.4
2025-07-25 09:00:00,19.8,31.2,809.4
2025-07-25 10:00:00,27.9,32.1,917.4
2025-07-25 11:00:00,8.7,34.9,1004.8
2025-07-25 12:00:00,21.6,35.6,1010.8
2025-07-25 13:00:00,29.6,35.6,864.2
2025-07-25 14:00:00,24.1,35.9,767.6
2025-07-25 15:00:00,27.2,37.4,608.6
2025-07-25 16:00:00,25.6,37.3,422.7
2025-07-25 17:00:00,34.1,37.3,207.1
2025-07-25 18:00:00,39.5,36.4,28.4
2025-07-25 19:00:00,25.2,35.2,0.0
2025-07-25 20:00:00,28.6,34.6,0.0
2025-07-25 21:00:00,25.2,32.6,0.0
2025-07-25 22:00:00,24.5,31.3,0.0
2025-07-25 23:00:00,17.4,29.0,0.0
2025-07-26 00:00:00,4.4,28.6,0.0
2025-07-26 01:00:00,10.7,27.8,0.0
2025-07-26 02:00:00,2.0,26.8,0.0
2025-07-26 03:00:00,0.0,26.4,0.0
2025-07-26 04:00:00,0.0,26.3,0.0
2025-07-26 05:00:00,0.0,26.7,33.2
2025-07-26 06:00:00,0.0,26.4,226.3
2025-07-26 07:00:00,1.0,27.7,437.6
2025-07-26 08:00:00,5.7,29.0,662.9
2025-07-26 09:00:00,11.2,30.7,809.9
2025-07-26 10:00:00,11.0,32.0,940.4
2025-07-26 11:00:00,0.0,33.5,982.9
2025-07-26 12:00:00,0.0,34.8,1048.0
2025-07-26 13:00:00,2.0,34.9,976.3
2025-07-26 14:00:00,0.0,35.8,832.9
2025-07-26 15:00:00,2.3,35.1,635.0
2025-07-26 16:00:00,0.0,35.7,457.9
2025-07-26 17:00:00,0.0,35.5,226.1
2025-07-26 18:00:00,0.0,34.2,32.5
2025-07-26 19:00:00,0.0,33.4,0.0
2025-07-26 20:00:00,0.0,32.1,0.0
2025-07-26 21:00:00,0.0,30.1,0.0
2025-07-26 22:00:00,0.0,27.6,0.0
2025-07-26 23:00:00,0.0,26.5,0.0
2025-07-27 00:00:00,19.1,25.2,0.0
2025-07-27 01:00:00,31.1,25.1,0.0
2025-07-27 02:00:00,42.3,24.8,0.0
2025-07-27 03:00:00,39.3,24.3,0.0
2025-07-27 04:00:00,29.2,25.4,0.0
2025-07-27 05:00:00,11.7,26.1,30.0
2025-07-27 06:00:00,1.2,25.1,232.2
2025-07-27 07:00:00,0.0,26.2,453.0
2025-07-27 08:00:00,7.4,26.9,658.6
2025-07-27 09:00:00,10.1,28.1,839.2
2025-07-27 10:00:00,14.7,29.6,933.7
2025-07-27 11:00:00,0.0,31.9,989.4
2025-07-27 12:00:00,0.0,33.4,1026.4
2025-07-27 13:00:00,2.1,35.0,940.6
2025-07-27 14:00:00,6.9,35.9,814.2
2025-07-27 15:00:00,7.6,36.5,633.1
2025-07-27 16:00:00,13.9,36.5,431.0
2025-07-27 17:00:00,28.0,36.7,206.3
2025-07-27 18:00:00,25.6,35.9,27.8
2025-07-27 19:00:00,25.8,34.7,0.0
2025-07-27 20:00:00,26.9,32.3,0.0
2025-07-27 21:00:00,45.5,31.6,0.0
2025-07-27 22:00:00,26.0,29.8,0.0
2025-07-27 23:00:00,31.0,30.0,0.0
2025-07-28 00:00:00,59.4,28.9,0.0
2025-07-28 01:00:00,63.2,28.0,0.0
2025-07-28 02:00:00,56.7,27.6,0.0
2025-07-28 03:00:00,55.8,26.8,0.0
2025-07-28 04:00:00,61.2,27.3,0.0
2025-07-28 05:00:00,85.1,28.0,11.2
2025-07-28 06:00:00,87.7,27.8,80.8
2025-07-28 07:00:00,76.7,28.7,217.8
2025-07-28 08:00:00,70.4,29.1,382.5
2025-07-28 09:00:00,64.7,30.3,523.3
2025-07-28 10:00:00,48.9,32.8,737.1
2025-07-28 11:00:00,46.7,33.7,809.2
2025-07-28 12:00:00,53.3,34.5,756.4
2025-07-28 13:00:00,43.1,37.2,768.6
2025-07-28 14:00:00,52.6,37.9,607.1
2025-07-28 15:00:00,56.6,38.1,444.5
2025-07-28 16:00:00,50.3,38.9,332.3
2025-07-28 17:00:00,49.4,38.5,174.3
2025-07-28 18:00:00,62.6,37.5,19.5
2025-07-28 19:00:00,67.3,37.1,0.0
2025-07-28 20:00:00,65.7,35.1,0.0
2025-07-28 21:00:00,62.2,34.7,0.0
2025-07-28 22:00:00,61.7,32.8,0.0
2025-07-28 23:00:00,56.6,32.2,0.0
2025-07-29 00:00:00,34.9,29.9,0.0
2025-07-29 01:00:00,52.9,29.6,0.0
2025-07-29 02:00:00,53.6,29.2,0.0
2025-07-29 03:00:00,56.2,29.3,0.0
2025-07-29 04:00:00,54.8,29.9,0.0
2025-07-29 05:00:00,48.1,29.9,21.9
2025-07-29 06:00:00,46.7,29.5,176.6
2025-07-29 07:00:00,34.1,30.2,390.1
2025-07-29 08:00:00,54.1,30.9,468.6
2025-07-29 09:00:00,43.5,32.0,692.6
2025-07-29 10:00:00,35.9,33.6,794.8
2025-07-29 11:00:00,33.8,35.1,897.3
2025-07-29 12:00:00,45.9,35.4,832.6
2025-07-29 13:00:00,46.3,36.6,757.7
2025-07-29 14:00:00,36.7,37.6,706.1
2025-07-29 15:00:00,48.2,37.5,512.8
2025-07-29 16:00:00,54.0,38.1,328.9
2025-07-29 17:00:00,57.7,37.7,156.7
2025-07-29 18:00:00,62.3,37.2,18.2
2025-07-29 19:00:00,79.8,36.4,0.0
2025-07-29 20:00:00,93.5,35.8,0.0
2025-07-29 21:00:00,82.6,34.2,0.0
2025-07-29 22:00:00,91.5,33.0,0.0
2025-07-29 23:00:00,89.4,31.3,0.0
2025-07-30 00:00:00,100.0,30.1,0.0
2025-07-30 01:00:00,85.9,28.9,0.0
2025-07-30 02:00:00,82.0,28.3,0.0
2025-07-30 03:00:00,73.3,27.8,0.0
2025-07-30 04:00:00,78.9,28.7,0.0
2025-07-30 05:00:00,85.7,29.0,10.2
2025-07-30 06:00:00,66.5,28.0,133.0
2025-07-30 07:00:00,66.1,29.8,264.6
2025-07-30 08:00:00,74.8,30.1,345.0
2025-07-30 09:00:00,72.1,31.7,460.3
2025-07-30 10:00:00,77.0,33.3,485.3
2025-07-30 11:00:00,78.3,34.8,484.7
2025-07-30 12:00:00,79.3,35.7,474.3
2025-07-30 13:00:00,75.3,37.1,483.9
2025-07-30 14:00:00,64.3,37.7,518.9
2025-07-30 15:00:00,55.3,39.6,457.3
2025-07-30 16:00:00,62.0,39.3,288.8
2025-07-30 17:00:00,62.5,39.2,142.1
2025-07-30 18:00:00,61.6,38.9,17.9
2025-07-30 19:00:00,58.5,37.6,0.0
2025-07-30 20:00:00,56.8,35.7,0.0
2025-07-30 21:00:00,66.0,34.9,0.0
2025-07-30 22:00:00,63.1,33.7,0.0
2025-07-30 23:00:00,52.5,32.2,0.0
2025-07-31 00:00:00,57.7,30.7,0.0
2025-07-31 01:00:00,56.6,30.1,0.0
2025-07-31 02:00:00,57.5,29.2,0.0
2025-07-31 03:00:00,70.9,29.9,0.0
2025-07-31 04:00:00,69.7,30.0,0.0
2025-07-31 05:00:00,71.1,30.9,13.8
2025-07-31 06:00:00,60.6,30.8,149.0
2025-07-31 07:00:00,59.0,31.2,301.9
2025-07-31 08:00:00,64.2,32.4,409.8
2025-07-31 09:00:00,51.5,34.7,634.9
2025-07-31 10:00:00,54.4,36.4,677.9
2025-07-31 11:00:00,56.1,37.8,751.7
2025-07-31 12:00:00,57.2,39.1,730.2
2025-07-31 13:00:00,66.1,39.4,583.7
2025-07-31 14:00:00,68.3,40.2,484.6
2025-07-31 15:00:00,79.3,40.1,301.5
2025-07-31 16:00:00,69.3,40.8,261.1
2025-07-31 17:00:00,69.5,41.1,127.2
2025-07-31 18:00:00,69.3,39.8,14.7
2025-07-31 19:00:00,59.9,38.4,0.0
2025-07-31 20:00:00,67.8,37.2,0.0
2025-07-31 21:00:00,85.7,35.7,0.0
2025-07-31 22:00:00,82.7,34.2,0.0
2025-07-31 23:00:00,84.3,32.0,0.0
2025-08-01 00:00:00,37.4,29.5,0.0
2025-08-01 01:00:00,29.2,28.9,0.0
2025-08-01 02:00:00,13.2,28.0,0.0
2025-08-01 03:00:00,8.0,27.8,0.0
2025-08-01 04:00:00,0.0,27.5,0.0
2025-08-01 05:00:00,13.9,28.2,23.1
2025-08-01 06:00:00,13.4,27.8,213.9
2025-08-01 07:00:00,11.1,29.3,433.6
2025-08-01 08:00:00,18.9,31.4,609.3
2025-08-01 09:00:00,9.7,32.4,809.7
2025-08-01 10:00:00,4.5,33.6,955.1
2025-08-01 11:00:00,6.5,35.2,1018.7
2025-08-01 12:00:00,16.1,36.8,1017.9
2025-08-01 13:00:00,20.2,37.6,940.0
2025-08-01 14:00:00,21.8,37.6,769.5
2025-08-01 15:00:00,21.9,37.8,615.0
2025-08-01 16:00:00,24.5,37.3,415.2
2025-08-01 17:00:00,25.2,36.6,210.5
2025-08-01 18:00:00,16.0,35.7,23.6
2025-08-01 19:00:00,16.5,34.1,0.0
2025-08-01 20:00:00,8.0,32.2,0.0
2025-08-01 21:00:00,9.8,30.8,0.0
2025-08-01 22:00:00,6.8,29.4,0.0
2025-08-01 23:00:00,28.4,27.6,0.0
2025-08-02 00:00:00,22.3,26.5,0.0
2025-08-02 01:00:00,10.0,25.3,0.0
2025-08-02 02:00:00,9.2,25.1,0.0
2025-08-02 03:00:00,13.8,25.4,0.0
2025-08-02 04:00:00,27.1,25.6,0.0
2025-08-02 05:00:00,20.6,26.4,21.3
2025-08-02 06:00:00,7.0,26.7,217.4
2025-08-02 07:00:00,14.3,28.5,421.5
2025-08-02 08:00:00,3.0,29.6,630.9
2025-08-02 09:00:00,0.7,31.5,810.8
2025-08-02 10:00:00,0.1,33.0,969.5
2025-08-02 11:00:00,1.1,33.9,1063.0
2025-08-02 12:00:00,8.0,35.4,1042.1
2025-08-02 13:00:00,3.1,36.2,927.8
2025-08-02 14:00:00,2.1,36.1,838.9
2025-08-02 15:00:00,3.2,34.9,637.1
2025-08-02 16:00:00,5.6,34.4,429.6
2025-08-02 17:00:00,7.2,34.7,214.1
2025-08-02 18:00:00,11.4,34.7,22.3
2025-08-02 19:00:00,18.3,33.3,0.0
2025-08-02 20:00:00,20.8,31.8,0.0
2025-08-02 21:00:00,23.4,30.1,0.0
2025-08-02 22:00:00,9.5,27.8,0.0
2025-08-02 23:00:00,10.3,26.0,0.0
2025-08-03 00:00:00,42.9,25.9,0.0
2025-08-03 01:00:00,48.5,25.4,0.0
2025-08-03 02:00:00,42.1,25.0,0.0
2025-08-03 03:00:00,36.7,24.1,0.0
2025-08-03 04:00:00,32.7,24.4,0.0
2025-08-03 05:00:00,38.0,24.0,17.8
2025-08-03 06:00:00,46.7,25.1,170.7
2025-08-03 07:00:00,42.8,26.1,351.8
2025-08-03 08:00:00,49.8,26.4,479.7
2025-08-03 09:00:00,49.8,28.4,605.1
2025-08-03 10:00:00,47.8,29.0,744.8
2025-08-03 11:00:00,45.3,30.8,813.4
2025-08-03 12:00:00,50.8,32.2,763.9
2025-08-03 13:00:00,52.2,32.7,730.0
2025-08-03 14:00:00,69.1,33.3,468.5
2025-08-03 15:00:00,59.0,33.6,453.1
2025-08-03 16:00:00,61.0,32.7,297.8
2025-08-03 17:00:00,54.4,32.5,150.6
2025-08-03 18:00:00,45.9,32.0,16.7
2025-08-03 19:00:00,45.2,31.4,0.0
2025-08-03 20:00:00,45.8,30.2,0.0
2025-08-03 21:00:00,68.6,29.2,0.0
2025-08-03 22:00:00,63.9,27.3,0.0
2025-08-03 23:00:00,52.1,25.6,0.0
2025-08-04 00:00:00,49.6,24.0,0.0
2025-08-04 01:00:00,31.6,22.4,0.0
2025-08-04 02:00:00,31.6,21.8,0.0
2025-08-04 03:00:00,32.4,21.8,0.0
2025-08-04 04:00:00,39.4,22.1,0.0
2025-08-04 05:00:00,47.0,22.8,15.0
2025-08-04 06:00:00,41.9,23.7,170.2
2025-08-04 07:00:00,40.2,24.5,349.1
2025-08-04 08:00:00,33.8,25.2,584.0
2025-08-04 09:00:00,25.2,27.2,765.8
2025-08-04 10:00:00,29.2,28.8,870.8
2025-08-04 11:00:00,20.1,30.8,939.5
2025-08-04 12:00:00,18.9,32.6,964.5
2025-08-04 13:00:00,13.2,34.2,926.9
2025-08-04 14:00:00,20.5,34.8,787.3
2025-08-04 15:00:00,37.0,36.1,551.2
2025-08-04 16:00:00,26.7,35.8,392.0
2025-08-04 17:00:00,13.2,35.3,206.1
2025-08-04 18:00:00,15.2,35.1,19.2
2025-08-04 19:00:00,18.0,34.1,0.0
2025-08-04 20:00:00,22.1,33.1,0.0
2025-08-04 21:00:00,20.4,31.7,0.0
2025-08-04 22:00:00,20.9,30.8,0.0
2025-08-04 23:00:00,25.9,28.9,0.0
2025-08-05 00:00:00,42.5,28.6,0.0
2025-08-05 01:00:00,27.2,28.0,0.0
2025-08-05 02:00:00,26.3,26.7,0.0
2025-08-05 03:00:00,30.2,26.9,0.0
2025-08-05 04:00:00,24.6,27.0,0.0
2025-08-05 05:00:00,40.9,27.4,14.9
2025-08-05 06:00:00,36.3,26.9,181.7
2025-08-05 07:00:00,36.9,27.2,375.3
2025-08-05 08:00:00,42.3,28.6,549.3
2025-08-05 09:00:00,37.9,30.4,729.9
2025-08-05 10:00:00,23.9,32.1,882.1
2025-08-05 11:00:00,23.0,34.0,965.4
2025-08-05 12:00:00,33.8,35.3,875.5
2025-08-05 13:00:00,32.4,36.4,863.0
2025-08-05 14:00:00,27.1,37.0,780.9
2025-08-05 15:00:00,36.6,37.4,556.5
2025-08-05 16:00:00,35.0,37.9,373.0
2025-08-05 17:00:00,32.1,38.0,191.0
2025-08-05 18:00:00,34.8,37.8,15.6
2025-08-05 19:00:00,42.1,36.0,0.0
2025-08-05 20:00:00,61.5,34.6,0.0
2025-08-05 21:00:00,66.1,32.1,0.0
2025-08-05 22:00:00,72.8,31.1,0.0
2025-08-05 23:00:00,65.4,29.4,0.0
2025-08-06 00:00:00,73.7,28.5,0.0
2025-08-06 01:00:00,73.0,26.8,0.0
2025-08-06 02:00:00,72.8,27.0,0.0
2025-08-06 03:00:00,63.0,26.0,0.0
2025-08-06 04:00:00,61.7,26.6,0.0
2025-08-06 05:00:00,65.2,27.3,9.8
2025-08-06 06:00:00,67.9,27.4,125.0
2025-08-06 07:00:00,71.4,27.7,236.0
2025-08-06 08:00:00,72.8,28.0,350.1
2025-08-06 09:00:00,67.7,29.8,490.2
2025-08-06 10:00:00,63.1,31.1,606.4
2025-08-06 11:00:00,53.6,32.1,750.4
2025-08-06 12:00:00,69.1,32.6,604.8
2025-08-06 13:00:00,68.5,33.9,549.7
2025-08-06 14:00:00,66.2,35.4,504.2
2025-08-06 15:00:00,58.4,36.1,440.6
2025-08-06 16:00:00,82.6,36.0,181.5
2025-08-06 17:00:00,71.7,36.4,114.0
2025-08-06 18:00:00,67.3,36.7,9.6
2025-08-06 19:00:00,70.2,35.0,0.0
2025-08-06 20:00:00,74.2,33.9,0.0
2025-08-06 21:00:00,80.6,32.2,0.0
2025-08-06 22:00:00,93.1,30.7,0.0
2025-08-06 23:00:00,93.6,30.3,0.0
2025-08-07 00:00:00,47.1,28.3,0.0
2025-08-07 01:00:00,42.9,27.6,0.0
2025-08-07 02:00:00,43.8,27.4,0.0
2025-08-07 03:00:00,58.6,26.8,0.0
2025-08-07 04:00:00,43.9,25.8,0.0
2025-08-07 05:00:00,51.7,26.9,10.8
2025-08-07 06:00:00,50.5,26.7,158.9
2025-08-07 07:00:00,54.7,26.6,310.2
2025-08-07 08:00:00,50.8,28.1,482.1
2025-08-07 09:00:00,41.5,29.0,678.2
2025-08-07 10:00:00,46.0,29.9,790.7
2025-08-07 11:00:00,49.2,32.1,797.6
2025-08-07 12:00:00,54.6,32.4,773.5
2025-08-07 13:00:00,51.5,33.1,706.4
2025-08-07 14:00:00,44.0,34.1,664.6
2025-08-07 15:00:00,29.8,34.9,564.4
2025-08-07 16:00:00,36.3,34.6,365.3
2025-08-07 17:00:00,38.8,34.0,183.9
2025-08-07 18:00:00,30.0,34.3,13.0
2025-08-07 19:00:00,25.6,33.3,0.0
2025-08-07 20:00:00,22.3,32.2,0.0
2025-08-07 21:00:00,11.3,30.5,0.0
2025-08-07 22:00:00,6.9,29.1,0.0
2025-08-07 23:00:00,0.5,28.1,0.0
2025-08-08 00:00:00,0.0,26.3,0.0
2025-08-08 01:00:00,0.0,25.6,0.0
2025-08-08 02:00:00,0.0,25.4,0.0
2025-08-08 03:00:00,0.0,26.0,0.0
2025-08-08 04:00:00,0.0,27.1,0.0
2025-08-08 05:00:00,0.0,27.7,12.6
2025-08-08 06:00:00,0.0,29.2,202.6
2025-08-08 07:00:00,0.0,29.0,434.9
2025-08-08 08:00:00,0.0,31.2,614.2
2025-08-08 09:00:00,0.0,32.3,843.9
2025-08-08 10:00:00,1.5,33.7,941.1
2025-08-08 11:00:00,0.0,35.4,1000.8
2025-08-08 12:00:00,0.0,36.5,1031.6
2025-08-08 13:00:00,0.0,37.6,976.2
2025-08-08 14:00:00,2.7,38.8,834.7
2025-08-08 15:00:00,22.4,38.4,608.2
2025-08-08 16:00:00,9.4,38.0,430.3
2025-08-08 17:00:00,13.2,38.4,194.9
2025-08-08 18:00:00,7.6,37.7,12.6
2025-08-08 19:00:00,12.3,37.4,0.0
2025-08-08 20:00:00,0.0,36.1,0.0
2025-08-08 21:00:00,0.0,33.7,0.0
2025-08-08 22:00:00,0.0,32.4,0.0
2025-08-08 23:00:00,0.0,30.4,0.0
2025-08-09 00:00:00,0.0,29.0,0.0
2025-08-09 01:00:00,5.0,28.0,0.0
2025-08-09 02:00:00,14.1,26.7,0.0
2025-08-09 03:00:00,18.6,26.1,0.0
2025-08-09 04:00:00,30.7,27.6,0.0
2025-08-09 05:00:00,31.8,28.2,0.0
2025-08-09 06:00:00,19.7,28.6,194.0
2025-08-09 07:00:00,29.6,30.4,385.0
2025-08-09 08:00:00,22.7,31.4,590.3
2025-08-09 09:00:00,28.7,32.4,731.0
2025-08-09 10:00:00,39.2,33.8,807.4
2025-08-09 11:00:00,39.6,34.9,843.7
2025-08-09 12:00:00,24.3,36.2,934.7
2025-08-09 13:00:00,15.5,36.4,902.3
2025-08-09 14:00:00,25.6,36.3,757.2
2025-08-09 15:00:00,22.6,36.4,611.3
2025-08-09 16:00:00,22.0,36.5,413.5
2025-08-09 17:00:00,26.8,35.9,185.8
2025-08-09 18:00:00,30.6,36.5,0.0
2025-08-09 19:00:00,30.6,34.7,0.0
2025-08-09 20:00:00,26.7,34.0,0.0
2025-08-09 21:00:00,22.4,32.4,0.0
2025-08-09 22:00:00,28.0,31.3,0.0
2025-08-09 23:00:00,30.5,30.3,0.0
2025-08-10 00:00:00,34.8,27.9,0.0
2025-08-10 01:00:00,41.7,27.0,0.0
2025-08-10 02:00:00,38.1,26.3,0.0
2025-08-10 03:00:00,29.2,25.4,0.0
2025-08-10 04:00:00,22.1,25.7,0.0
2025-08-10 05:00:00,14.1,27.1,0.0
2025-08-10 06:00:00,12.7,26.5,197.7
2025-08-10 07:00:00,23.5,27.3,395.1
2025-08-10 08:00:00,16.7,28.0,601.8
2025-08-10 09:00:00,18.6,29.5,786.4
2025-08-10 10:00:00,13.6,31.1,965.8
2025-08-10 11:00:00,12.3,32.3,984.9
2025-08-10 12:00:00,1.2,34.4,1004.9
2025-08-10 13:00:00,1.8,36.2,955.4
2025-08-10 14:00:00,2.5,38.2,804.5
2025-08-10 15:00:00,9.0,37.9,635.7
2025-08-10 16:00:00,12.1,36.8,408.6
2025-08-10 17:00:00,3.5,36.6,209.2
2025-08-10 18:00:00,14.2,36.7,0.0
2025-08-10 19:00:00,16.7,35.9,0.0
2025-08-10 20:00:00,18.7,35.2,0.0
2025-08-10 21:00:00,18.9,33.5,0.0
2025-08-10 22:00:00,14.9,31.5,0.0
2025-08-10 23:00:00,17.3,30.1,0.0
2025-08-11 00:00:00,26.2,28.7,0.0
2025-08-11 01:00:00,12.1,27.8,0.0
2025-08-11 02:00:00,9.4,27.6,0.0
2025-08-11 03:00:00,9.2,27.8,0.0
2025-08-11 04:00:00,13.2,28.3,0.0
2025-08-11 05:00:00,24.2,29.0,0.0
2025-08-11 06:00:00,18.1,29.9,192.1
2025-08-11 07:00:00,15.0,29.9,403.9
2025-08-11 08:00:00,12.1,31.3,629.3
2025-08-11 09:00:00,7.3,32.8,821.8
2025-08-11 10:00:00,6.6,34.4,936.7
2025-08-11 11:00:00,15.0,35.4,989.9
2025-08-11 12:00:00,7.8,37.0,960.9
2025-08-11 13:00:00,13.3,37.5,915.7
2025-08-11 14:00:00,1.1,39.0,829.1
2025-08-11 15:00:00,0.0,39.4,627.0
2025-08-11 16:00:00,0.0,39.2,414.1
2025-08-11 17:00:00,16.4,38.2,202.6
2025-08-11 18:00:00,15.2,37.8,0.0
2025-08-11 19:00:00,0.0,36.3,0.0
2025-08-11 20:00:00,0.0,34.4,0.0
2025-08-11 21:00:00,0.0,32.8,0.0
2025-08-11 22:00:00,0.0,31.5,0.0
2025-08-11 23:00:00,6.0,30.3,0.0
2025-08-12 00:00:00,50.6,29.9,0.0
2025-08-12 01:00:00,61.8,29.0,0.0
2025-08-12 02:00:00,58.0,28.8,0.0
2025-08-12 03:00:00,66.2,29.2,0.0
2025-08-12 04:00:00,53.1,29.5,0.0
2025-08-12 05:00:00,47.4,29.5,0.0
2025-08-12 06:00:00,35.2,29.2,170.5
2025-08-12 07:00:00,36.7,29.7,355.6
2025-08-12 08:00:00,39.9,31.6,503.2
2025-08-12 09:00:00,44.0,32.7,655.7
2025-08-12 10:00:00,47.1,34.8,756.6
2025-08-12 11:00:00,42.0,36.1,827.1
2025-08-12 12:00:00,43.4,37.0,862.2
2025-08-12 13:00:00,34.1,38.2,826.8
2025-08-12 14:00:00,48.9,38.4,629.6
2025-08-12 15:00:00,48.5,38.6,476.7
2025-08-12 16:00:00,46.7,38.2,333.1
2025-08-12 17:00:00,61.8,38.4,124.6
2025-08-12 18:00:00,52.4,38.5,0.0
2025-08-12 19:00:00,45.0,38.3,0.0
2025-08-12 20:00:00,38.8,36.4,0.0
2025-08-12 21:00:00,41.5,34.6,0.0
2025-08-12 22:00:00,47.9,32.6,0.0
2025-08-12 23:00:00,56.0,31.8,0.0
2025-08-13 00:00:00,84.8,31.2,0.0
2025-08-13 01:00:00,65.4,29.4,0.0
2025-08-13 02:00:00,71.2,28.3,0.0
2025-08-13 03:00:00,66.9,28.4,0.0
2025-08-13 04:00:00,63.0,28.7,0.0
2025-08-13 05:00:00,59.2,29.5,0.0
2025-08-13 06:00:00,53.6,29.1,145.8
2025-08-13 07:00:00,69.4,28.6,239.2
2025-08-13 08:00:00,76.6,28.7,301.5
2025-08-13 09:00:00,76.4,29.9,385.2
2025-08-13 10:00:00,86.8,31.6,335.2
2025-08-13 11:00:00,73.0,33.0,565.8
2025-08-13 12:00:00,62.4,35.8,665.0
2025-08-13 13:00:00,46.3,37.8,750.9
2025-08-13 14:00:00,43.9,37.9,656.4
2025-08-13 15:00:00,48.7,38.4,485.1
2025-08-13 16:00:00,52.4,39.0,316.9
2025-08-13 17:00:00,56.1,37.7,137.7
2025-08-13 18:00:00,46.9,37.6,0.0
2025-08-13 19:00:00,56.4,37.1,0.0
2025-08-13 20:00:00,60.3,35.8,0.0
2025-08-13 21:00:00,67.7,34.2,0.0
2025-08-13 22:00:00,53.2,32.3,0.0
2025-08-13 23:00:00,58.1,30.7,0.0
2025-08-14 00:00:00,10.8,28.1,0.0
2025-08-14 01:00:00,10.4,26.7,0.0
2025-08-14 02:00:00,17.4,26.0,0.0
2025-08-14 03:00:00,20.1,25.9,0.0
2025-08-14 04:00:00,14.9,25.7,0.0
2025-08-14 05:00:00,17.2,26.0,0.0
2025-08-14 06:00:00,6.9,27.1,194.0
2025-08-14 07:00:00,19.3,28.3,400.8
2025-08-14 08:00:00,19.4,29.3,594.6
2025-08-14 09:00:00,30.0,30.6,762.7
2025-08-14 10:00:00,26.2,31.9,847.8
2025-08-14 11:00:00,22.9,33.4,977.9
2025-08-14 12:00:00,18.1,35.4,993.9
2025-08-14 13:00:00,26.9,35.7,899.9
2025-08-14 14:00:00,22.0,36.1,740.3
2025-08-14 15:00:00,28.6,36.3,562.9
2025-08-14 16:00:00,26.1,35.8,395.4
2025-08-14 17:00:00,11.2,35.4,183.4
2025-08-14 18:00:00,9.3,34.4,0.0
2025-08-14 19:00:00,2.8,31.9,0.0
2025-08-14 20:00:00,6.7,31.0,0.0
2025-08-14 21:00:00,0.4,29.3,0.0
2025-08-14 22:00:00,11.8,28.6,0.0
2025-08-14 23:00:00,13.7,27.4,0.0
2025-08-15 00:00:00,9.1,26.5,0.0
2025-08-15 01:00:00,16.7,26.3,0.0
2025-08-15 02:00:00,25.7,25.8,0.0
2025-08-15 03:00:00,25.9,25.6,0.0
2025-08-15 04:00:00,19.9,24.9,0.0
2025-08-15 05:00:00,6.7,26.0,0.0
2025-08-15 06:00:00,3.8,26.8,196.4
2025-08-15 07:00:00,1.8,27.5,413.4
2025-08-15 08:00:00,5.8,29.3,617.8
2025-08-15 09:00:00,5.7,29.7,820.4
2025-08-15 10:00:00,13.9,30.8,895.1
2025-08-15 11:00:00,10.7,32.9,987.7
2025-08-15 12:00:00,12.3,33.9,990.7
2025-08-15 13:00:00,23.6,34.2,872.9
2025-08-15 14:00:00,26.9,34.7,745.5
2025-08-15 15:00:00,26.6,34.3,575.5
2025-08-15 16:00:00,21.9,34.9,379.2
2025-08-15 17:00:00,17.6,34.6,185.2
2025-08-15 18:00:00,12.0,33.7,0.0
2025-08-15 19:00:00,9.6,32.4,0.0
2025-08-15 20:00:00,17.9,31.2,0.0
2025-08-15 21:00:00,17.3,30.1,0.0
2025-08-15 22:00:00,7.8,28.4,0.0
2025-08-15 23:00:00,24.4,26.6,0.0
2025-08-16 00:00:00,32.6,25.9,0.0
2025-08-16 01:00:00,21.4,25.1,0.0
2025-08-16 02:00:00,19.3,24.6,0.0
2025-08-16 03:00:00,21.8,25.0,0.0
2025-08-16 04:00:00,36.8,25.5,0.0
2025-08-16 05:00:00,27.5,26.6,0.0
2025-08-16 06:00:00,36.0,27.9,166.9
2025-08-16 07:00:00,46.9,28.9,321.3
2025-08-16 08:00:00,40.2,29.5,524.2
2025-08-16 09:00:00,37.2,30.7,688.2
2025-08-16 10:00:00,28.4,33.0,869.7
2025-08-16 11:00:00,27.4,33.6,951.7
2025-08-16 12:00:00,27.8,34.6,937.8
2025-08-16 13:00:00,33.7,35.2,843.1
2025-08-16 14:00:00,42.4,35.4,675.9
2025-08-16 15:00:00,35.3,36.6,550.5
2025-08-16 16:00:00,19.3,37.1,383.6
2025-08-16 17:00:00,20.8,36.4,186.1
2025-08-16 18:00:00,24.6,36.0,0.0
2025-08-16 19:00:00,27.7,34.8,0.0
2025-08-16 20:00:00,25.7,32.8,0.0
2025-08-16 21:00:00,27.6,31.0,0.0
2025-08-16 22:00:00,40.4,29.9,0.0
2025-08-16 23:00:00,42.6,29.0,0.0
2025-08-17 00:00:00,22.5,27.1,0.0
2025-08-17 01:00:00,17.9,26.4,0.0
2025-08-17 02:00:00,16.5,26.5,0.0
2025-08-17 03:00:00,29.7,25.9,0.0
2025-08-17 04:00:00,26.7,26.2,0.0
2025-08-17 05:00:00,25.4,27.2,0.0
2025-08-17 06:00:00,20.6,27.7,181.5
2025-08-17 07:00:00,29.0,29.2,372.2
2025-08-17 08:00:00,43.2,31.1,503.8
2025-08-17 09:00:00,43.7,32.4,651.9
2025-08-17 10:00:00,41.2,33.5,751.9
2025-08-17 11:00:00,38.6,35.3,852.3
2025-08-17 12:00:00,17.0,37.7,983.2
2025-08-17 13:00:00,23.0,37.1,886.1
2025-08-17 14:00:00,23.4,37.7,777.3
2025-08-17 15:00:00,26.1,37.8,572.5
2025-08-17 16:00:00,19.3,38.1,394.2
2025-08-17 17:00:00,16.0,37.6,184.1
2025-08-17 18:00:00,12.9,36.7,0.0
2025-08-17 19:00:00,21.6,35.1,0.0
2025-08-17 20:00:00,18.0,33.9,0.0
2025-08-17 21:00:00,34.6,33.4,0.0
2025-08-17 22:00:00,36.0,31.4,0.0
2025-08-17 23:00:00,23.5,29.0,0.0
2025-08-18 00:00:00,44.6,28.0,0.0
2025-08-18 01:00:00,38.8,26.9,0.0
2025-08-18 02:00:00,21.4,26.6,0.0
2025-08-18 03:00:00,36.5,26.0,0.0
2025-08-18 04:00:00,42.5,26.0,0.0
2025-08-18 05:00:00,46.5,25.6,0.0
2025-08-18 06:00:00,47.1,26.7,146.9
2025-08-18 07:00:00,35.2,27.7,361.2
2025-08-18 08:00:00,31.9,28.6,557.6
2025-08-18 09:00:00,39.6,29.0,671.6
2025-08-18 10:00:00,31.3,30.1,847.5
2025-08-18 11:00:00,12.1,32.4,1000.6
2025-08-18 12:00:00,13.6,33.1,986.8
2025-08-18 13:00:00,15.7,34.2,890.3
2025-08-18 14:00:00,19.7,35.9,762.6
2025-08-18 15:00:00,28.0,35.9,578.2
2025-08-18 16:00:00,34.5,35.5,346.7
2025-08-18 17:00:00,37.3,35.6,152.3
2025-08-18 18:00:00,47.2,34.7,0.0
2025-08-18 19:00:00,34.2,34.2,0.0
2025-08-18 20:00:00,38.9,33.5,0.0
2025-08-18 21:00:00,44.1,32.0,0.0
2025-08-18 22:00:00,33.7,29.8,0.0
2025-08-18 23:00:00,22.4,28.0,0.0
2025-08-19 00:00:00,50.8,27.0,0.0
2025-08-19 01:00:00,48.1,26.2,0.0
2025-08-19 02:00:00,57.0,26.3,0.0
2025-08-19 03:00:00,54.0,25.5,0.0
2025-08-19 04:00:00,49.3,26.2,0.0
2025-08-19 05:00:00,47.2,27.1,0.0
2025-08-19 06:00:00,59.2,27.2,125.6
2025-08-19 07:00:00,60.8,27.2,269.6
2025-08-19 08:00:00,60.8,28.1,408.6
2025-08-19 09:00:00,61.3,28.6,540.8
2025-08-19 10:00:00,73.0,29.9,483.9
2025-08-19 11:00:00,66.9,30.8,595.3
2025-08-19 12:00:00,78.1,31.9,466.6
2025-08-19 13:00:00,79.1,33.1,428.0
2025-08-19 14:00:00,77.0,34.0,390.1
2025-08-19 15:00:00,96.4,34.5,144.5
2025-08-19 16:00:00,85.1,36.0,154.8
2025-08-19 17:00:00,80.7,35.8,79.3
2025-08-19 18:00:00,69.9,35.5,0.0
2025-08-19 19:00:00,77.8,34.0,0.0
2025-08-19 20:00:00,90.6,32.8,0.0
2025-08-19 21:00:00,100.0,31.1,0.0
2025-08-19 22:00:00,100.0,28.8,0.0
2025-08-19 23:00:00,100.0,26.9,0.0
2025-08-20 00:00:00,69.1,26.1,0.0
2025-08-20 01:00:00,52.9,25.1,0.0
2025-08-20 02:00:00,68.3,24.9,0.0
2025-08-20 03:00:00,69.4,24.7,0.0
2025-08-20 04:00:00,62.6,24.8,0.0
2025-08-20 05:00:00,71.2,25.4,0.0
2025-08-20 06:00:00,60.4,25.8,120.5
2025-08-20 07:00:00,61.8,26.5,259.4
2025-08-20 08:00:00,58.5,26.8,419.4
2025-08-20 09:00:00,62.1,27.9,517.2
2025-08-20 10:00:00,59.6,28.0,639.1
2025-08-20 11:00:00,46.4,30.1,790.6
2025-08-20 12:00:00,46.9,30.7,802.0
2025-08-20 13:00:00,55.1,31.7,676.3
2025-08-20 14:00:00,53.8,32.2,589.3
2025-08-20 15:00:00,59.0,32.9,431.2
2025-08-20 16:00:00,49.0,33.9,302.9
2025-08-20 17:00:00,48.4,34.7,138.7
2025-08-20 18:00:00,43.1,33.6,0.0
2025-08-20 19:00:00,49.4,33.1,0.0
2025-08-20 20:00:00,49.2,31.8,0.0
2025-08-20 21:00:00,54.3,30.1,0.0
2025-08-20 22:00:00,62.0,29.2,0.0
2025-08-20 23:00:00,65.6,27.7,0.0
2025-08-21 00:00:00,39.6,26.5,0.0
2025-08-21 01:00:00,29.2,24.9,0.0
2025-08-21 02:00:00,28.1,24.0,0.0
2025-08-21 03:00:00,22.8,24.3,0.0
2025-08-21 04:00:00,19.7,25.3,0.0
2025-08-21 05:00:00,16.8,25.8,0.0
2025-08-21 06:00:00,9.3,25.2,172.3
2025-08-21 07:00:00,0.0,26.4,407.2
2025-08-21 08:00:00,0.0,27.9,610.5
2025-08-21 09:00:00,0.0,29.4,786.4
2025-08-21 10:00:00,0.0,31.2,909.8
2025-08-21 11:00:00,0.0,32.5,1020.5
2025-08-21 12:00:00,11.5,33.8,1008.7
2025-08-21 13:00:00,20.7,34.0,903.4
2025-08-21 14:00:00,33.8,35.0,709.1
2025-08-21 15:00:00,35.2,36.3,538.8
2025-08-21 16:00:00,42.7,36.0,319.9
2025-08-21 17:00:00,34.2,35.4,155.7
2025-08-21 18:00:00,27.3,35.0,0.0
2025-08-21 19:00:00,4.5,32.9,0.0
2025-08-21 20:00:00,15.9,31.4,0.0
2025-08-21 21:00:00,28.7,30.7,0.0
2025-08-21 22:00:00,23.2,29.4,0.0
2025-08-21 23:00:00,20.8,29.0,0.0
2025-08-22 00:00:00,16.7,27.6,0.0
2025-08-22 01:00:00,20.4,26.4,0.0
2025-08-22 02:00:00,29.6,26.0,0.0
2025-08-22 03:00:00,14.7,25.4,0.0
2025-08-22 04:00:00,18.9,25.6,0.0
2025-08-22 05:00:00,17.0,26.2,0.0
2025-08-22 06:00:00,18.5,26.5,166.1
2025-08-22 07:00:00,22.6,27.6,366.9
2025-08-22 08:00:00,21.0,28.1,585.5
2025-08-22 09:00:00,20.3,29.2,759.0
2025-08-22 10:00:00,18.8,30.7,873.7
2025-08-22 11:00:00,27.0,30.7,891.1
2025-08-22 12:00:00,29.7,32.3,880.1
2025-08-22 13:00:00,30.6,32.4,855.1
2025-08-22 14:00:00,19.4,34.0,749.3
2025-08-22 15:00:00,16.6,33.9,586.3
2025-08-22 16:00:00,24.5,33.7,381.1
2025-08-22 17:00:00,24.5,33.8,160.1
2025-08-22 18:00:00,29.5,34.5,0.0
2025-08-22 19:00:00,42.7,33.5,0.0
2025-08-22 20:00:00,48.5,31.2,0.0
2025-08-22 21:00:00,46.1,30.2,0.0
2025-08-22 22:00:00,39.1,28.5,0.0
2025-08-22 23:00:00,16.6,26.8,0.0
2025-08-23 00:00:00,0.0,25.6,0.0
2025-08-23 01:00:00,0.0,23.6,0.0
2025-08-23 02:00:00,0.0,23.1,0.0
2025-08-23 03:00:00,0.0,22.8,0.0
2025-08-23 04:00:00,0.0,23.7,0.0
2025-08-23 05:00:00,0.0,24.8,0.0
2025-08-23 06:00:00,0.0,24.9,178.5
2025-08-23 07:00:00,0.0,26.9,398.0
2025-08-23 08:00:00,0.0,28.6,625.4
2025-08-23 09:00:00,0.0,29.4,794.5
2025-08-23 10:00:00,0.4,31.1,907.4
2025-08-23 11:00:00,8.0,32.8,972.7
2025-08-23 12:00:00,0.6,33.8,994.8
2025-08-23 13:00:00,3.5,35.4,909.8
2025-08-23 14:00:00,0.0,35.4,772.9
2025-08-23 15:00:00,4.5,35.2,620.5
2025-08-23 16:00:00,5.2,34.6,387.9
2025-08-23 17:00:00,7.0,34.9,172.0
2025-08-23 18:00:00,0.0,33.7,0.0
2025-08-23 19:00:00,5.6,32.1,0.0
2025-08-23 20:00:00,21.7,31.2,0.0
2025-08-23 21:00:00,11.0,29.9,0.0
2025-08-23 22:00:00,7.0,28.6,0.0
2025-08-23 23:00:00,8.1,27.1,0.0
2025-08-24 00:00:00,12.6,26.0,0.0
2025-08-24 01:00:00,6.5,24.7,0.0
2025-08-24 02:00:00,0.0,24.9,0.0
2025-08-24 03:00:00,0.0,25.3,0.0
2025-08-24 04:00:00,2.4,26.0,0.0
2025-08-24 05:00:00,0.0,26.9,0.0
2025-08-24 06:00:00,0.0,28.1,171.5
2025-08-24 07:00:00,0.0,28.6,381.3
2025-08-24 08:00:00,10.6,30.2,586.5
2025-08-24 09:00:00,16.8,31.4,779.5
2025-08-24 10:00:00,13.3,33.6,906.6
2025-08-24 11:00:00,12.3,35.3,961.1
2025-08-24 12:00:00,9.7,36.9,961.8
2025-08-24 13:00:00,17.5,36.6,879.1
2025-08-24 14:00:00,8.3,37.5,774.0
2025-08-24 15:00:00,0.8,37.6,595.1
2025-08-24 16:00:00,8.7,37.4,373.8
2025-08-24 17:00:00,7.3,36.7,172.9
2025-08-24 18:00:00,17.4,35.8,0.0
2025-08-24 19:00:00,9.8,34.6,0.0
2025-08-24 20:00:00,8.2,32.9,0.0
2025-08-24 21:00:00,0.0,31.3,0.0
2025-08-24 22:00:00,0.0,28.9,0.0
2025-08-24 23:00:00,0.0,27.1,0.0
2025-08-25 00:00:00,34.7,26.6,0.0
2025-08-25 01:00:00,24.9,24.9,0.0
2025-08-25 02:00:00,33.4,25.1,0.0
2025-08-25 03:00:00,40.9,25.6,0.0
2025-08-25 04:00:00,28.0,25.4,0.0
2025-08-25 05:00:00,41.2,27.7,0.0
2025-08-25 06:00:00,62.1,28.8,105.8
2025-08-25 07:00:00,60.9,28.8,254.3
2025-08-25 08:00:00,54.3,30.0,451.0
2025-08-25 09:00:00,76.2,30.4,392.8
2025-08-25 10:00:00,62.4,31.5,598.8
2025-08-25 11:00:00,60.9,32.2,684.7
2025-08-25 12:00:00,60.9,33.9,659.9
2025-08-25 13:00:00,70.2,34.3,513.0
2025-08-25 14:00:00,70.5,35.3,440.0
2025-08-25 15:00:00,63.9,35.7,373.5
2025-08-25 16:00:00,54.5,35.9,288.9
2025-08-25 17:00:00,51.1,35.9,128.1
2025-08-25 18:00:00,42.8,35.6,0.0
2025-08-25 19:00:00,43.9,33.1,0.0
2025-08-25 20:00:00,40.0,31.6,0.0
2025-08-25 21:00:00,29.1,29.6,0.0
2025-08-25 22:00:00,41.5,29.0,0.0
2025-08-25 23:00:00,38.4,29.0,0.0
2025-08-26 00:00:00,44.5,27.6,0.0
2025-08-26 01:00:00,45.5,25.8,0.0
2025-08-26 02:00:00,48.2,25.3,0.0
2025-08-26 03:00:00,36.1,24.8,0.0
2025-08-26 04:00:00,42.1,26.1,0.0
2025-08-26 05:00:00,36.3,27.4,0.0
2025-08-26 06:00:00,53.3,28.4,120.0
2025-08-26 07:00:00,58.8,28.6,252.9
2025-08-26 08:00:00,56.2,29.7,430.1
2025-08-26 09:00:00,51.1,31.0,603.5
2025-08-26 10:00:00,51.8,32.2,692.8
2025-08-26 11:00:00,58.1,32.4,673.4
2025-08-26 12:00:00,58.6,34.1,662.1
2025-08-26 13:00:00,57.5,35.3,645.4
2025-08-26 14:00:00,58.7,36.1,538.9
2025-08-26 15:00:00,54.5,36.5,434.4
2025-08-26 16:00:00,52.9,36.5,296.0
2025-08-26 17:00:00,37.5,36.6,139.4
2025-08-26 18:00:00,48.5,35.3,0.0
2025-08-26 19:00:00,52.7,34.5,0.0
2025-08-26 20:00:00,47.8,32.5,0.0
2025-08-26 21:00:00,64.9,30.2,0.0
2025-08-26 22:00:00,65.5,29.6,0.0
2025-08-26 23:00:00,57.0,27.6,0.0
2025-08-27 00:00:00,46.6,25.8,0.0
2025-08-27 01:00:00,49.6,25.5,0.0
2025-08-27 02:00:00,52.3,25.9,0.0
2025-08-27 03:00:00,48.1,24.9,0.0
2025-08-27 04:00:00,51.4,24.7,0.0
2025-08-27 05:00:00,48.7,24.8,0.0
2025-08-27 06:00:00,52.7,25.8,118.9
2025-08-27 07:00:00,36.7,27.4,336.9
2025-08-27 08:00:00,34.3,28.0,517.6
2025-08-27 09:00:00,49.4,29.5,588.3
2025-08-27 10:00:00,42.8,30.6,734.0
2025-08-27 11:00:00,38.4,32.3,846.2
2025-08-27 12:00:00,35.6,33.0,863.9
2025-08-27 13:00:00,27.1,34.3,831.4
2025-08-27 14:00:00,11.7,35.4,768.0
2025-08-27 15:00:00,13.9,35.6,601.9
2025-08-27 16:00:00,18.8,35.7,361.0
2025-08-27 17:00:00,21.6,34.9,148.3
2025-08-27 18:00:00,23.4,33.8,0.0
2025-08-27 19:00:00,26.4,32.9,0.0
2025-08-27 20:00:00,36.9,32.3,0.0
2025-08-27 21:00:00,36.4,30.8,0.0
2025-08-27 22:00:00,32.9,29.4,0.0
2025-08-27 23:00:00,32.2,28.4,0.0
2025-08-28 00:00:00,44.8,27.6,0.0
2025-08-28 01:00:00,57.0,26.3,0.0
2025-08-28 02:00:00,51.4,25.2,0.0
2025-08-28 03:00:00,52.2,24.7,0.0
2025-08-28 04:00:00,54.9,26.0,0.0
2025-08-28 05:00:00,46.6,26.7,0.0
2025-08-28 06:00:00,47.4,27.3,127.9
2025-08-28 07:00:00,36.3,28.2,335.4
2025-08-28 08:00:00,24.0,28.8,564.2
2025-08-28 09:00:00,30.3,30.9,700.0
2025-08-28 10:00:00,29.8,32.5,830.4
2025-08-28 11:00:00,34.1,33.9,855.8
2025-08-28 12:00:00,36.1,34.1,853.7
2025-08-28 13:00:00,30.2,35.8,806.2
2025-08-28 14:00:00,32.5,36.3,683.5
2025-08-28 15:00:00,25.0,36.2,552.2
2025-08-28 16:00:00,39.3,35.7,316.8
2025-08-28 17:00:00,30.0,34.9,143.7
2025-08-28 18:00:00,31.1,33.7,0.0
2025-08-28 19:00:00,25.3,32.4,0.0
2025-08-28 20:00:00,33.0,31.0,0.0
2025-08-28 21:00:00,32.7,29.7,0.0
2025-08-28 22:00:00,30.8,29.0,0.0
2025-08-28 23:00:00,40.2,27.6,0.0
2025-08-29 00:00:00,27.9,25.0,0.0
2025-08-29 01:00:00,33.3,24.1,0.0
2025-08-29 02:00:00,26.0,24.1,0.0
2025-08-29 03:00:00,16.2,23.7,0.0
2025-08-29 04:00:00,19.7,24.8,0.0
2025-08-29 05:00:00,19.3,25.6,0.0
2025-08-29 06:00:00,26.6,25.5,145.8
2025-08-29 07:00:00,27.3,26.5,352.3
2025-08-29 08:00:00,30.3,27.8,550.8
2025-08-29 09:00:00,18.2,29.9,737.5
2025-08-29 10:00:00,35.7,31.7,787.9
2025-08-29 11:00:00,34.7,33.5,860.6
2025-08-29 12:00:00,40.7,34.6,835.3
2025-08-29 13:00:00,33.7,36.2,819.2
2025-08-29 14:00:00,36.7,36.8,668.6
2025-08-29 15:00:00,26.4,36.7,532.3
2025-08-29 16:00:00,31.4,36.7,341.6
2025-08-29 17:00:00,29.4,36.6,140.7
2025-08-29 18:00:00,30.6,35.4,0.0
2025-08-29 19:00:00,37.1,34.9,0.0
2025-08-29 20:00:00,27.4,33.7,0.0
2025-08-29 21:00:00,23.2,31.4,0.0
2025-08-29 22:00:00,28.6,30.5,0.0
2025-08-29 23:00:00,46.5,29.1,0.0
2025-08-30 00:00:00,12.4,26.8,0.0
2025-08-30 01:00:00,16.4,26.5,0.0
2025-08-30 02:00:00,14.3,25.7,0.0
2025-08-30 03:00:00,28.8,26.7,0.0
2025-08-30 04:00:00,12.1,26.1,0.0
2025-08-30 05:00:00,12.2,25.8,0.0
2025-08-30 06:00:00,0.0,26.4,152.5
2025-08-30 07:00:00,0.0,28.0,376.8
2025-08-30 08:00:00,0.0,28.9,610.0
2025-08-30 09:00:00,0.0,29.8,787.3
2025-08-30 10:00:00,0.0,31.5,898.2
2025-08-30 11:00:00,0.0,32.2,951.3
2025-08-30 12:00:00,16.4,33.1,914.7
2025-08-30 13:00:00,13.1,34.1,911.6
2025-08-30 14:00:00,16.3,35.0,735.5
2025-08-30 15:00:00,9.9,34.8,579.2
2025-08-30 16:00:00,11.8,35.4,379.0
2025-08-30 17:00:00,9.2,34.8,148.4
2025-08-30 18:00:00,5.5,34.3,0.0
2025-08-30 19:00:00,20.2,33.8,0.0
2025-08-30 20:00:00,27.9,31.9,0.0
2025-08-30 21:00:00,26.4,30.8,0.0
2025-08-30 22:00:00,5.5,28.2,0.0
2025-08-30 23:00:00,2.7,26.1,0.0
2025-08-31 00:00:00,48.1,26.4,0.0
2025-08-31 01:00:00,44.0,26.0,0.0
2025-08-31 02:00:00,51.1,26.5,0.0
2025-08-31 03:00:00,60.0,26.2,0.0
2025-08-31 04:00:00,58.1,26.4,0.0
2025-08-31 05:00:00,47.9,27.0,0.0
2025-08-31 06:00:00,26.2,27.3,139.8
2025-08-31 07:00:00,32.1,27.8,334.7
2025-08-31 08:00:00,25.2,28.5,545.2
2025-08-31 09:00:00,27.2,29.9,714.3
2025-08-31 10:00:00,17.4,31.0,884.9
2025-08-31 11:00:00,16.8,31.9,921.0
2025-08-31 12:00:00,18.5,33.3,935.5
2025-08-31 13:00:00,22.0,34.2,799.3
2025-08-31 14:00:00,14.0,35.6,756.8
2025-08-31 15:00:00,25.4,35.5,543.7
2025-08-31 16:00:00,21.1,35.3,347.5
2025-08-31 17:00:00,8.7,35.2,151.8
2025-08-31 18:00:00,10.3,33.9,0.0
2025-08-31 19:00:00,12.9,32.4,0.0
2025-08-31 20:00:00,16.2,30.8,0.0
2025-08-31 21:00:00,28.7,29.4,0.0
2025-08-31 22:00:00,26.9,28.7,0.0
2025-08-31 23:00:00,26.2,26.6,0.0
2025-09-01 00:00:00,49.9,26.3,0.0
2025-09-01 01:00:00,57.8,25.9,0.0
2025-09-01 02:00:00,59.7,26.1,0.0
2025-09-01 03:00:00,56.6,27.4,0.0
2025-09-01 04:00:00,41.9,27.9,0.0
2025-09-01 05:00:00,55.9,29.1,0.0
2025-09-01 06:00:00,46.7,28.6,114.8
2025-09-01 07:00:00,43.8,28.6,304.4
2025-09-01 08:00:00,48.8,29.5,465.3
2025-09-01 09:00:00,40.7,29.9,668.2
2025-09-01 10:00:00,31.3,31.8,816.3
2025-09-01 11:00:00,17.9,32.5,946.0
2025-09-01 12:00:00,28.9,33.9,849.4
2025-09-01 13:00:00,28.5,34.8,859.8
2025-09-01 14:00:00,55.8,34.9,542.0
2025-09-01 15:00:00,48.6,35.3,445.8
2025-09-01 16:00:00,42.8,34.7,302.9
2025-09-01 17:00:00,40.5,35.3,129.5
2025-09-01 18:00:00,45.0,35.5,0.0
2025-09-01 19:00:00,43.2,34.0,0.0
2025-09-01 20:00:00,50.3,33.0,0.0
2025-09-01 21:00:00,43.8,31.1,0.0
2025-09-01 22:00:00,34.9,29.6,0.0
2025-09-01 23:00:00,23.7,28.3,0.0
2025-09-02 00:00:00,0.0,26.8,0.0
2025-09-02 01:00:00,0.0,26.5,0.0
2025-09-02 02:00:00,3.2,26.1,0.0
2025-09-02 03:00:00,3.6,25.8,0.0
2025-09-02 04:00:00,19.0,25.8,0.0
2025-09-02 05:00:00,32.4,26.3,0.0
2025-09-02 06:00:00,31.7,27.3,131.4
2025-09-02 07:00:00,19.4,27.4,346.2
2025-09-02 08:00:00,18.4,29.2,538.9
2025-09-02 09:00:00,17.2,30.4,773.0
2025-09-02 10:00:00,15.8,31.4,865.5
2025-09-02 11:00:00,14.2,32.3,967.8
2025-09-02 12:00:00,13.1,34.0,935.5
2025-09-02 13:00:00,14.3,34.9,904.6
2025-09-02 14:00:00,13.3,36.4,739.1
2025-09-02 15:00:00,19.3,35.9,544.4
2025-09-02 16:00:00,25.7,35.6,340.1
2025-09-02 17:00:00,21.2,35.2,138.3
2025-09-02 18:00:00,34.7,34.3,0.0
2025-09-02 19:00:00,28.5,33.0,0.0
2025-09-02 20:00:00,18.0,31.6,0.0
2025-09-02 21:00:00,24.8,30.4,0.0
2025-09-02 22:00:00,21.1,29.5,0.0
2025-09-02 23:00:00,27.0,27.5,0.0
2025-09-03 00:00:00,9.5,26.0,0.0
2025-09-03 01:00:00,25.2,25.0,0.0
2025-09-03 02:00:00,33.3,24.7,0.0
2025-09-03 03:00:00,23.1,24.6,0.0
2025-09-03 04:00:00,14.2,24.1,0.0
2025-09-03 05:00:00,31.6,24.6,0.0
2025-09-03 06:00:00,27.7,25.5,135.5
2025-09-03 07:00:00,23.4,26.4,336.6
2025-09-03 08:00:00,8.2,27.8,602.2
2025-09-03 09:00:00,10.2,29.6,752.8
2025-09-03 10:00:00,12.9,31.3,900.7
2025-09-03 11:00:00,22.8,32.1,891.0
2025-09-03 12:00:00,14.6,33.2,897.4
2025-09-03 13:00:00,6.5,33.9,866.7
2025-09-03 14:00:00,15.0,34.3,694.6
2025-09-03 15:00:00,27.0,33.8,557.2
2025-09-03 16:00:00,17.0,34.1,354.0
2025-09-03 17:00:00,29.3,34.4,129.1
2025-09-03 18:00:00,31.9,33.7,0.0
2025-09-03 19:00:00,42.5,32.4,0.0
2025-09-03 20:00:00,42.6,32.0,0.0
2025-09-03 21:00:00,23.1,30.9,0.0
2025-09-03 22:00:00,24.8,29.0,0.0
2025-09-03 23:00:00,36.1,27.7,0.0
2025-09-04 00:00:00,29.3,26.4,0.0
2025-09-04 01:00:00,28.3,25.5,0.0
2025-09-04 02:00:00,29.1,25.8,0.0
2025-09-04 03:00:00,8.1,25.3,0.0
2025-09-04 04:00:00,26.1,25.8,0.0
2025-09-04 05:00:00,21.4,26.6,0.0
2025-09-04 06:00:00,28.5,27.9,130.8
2025-09-04 07:00:00,30.0,29.2,323.6
2025-09-04 08:00:00,42.1,30.2,481.9
2025-09-04 09:00:00,45.9,30.4,597.1
2025-09-04 10:00:00,44.1,31.4,720.7
2025-09-04 11:00:00,37.3,33.2,862.2
2025-09-04 12:00:00,44.8,34.2,772.0
2025-09-04 13:00:00,30.1,36.1,797.1
2025-09-04 14:00:00,37.3,37.6,670.4
2025-09-04 15:00:00,29.6,37.5,513.0
2025-09-04 16:00:00,41.7,38.0,296.3
2025-09-04 17:00:00,43.6,37.6,117.1
2025-09-04 18:00:00,49.2,37.5,0.0
2025-09-04 19:00:00,49.5,36.1,0.0
2025-09-04 20:00:00,35.2,35.4,0.0
2025-09-04 21:00:00,29.7,33.6,0.0
2025-09-04 22:00:00,37.2,31.7,0.0
2025-09-04 23:00:00,39.7,30.4,0.0
2025-09-05 00:00:00,6.0,28.5,0.0
2025-09-05 01:00:00,8.8,28.0,0.0
2025-09-05 02:00:00,0.4,27.4,0.0
2025-09-05 03:00:00,0.0,28.2,0.0
2025-09-05 04:00:00,0.0,28.1,0.0
2025-09-05 05:00:00,0.0,28.5,0.0
2025-09-05 06:00:00,0.0,28.9,140.7
2025-09-05 07:00:00,0.0,30.0,344.9
2025-09-05 08:00:00,9.5,31.3,570.4
2025-09-05 09:00:00,0.0,33.0,746.3
2025-09-05 10:00:00,6.8,34.2,905.4
2025-09-05 11:00:00,24.2,34.5,874.7
2025-09-05 12:00:00,11.1,35.6,940.2
2025-09-05 13:00:00,16.3,36.2,870.1
2025-09-05 14:00:00,14.7,37.4,739.1
2025-09-05 15:00:00,0.9,38.5,582.7
2025-09-05 16:00:00,5.1,38.1,346.9
2025-09-05 17:00:00,11.5,37.0,141.3
2025-09-05 18:00:00,5.6,35.9,0.0
2025-09-05 19:00:00,14.6,35.8,0.0
2025-09-05 20:00:00,0.0,34.5,0.0
2025-09-05 21:00:00,0.0,33.0,0.0
2025-09-05 22:00:00,0.0,31.8,0.0
2025-09-05 23:00:00,0.0,30.9,0.0
2025-09-06 00:00:00,0.0,28.8,0.0
2025-09-06 01:00:00,0.0,27.5,0.0
2025-09-06 02:00:00,0.0,26.4,0.0
2025-09-06 03:00:00,0.0,26.4,0.0
2025-09-06 04:00:00,0.0,26.5,0.0
2025-09-06 05:00:00,0.0,27.4,0.0
2025-09-06 06:00:00,0.0,27.9,135.8
2025-09-06 07:00:00,9.3,29.7,355.9
2025-09-06 08:00:00,0.4,31.0,581.1
2025-09-06 09:00:00,16.0,32.3,746.8
2025-09-06 10:00:00,13.1,34.3,877.9
2025-09-06 11:00:00,0.0,36.5,924.8
2025-09-06 12:00:00,9.0,37.4,942.5
2025-09-06 13:00:00,7.7,38.7,922.4
2025-09-06 14:00:00,12.3,39.9,746.4
2025-09-06 15:00:00,19.4,40.1,550.7
2025-09-06 16:00:00,18.5,39.5,344.7
2025-09-06 17:00:00,10.3,39.1,135.7
2025-09-06 18:00:00,15.6,38.1,0.0
2025-09-06 19:00:00,12.5,35.5,0.0
2025-09-06 20:00:00,15.2,34.1,0.0
2025-09-06 21:00:00,0.0,32.3,0.0
2025-09-06 22:00:00,0.0,31.2,0.0
2025-09-06 23:00:00,0.0,29.2,0.0
2025-09-07 00:00:00,41.1,27.6,0.0
2025-09-07 01:00:00,44.3,26.7,0.0
2025-09-07 02:00:00,44.0,26.2,0.0
2025-09-07 03:00:00,45.8,25.9,0.0
2025-09-07 04:00:00,35.4,25.9,0.0
2025-09-07 05:00:00,47.3,26.1,0.0
2025-09-07 06:00:00,60.6,26.5,90.1
2025-09-07 07:00:00,59.6,26.8,242.2
2025-09-07 08:00:00,68.3,28.0,336.8
2025-09-07 09:00:00,58.7,29.3,516.8
2025-09-07 10:00:00,48.4,30.6,698.9
2025-09-07 11:00:00,46.0,32.8,725.7
2025-09-07 12:00:00,47.1,33.7,755.9
2025-09-07 13:00:00,41.4,35.2,722.1
2025-09-07 14:00:00,43.9,35.8,626.3
2025-09-07 15:00:00,44.2,37.2,459.7
2025-09-07 16:00:00,34.0,37.4,312.0
2025-09-07 17:00:00,37.2,37.2,111.8
2025-09-07 18:00:00,42.8,36.5,0.0
2025-09-07 19:00:00,42.1,35.2,0.0
2025-09-07 20:00:00,49.4,34.4,0.0
2025-09-07 21:00:00,36.9,32.9,0.0
2025-09-07 22:00:00,39.3,31.3,0.0
2025-09-07 23:00:00,28.3,30.4,0.0
2025-09-08 00:00:00,29.3,29.3,0.0
2025-09-08 01:00:00,25.1,27.9,0.0
2025-09-08 02:00:00,18.9,26.3,0.0
2025-09-08 03:00:00,16.6,25.7,0.0
2025-09-08 04:00:00,17.2,26.1,0.0
2025-09-08 05:00:00,26.2,27.0,0.0
2025-09-08 06:00:00,24.8,28.2,122.7
2025-09-08 07:00:00,13.5,28.6,356.2
2025-09-08 08:00:00,25.4,29.3,501.3
2025-09-08 09:00:00,20.0,30.1,703.7
2025-09-08 10:00:00,21.4,30.7,831.3
2025-09-08 11:00:00,26.8,31.6,895.6
2025-09-08 12:00:00,29.5,32.9,881.9
2025-09-08 13:00:00,39.1,34.0,736.6
2025-09-08 14:00:00,42.5,34.3,629.9
2025-09-08 15:00:00,34.9,34.6,491.6
2025-09-08 16:00:00,52.5,33.7,266.6
2025-09-08 17:00:00,52.1,33.9,95.8
2025-09-08 18:00:00,49.0,33.1,0.0
2025-09-08 19:00:00,55.2,32.8,0.0
2025-09-08 20:00:00,54.9,31.6,0.0
2025-09-08 21:00:00,55.8,30.0,0.0
2025-09-08 22:00:00,73.4,28.4,0.0
2025-09-08 23:00:00,66.7,26.1,0.0
2025-09-09 00:00:00,66.6,24.1,0.0
2025-09-09 01:00:00,64.6,22.9,0.0
2025-09-09 02:00:00,70.5,22.2,0.0
2025-09-09 03:00:00,55.0,21.3,0.0
2025-09-09 04:00:00,37.8,21.6,0.0
2025-09-09 05:00:00,33.6,22.5,0.0
2025-09-09 06:00:00,21.6,23.0,122.2
2025-09-09 07:00:00,20.6,25.0,329.9
2025-09-09 08:00:00,27.2,25.3,518.2
2025-09-09 09:00:00,21.9,26.9,685.1
2025-09-09 10:00:00,12.9,28.6,873.6
2025-09-09 11:00:00,17.0,29.6,921.8
2025-09-09 12:00:00,26.9,30.3,894.9
2025-09-09 13:00:00,15.2,31.8,855.9
2025-09-09 14:00:00,25.0,32.2,671.6
2025-09-09 15:00:00,33.6,32.4,493.9
2025-09-09 16:00:00,42.3,32.0,285.8
2025-09-09 17:00:00,52.0,31.3,97.3
2025-09-09 18:00:00,68.5,31.1,0.0
2025-09-09 19:00:00,62.5,29.7,0.0
2025-09-09 20:00:00,60.9,28.3,0.0
2025-09-09 21:00:00,55.3,26.8,0.0
2025-09-09 22:00:00,53.8,25.1,0.0
2025-09-09 23:00:00,64.6,23.9,0.0
2025-09-10 00:00:00,78.3,22.5,0.0
2025-09-10 01:00:00,70.3,22.4,0.0
2025-09-10 02:00:00,81.2,21.6,0.0
2025-09-10 03:00:00,88.0,21.5,0.0
2025-09-10 04:00:00,82.8,21.4,0.0
2025-09-10 05:00:00,88.0,21.9,0.0
2025-09-10 06:00:00,88.5,22.2,44.4
2025-09-10 07:00:00,98.2,22.5,72.5
2025-09-10 08:00:00,95.3,22.8,133.6
2025-09-10 09:00:00,100.0,23.4,131.7
2025-09-10 10:00:00,100.0,24.1,158.7
2025-09-10 11:00:00,100.0,25.6,171.7
2025-09-10 12:00:00,100.0,28.0,165.5
2025-09-10 13:00:00,100.0,29.0,161.6
2025-09-10 14:00:00,100.0,30.5,136.0
2025-09-10 15:00:00,100.0,31.7,101.6
2025-09-10 16:00:00,100.0,33.0,63.7
2025-09-10 17:00:00,100.0,34.0,22.8
2025-09-10 18:00:00,95.7,34.0,0.0
2025-09-10 19:00:00,100.0,32.9,0.0
2025-09-10 20:00:00,100.0,31.2,0.0
2025-09-10 21:00:00,96.2,29.3,0.0
2025-09-10 22:00:00,97.6,27.8,0.0
2025-09-10 23:00:00,82.2,25.5,0.0
2025-09-11 00:00:00,63.0,23.7,0.0
2025-09-11 01:00:00,65.1,23.4,0.0
2025-09-11 02:00:00,77.0,23.1,0.0
2025-09-11 03:00:00,67.6,23.2,0.0
2025-09-11 04:00:00,55.3,24.0,0.0
2025-09-11 05:00:00,47.5,24.4,0.0
2025-09-11 06:00:00,37.2,25.0,106.4
2025-09-11 07:00:00,49.4,25.6,267.0
2025-09-11 08:00:00,61.9,25.9,363.6
2025-09-11 09:00:00,63.1,26.4,477.3
2025-09-11 10:00:00,71.3,27.8,497.6
2025-09-11 11:00:00,69.8,29.2,544.2
2025-09-11 12:00:00,66.7,31.5,573.2
2025-09-11 13:00:00,62.1,33.2,559.1
2025-09-11 14:00:00,58.2,33.9,517.9
2025-09-11 15:00:00,44.8,35.2,451.6
2025-09-11 16:00:00,47.6,35.3,274.7
2025-09-11 17:00:00,47.6,35.9,96.4
2025-09-11 18:00:00,53.9,35.1,0.0
2025-09-11 19:00:00,54.2,33.3,0.0
2025-09-11 20:00:00,52.4,31.4,0.0
2025-09-11 21:00:00,45.2,29.3,0.0
2025-09-11 22:00:00,46.4,27.4,0.0
2025-09-11 23:00:00,52.7,25.8,0.0
2025-09-12 00:00:00,4.8,24.2,0.0
2025-09-12 01:00:00,6.3,24.2,0.0
2025-09-12 02:00:00,8.8,22.9,0.0
2025-09-12 03:00:00,3.4,23.3,0.0
2025-09-12 04:00:00,0.0,23.2,0.0
2025-09-12 05:00:00,3.0,24.0,0.0
2025-09-12 06:00:00,0.0,24.1,119.2
2025-09-12 07:00:00,0.0,25.6,336.9
2025-09-12 08:00:00,0.0,26.0,563.2
2025-09-12 09:00:00,4.7,27.7,732.6
2025-09-12 10:00:00,24.2,28.8,832.1
2025-09-12 11:00:00,15.8,30.6,941.6
2025-09-12 12:00:00,19.6,31.4,915.7
2025-09-12 13:00:00,12.9,32.9,862.2
2025-09-12 14:00:00,21.0,33.6,705.2
2025-09-12 15:00:00,9.8,34.1,555.5
2025-09-12 16:00:00,13.9,34.4,331.1
2025-09-12 17:00:00,6.6,33.8,121.6
2025-09-12 18:00:00,5.6,33.2,0.0
2025-09-12 19:00:00,0.0,31.8,0.0
2025-09-12 20:00:00,6.3,30.6,0.0
2025-09-12 21:00:00,0.2,29.2,0.0
2025-09-12 22:00:00,6.0,27.5,0.0
2025-09-12 23:00:00,4.0,25.4,0.0
2025-09-13 00:00:00,18.2,24.4,0.0
2025-09-13 01:00:00,20.3,24.1,0.0
2025-09-13 02:00:00,14.9,23.6,0.0
2025-09-13 03:00:00,17.9,23.6,0.0
2025-09-13 04:00:00,31.1,23.9,0.0
2025-09-13 05:00:00,24.2,24.7,0.0
2025-09-13 06:00:00,33.8,25.4,103.3
2025-09-13 07:00:00,44.8,25.9,264.5
2025-09-13 08:00:00,36.0,27.6,490.6
2025-09-13 09:00:00,23.2,28.8,683.1
2025-09-13 10:00:00,25.9,30.5,794.1
2025-09-13 11:00:00,21.5,32.6,857.9
2025-09-13 12:00:00,37.0,33.5,819.0
2025-09-13 13:00:00,36.0,33.8,730.2
2025-09-13 14:00:00,28.3,34.8,661.7
2025-09-13 15:00:00,18.9,35.3,533.6
2025-09-13 16:00:00,28.4,34.9,311.3
2025-09-13 17:00:00,23.5,34.7,108.7
2025-09-13 18:00:00,24.2,34.3,0.0
2025-09-13 19:00:00,32.0,32.9,0.0
2025-09-13 20:00:00,27.4,31.3,0.0
2025-09-13 21:00:00,26.9,29.6,0.0
2025-09-13 22:00:00,26.6,28.6,0.0
2025-09-13 23:00:00,32.0,27.0,0.0
2025-09-14 00:00:00,50.9,25.3,0.0
2025-09-14 01:00:00,48.0,23.5,0.0
2025-09-14 02:00:00,47.6,23.1,0.0
2025-09-14 03:00:00,43.8,22.5,0.0
2025-09-14 04:00:00,31.7,22.9,0.0
2025-09-14 05:00:00,34.8,22.9,0.0
2025-09-14 06:00:00,50.7,23.4,86.2
2025-09-14 07:00:00,42.4,23.5,263.7
2025-09-14 08:00:00,36.1,24.9,504.9
2025-09-14 09:00:00,29.7,26.7,661.2
2025-09-14 10:00:00,36.8,28.0,762.8
2025-09-14 11:00:00,40.9,28.7,762.3
2025-09-14 12:00:00,39.6,29.7,806.0
2025-09-14 13:00:00,32.4,31.2,800.0
2025-09-14 14:00:00,34.2,31.2,643.0
2025-09-14 15:00:00,22.4,31.9,505.9
2025-09-14 16:00:00,25.8,32.8,307.6
2025-09-14 17:00:00,34.6,32.6,96.1
2025-09-14 18:00:00,25.3,31.1,0.0
2025-09-14 19:00:00,14.9,29.5,0.0
2025-09-14 20:00:00,30.7,28.1,0.0
2025-09-14 21:00:00,27.0,27.7,0.0
2025-09-14 22:00:00,37.7,27.2,0.0
2025-09-14 23:00:00,36.9,26.1,0.0
2025-09-15 00:00:00,30.7,24.5,0.0
2025-09-15 01:00:00,34.8,24.2,0.0
2025-09-15 02:00:00,27.8,22.9,0.0
2025-09-15 03:00:00,29.8,23.3,0.0
2025-09-15 04:00:00,27.4,23.9,0.0
2025-09-15 05:00:00,17.8,24.2,0.0
2025-09-15 06:00:00,22.7,25.6,107.6
2025-09-15 07:00:00,22.1,26.3,308.1
2025-09-15 08:00:00,22.5,26.8,515.1
2025-09-15 09:00:00,14.3,28.8,709.3
2025-09-15 10:00:00,29.6,29.7,770.6
2025-09-15 11:00:00,37.3,31.1,801.0
2025-09-15 12:00:00,44.8,32.9,747.4
2025-09-15 13:00:00,41.3,33.7,719.1
2025-09-15 14:00:00,26.7,34.8,661.9
2025-09-15 15:00:00,43.4,35.7,432.9
2025-09-15 16:00:00,42.0,36.2,272.3
2025-09-15 17:00:00,35.2,35.6,101.0
2025-09-15 18:00:00,38.6,34.4,0.0
2025-09-15 19:00:00,47.6,33.0,0.0
2025-09-15 20:00:00,45.9,31.1,0.0
2025-09-15 21:00:00,54.9,29.8,0.0
2025-09-15 22:00:00,61.2,28.3,0.0
2025-09-15 23:00:00,49.5,26.8,0.0
2025-09-16 00:00:00,68.7,25.3,0.0
2025-09-16 01:00:00,75.5,24.4,0.0
2025-09-16 02:00:00,52.1,22.4,0.0
2025-09-16 03:00:00,52.1,22.3,0.0
2025-09-16 04:00:00,41.8,23.0,0.0
2025-09-16 05:00:00,40.4,22.9,0.0
2025-09-16 06:00:00,40.6,23.8,90.1
2025-09-16 07:00:00,40.2,24.3,275.7
2025-09-16 08:00:00,38.4,25.8,466.9
2025-09-16 09:00:00,32.4,27.2,644.3
2025-09-16 10:00:00,54.3,28.1,627.1
2025-09-16 11:00:00,70.1,28.9,526.3
2025-09-16 12:00:00,59.8,31.1,627.9
2025-09-16 13:00:00,72.7,32.0,459.8
2025-09-16 14:00:00,68.2,32.8,426.1
2025-09-16 15:00:00,68.4,33.6,333.7
2025-09-16 16:00:00,67.1,34.0,196.9
2025-09-16 17:00:00,61.2,34.2,72.9
2025-09-16 18:00:00,69.1,33.6,0.0
2025-09-16 19:00:00,69.2,32.1,0.0
2025-09-16 20:00:00,64.5,30.7,0.0
2025-09-16 21:00:00,53.8,29.0,0.0
2025-09-16 22:00:00,47.6,27.9,0.0
2025-09-16 23:00:00,36.1,26.0,0.0
2025-09-17 00:00:00,47.0,23.8,0.0
2025-09-17 01:00:00,40.2,22.6,0.0
2025-09-17 02:00:00,41.6,21.3,0.0
2025-09-17 03:00:00,55.9,21.6,0.0
2025-09-17 04:00:00,67.1,21.2,0.0
2025-09-17 05:00:00,67.1,21.4,0.0
2025-09-17 06:00:00,66.7,21.8,62.3
2025-09-17 07:00:00,82.1,23.1,145.0
2025-09-17 08:00:00,84.7,23.1,203.4
2025-09-17 09:00:00,80.3,24.1,322.6
2025-09-17 10:00:00,67.6,26.0,519.9
2025-09-17 11:00:00,70.9,27.9,527.2
2025-09-17 12:00:00,77.4,29.4,454.3
2025-09-17 13:00:00,71.4,31.3,469.4
2025-09-17 14:00:00,73.5,32.7,391.4
2025-09-17 15:00:00,70.1,33.0,310.2
2025-09-17 16:00:00,68.6,33.8,189.3
2025-09-17 17:00:00,48.8,34.3,82.5
2025-09-17 18:00:00,49.5,33.2,0.0
2025-09-17 19:00:00,59.6,31.8,0.0
2025-09-17 20:00:00,55.8,29.9,0.0
2025-09-17 21:00:00,57.8,28.8,0.0
2025-09-17 22:00:00,53.2,27.2,0.0
2025-09-17 23:00:00,58.0,25.7,0.0
2025-09-18 00:00:00,11.1,23.0,0.0
2025-09-18 01:00:00,5.0,21.9,0.0
2025-09-18 02:00:00,17.8,21.3,0.0
2025-09-18 03:00:00,25.9,21.4,0.0
2025-09-18 04:00:00,20.7,21.0,0.0
2025-09-18 05:00:00,24.9,21.8,0.0
2025-09-18 06:00:00,29.0,22.5,96.5
2025-09-18 07:00:00,33.4,22.8,280.7
2025-09-18 08:00:00,18.6,23.6,499.4
2025-09-18 09:00:00,27.2,24.3,654.4
2025-09-18 10:00:00,22.1,25.9,799.7
2025-09-18 11:00:00,19.3,27.5,909.8
2025-09-18 12:00:00,40.9,28.3,784.6
2025-09-18 13:00:00,41.1,29.7,726.5
2025-09-18 14:00:00,35.8,30.4,634.9
2025-09-18 15:00:00,16.6,31.9,526.0
2025-09-18 16:00:00,28.5,31.7,288.3
2025-09-18 17:00:00,17.1,31.7,99.3
2025-09-18 18:00:00,9.8,30.7,0.0
2025-09-18 19:00:00,8.7,29.8,0.0
2025-09-18 20:00:00,21.7,28.5,0.0
2025-09-18 21:00:00,28.1,27.3,0.0
2025-09-18 22:00:00,26.2,25.8,0.0
2025-09-18 23:00:00,28.2,24.8,0.0
2025-09-19 00:00:00,4.0,22.7,0.0
2025-09-19 01:00:00,5.1,20.9,0.0
2025-09-19 02:00:00,5.6,19.9,0.0
2025-09-19 03:00:00,13.1,20.5,0.0
2025-09-19 04:00:00,19.8,20.8,0.0
2025-09-19 05:00:00,21.9,21.6,0.0
2025-09-19 06:00:00,16.8,21.9,95.3
2025-09-19 07:00:00,21.2,23.0,290.6
2025-09-19 08:00:00,18.4,23.8,515.2
2025-09-19 09:00:00,8.1,25.2,732.1
2025-09-19 10:00:00,4.4,26.7,828.2
2025-09-19 11:00:00,5.0,28.5,936.9
2025-09-19 12:00:00,12.2,29.9,901.7
2025-09-19 13:00:00,9.7,31.3,814.8
2025-09-19 14:00:00,0.0,31.5,697.6
2025-09-19 15:00:00,0.4,31.8,530.3
2025-09-19 16:00:00,1.8,31.6,313.8
2025-09-19 17:00:00,3.5,30.4,97.6
2025-09-19 18:00:00,11.0,29.7,0.0
2025-09-19 19:00:00,18.3,28.6,0.0
2025-09-19 20:00:00,11.8,27.4,0.0
2025-09-19 21:00:00,6.0,25.9,0.0
2025-09-19 22:00:00,0.0,24.1,0.0
2025-09-19 23:00:00,3.8,23.3,0.0
2025-09-20 00:00:00,26.6,21.2,0.0
2025-09-20 01:00:00,22.7,20.3,0.0
2025-09-20 02:00:00,19.9,18.9,0.0
2025-09-20 03:00:00,31.0,18.6,0.0
2025-09-20 04:00:00,33.2,19.3,0.0
2025-09-20 05:00:00,34.5,19.4,0.0
2025-09-20 06:00:00,22.7,19.5,91.7
2025-09-20 07:00:00,27.2,21.9,281.5
2025-09-20 08:00:00,18.3,22.6,502.2
2025-09-20 09:00:00,8.9,25.2,673.7
2025-09-20 10:00:00,6.9,26.8,870.5
2025-09-20 11:00:00,3.2,28.2,895.8
2025-09-20 12:00:00,2.9,29.9,942.1
2025-09-20 13:00:00,0.0,31.7,844.7
2025-09-20 14:00:00,3.2,31.7,717.1
2025-09-20 15:00:00,13.7,31.6,509.7
2025-09-20 16:00:00,0.0,32.1,314.6
2025-09-20 17:00:00,8.1,31.8,98.1
2025-09-20 18:00:00,2.5,31.4,0.0
2025-09-20 19:00:00,10.9,30.6,0.0
2025-09-20 20:00:00,10.9,30.1,0.0
2025-09-20 21:00:00,11.6,28.6,0.0
2025-09-20 22:00:00,10.6,27.1,0.0
2025-09-20 23:00:00,20.8,25.9,0.0
2025-09-21 00:00:00,0.5,24.1,0.0
2025-09-21 01:00:00,5.9,23.7,0.0
2025-09-21 02:00:00,14.7,23.3,0.0
2025-09-21 03:00:00,19.3,23.5,0.0
2025-09-21 04:00:00,36.3,24.3,0.0
2025-09-21 05:00:00,28.3,24.9,0.0
2025-09-21 06:00:00,33.2,25.9,81.2
2025-09-21 07:00:00,29.1,26.1,280.6
2025-09-21 08:00:00,36.1,26.8,452.8
2025-09-21 09:00:00,32.4,28.4,629.7
2025-09-21 10:00:00,26.0,30.6,780.0
2025-09-21 11:00:00,34.0,30.6,805.9
2025-09-21 12:00:00,26.7,31.8,800.8
2025-09-21 13:00:00,12.8,33.2,823.7
2025-09-21 14:00:00,7.8,33.5,669.6
2025-09-21 15:00:00,12.5,33.3,520.7
2025-09-21 16:00:00,22.8,33.4,289.1
2025-09-21 17:00:00,21.6,33.9,86.1
2025-09-21 18:00:00,30.2,32.2,0.0
2025-09-21 19:00:00,16.4,30.6,0.0
2025-09-21 20:00:00,11.5,29.4,0.0
2025-09-21 21:00:00,8.5,28.1,0.0
2025-09-21 22:00:00,7.2,26.7,0.0
2025-09-21 23:00:00,7.7,26.1,0.0
2025-09-22 00:00:00,31.7,25.1,0.0
2025-09-22 01:00:00,27.2,24.6,0.0
2025-09-22 02:00:00,28.0,23.6,0.0
2025-09-22 03:00:00,27.2,23.3,0.0
2025-09-22 04:00:00,19.4,22.8,0.0
2025-09-22 05:00:00,19.1,23.8,0.0
2025-09-22 06:00:00,18.5,24.5,90.1
2025-09-22 07:00:00,17.9,25.6,286.5
2025-09-22 08:00:00,18.9,26.6,504.7
2025-09-22 09:00:00,20.2,28.2,695.8
2025-09-22 10:00:00,17.2,29.9,804.5
2025-09-22 11:00:00,28.2,30.3,826.7
2025-09-22 12:00:00,18.4,31.4,882.4
2025-09-22 13:00:00,13.3,32.5,813.3
2025-09-22 14:00:00,36.9,33.0,629.5
2025-09-22 15:00:00,27.0,34.6,481.4
2025-09-22 16:00:00,15.9,34.8,295.7
2025-09-22 17:00:00,22.7,34.9,85.9
2025-09-22 18:00:00,6.3,32.9,0.0
2025-09-22 19:00:00,6.6,32.6,0.0
2025-09-22 20:00:00,25.9,31.7,0.0
2025-09-22 21:00:00,13.3,29.8,0.0
2025-09-22 22:00:00,0.0,27.8,0.0
2025-09-22 23:00:00,0.0,25.7,0.0
2025-09-23 00:00:00,44.8,24.6,0.0
2025-09-23 01:00:00,56.6,24.7,0.0
2025-09-23 02:00:00,53.8,23.5,0.0
2025-09-23 03:00:00,61.0,22.8,0.0
2025-09-23 04:00:00,72.9,22.8,0.0
2025-09-23 05:00:00,86.6,23.0,0.0
2025-09-23 06:00:00,82.4,23.4,38.0
2025-09-23 07:00:00,62.3,24.3,198.4
2025-09-23 08:00:00,56.4,24.8,363.5
2025-09-23 09:00:00,54.3,25.2,492.6
2025-09-23 10:00:00,53.9,26.6,602.8
2025-09-23 11:00:00,54.1,27.9,643.1
2025-09-23 12:00:00,64.7,29.3,557.5
2025-09-23 13:00:00,75.3,30.0,423.4
2025-09-23 14:00:00,73.0,31.0,376.7
2025-09-23 15:00:00,81.2,31.7,233.4
2025-09-23 16:00:00,82.4,32.4,126.5
2025-09-23 17:00:00,81.2,32.6,39.6
2025-09-23 18:00:00,86.9,32.0,0.0
2025-09-23 19:00:00,85.2,29.9,0.0
2025-09-23 20:00:00,99.6,28.5,0.0
2025-09-23 21:00:00,84.2,27.1,0.0
2025-09-23 22:00:00,78.2,26.0,0.0
2025-09-23 23:00:00,75.9,24.3,0.0
2025-09-24 00:00:00,67.0,23.5,0.0
2025-09-24 01:00:00,75.8,22.7,0.0
2025-09-24 02:00:00,73.3,21.4,0.0
2025-09-24 03:00:00,59.9,20.2,0.0
2025-09-24 04:00:00,66.2,21.2,0.0
2025-09-24 05:00:00,71.1,21.8,0.0
2025-09-24 06:00:00,53.8,21.6,64.0
2025-09-24 07:00:00,54.1,21.1,218.4
2025-09-24 08:00:00,41.6,22.1,415.2
2025-09-24 09:00:00,38.1,23.7,604.2
2025-09-24 10:00:00,33.0,25.0,720.8
2025-09-24 11:00:00,42.3,25.6,743.2
2025-09-24 12:00:00,44.9,26.7,720.1
2025-09-24 13:00:00,36.0,28.8,734.2
2025-09-24 14:00:00,45.5,28.8,545.9
2025-09-24 15:00:00,35.3,29.4,451.9
2025-09-24 16:00:00,40.5,30.4,247.7
2025-09-24 17:00:00,35.9,30.6,74.5
2025-09-24 18:00:00,35.4,30.1,0.0
2025-09-24 19:00:00,42.0,28.7,0.0
2025-09-24 20:00:00,47.9,27.4,0.0
2025-09-24 21:00:00,59.6,25.9,0.0
2025-09-24 22:00:00,58.5,24.0,0.0
2025-09-24 23:00:00,60.7,22.2,0.0
2025-09-25 00:00:00,29.3,20.9,0.0
2025-09-25 01:00:00,30.7,20.0,0.0
2025-09-25 02:00:00,34.0,19.7,0.0
2025-09-25 03:00:00,32.6,19.7,0.0
2025-09-25 04:00:00,17.7,20.0,0.0
2025-09-25 05:00:00,21.7,20.6,0.0
2025-09-25 06:00:00,25.5,21.3,81.3
2025-09-25 07:00:00,20.5,21.9,286.6
2025-09-25 08:00:00,11.2,22.7,502.5
2025-09-25 09:00:00,25.1,23.4,651.7
2025-09-25 10:00:00,29.5,24.6,744.4
2025-09-25 11:00:00,27.6,25.4,844.8
2025-09-25 12:00:00,18.7,26.4,853.0
2025-09-25 13:00:00,13.3,28.3,776.1
2025-09-25 14:00:00,25.6,29.0,638.4
2025-09-25 15:00:00,27.1,29.3,460.5
2025-09-25 16:00:00,22.9,30.8,278.3
2025-09-25 17:00:00,27.7,29.8,76.5
2025-09-25 18:00:00,21.4,29.5,0.0
2025-09-25 19:00:00,34.3,28.5,0.0
2025-09-25 20:00:00,44.4,27.7,0.0
2025-09-25 21:00:00,38.9,26.2,0.0
2025-09-25 22:00:00,32.6,23.7,0.0
2025-09-25 23:00:00,11.2,22.1,0.0
2025-09-26 00:00:00,8.8,20.9,0.0
2025-09-26 01:00:00,1.3,18.9,0.0
2025-09-26 02:00:00,6.6,19.5,0.0
2025-09-26 03:00:00,7.5,19.5,0.0
2025-09-26 04:00:00,0.2,20.0,0.0
2025-09-26 05:00:00,2.3,20.1,0.0
2025-09-26 06:00:00,10.4,21.6,82.5
2025-09-26 07:00:00,17.7,23.3,290.0
2025-09-26 08:00:00,4.7,24.8,513.8
2025-09-26 09:00:00,7.5,26.3,693.6
2025-09-26 10:00:00,0.0,27.6,800.6
2025-09-26 11:00:00,11.4,28.6,888.9
2025-09-26 12:00:00,20.7,29.3,855.4
2025-09-26 13:00:00,15.3,30.9,808.5
2025-09-26 14:00:00,11.7,31.3,683.3
2025-09-26 15:00:00,10.9,31.9,502.7
2025-09-26 16:00:00,0.0,31.5,309.6
2025-09-26 17:00:00,3.5,30.9,80.7
2025-09-26 18:00:00,5.2,30.3,0.0
2025-09-26 19:00:00,16.7,28.9,0.0
2025-09-26 20:00:00,10.2,27.8,0.0
2025-09-26 21:00:00,8.4,26.5,0.0
2025-09-26 22:00:00,0.0,24.7,0.0
2025-09-26 23:00:00,0.0,23.9,0.0
2025-09-27 00:00:00,0.0,22.5,0.0
2025-09-27 01:00:00,0.0,22.1,0.0
2025-09-27 02:00:00,0.0,22.4,0.0
2025-09-27 03:00:00,0.0,22.0,0.0
2025-09-27 04:00:00,0.0,22.5,0.0
2025-09-27 05:00:00,0.0,22.7,0.0
2025-09-27 06:00:00,0.0,23.1,77.2
2025-09-27 07:00:00,2.0,24.2,283.6
2025-09-27 08:00:00,0.0,24.9,505.4
2025-09-27 09:00:00,5.3,25.9,680.9
2025-09-27 10:00:00,0.9,27.9,826.7
2025-09-27 11:00:00,0.0,29.1,887.6
2025-09-27 12:00:00,7.2,30.5,875.7
2025-09-27 13:00:00,4.1,31.7,814.6
2025-09-27 14:00:00,6.9,33.2,680.6
2025-09-27 15:00:00,6.6,33.7,496.1
2025-09-27 16:00:00,9.9,34.1,285.6
2025-09-27 17:00:00,0.0,33.6,77.6
2025-09-27 18:00:00,0.0,32.8,0.0
2025-09-27 19:00:00,0.0,32.0,0.0
2025-09-27 20:00:00,4.4,30.8,0.0
2025-09-27 21:00:00,0.0,29.2,0.0
2025-09-27 22:00:00,0.8,27.6,0.0
2025-09-27 23:00:00,6.1,26.4,0.0
2025-09-28 00:00:00,4.5,24.5,0.0
2025-09-28 01:00:00,0.0,23.1,0.0
2025-09-28 02:00:00,0.0,23.1,0.0
2025-09-28 03:00:00,0.0,23.7,0.0
2025-09-28 04:00:00,0.0,23.3,0.0
2025-09-28 05:00:00,18.2,23.7,0.0
2025-09-28 06:00:00,16.1,25.0,73.7
2025-09-28 07:00:00,4.8,26.2,278.5
2025-09-28 08:00:00,9.3,27.8,491.3
2025-09-28 09:00:00,20.7,29.3,638.8
2025-09-28 10:00:00,21.0,30.4,779.4
2025-09-28 11:00:00,13.1,32.1,871.2
2025-09-28 12:00:00,21.1,33.0,848.1
2025-09-28 13:00:00,25.8,33.3,760.1
2025-09-28 14:00:00,16.4,34.4,651.4
2025-09-28 15:00:00,19.4,35.2,474.8
2025-09-28 16:00:00,26.9,34.9,269.8
2025-09-28 17:00:00,35.1,34.6,67.4
2025-09-28 18:00:00,32.2,33.8,0.0
2025-09-28 19:00:00,27.4,32.2,0.0
2025-09-28 20:00:00,35.8,31.1,0.0
2025-09-28 21:00:00,23.8,28.9,0.0
2025-09-28 22:00:00,26.3,28.0,0.0
2025-09-28 23:00:00,14.1,26.5,0.0
2025-09-29 00:00:00,63.6,25.3,0.0
2025-09-29 01:00:00,60.7,25.0,0.0
2025-09-29 02:00:00,70.4,24.5,0.0
2025-09-29 03:00:00,72.6,23.8,0.0
2025-09-29 04:00:00,60.9,24.3,0.0
2025-09-29 05:00:00,71.8,25.2,0.0
2025-09-29 06:00:00,82.4,24.8,30.5
2025-09-29 07:00:00,86.4,24.7,105.0
2025-09-29 08:00:00,76.7,25.4,243.7
2025-09-29 09:00:00,71.9,25.2,377.3
2025-09-29 10:00:00,71.2,26.3,453.4
2025-09-29 11:00:00,63.8,27.8,525.9
2025-09-29 12:00:00,76.5,28.1,423.1
2025-09-29 13:00:00,75.3,29.5,393.5
2025-09-29 14:00:00,51.4,31.1,511.4
2025-09-29 15:00:00,54.7,31.1,359.7
2025-09-29 16:00:00,52.2,32.0,212.8
2025-09-29 17:00:00,52.1,32.5,53.2
2025-09-29 18:00:00,49.7,31.6,0.0
2025-09-29 19:00:00,57.0,30.3,0.0
2025-09-29 20:00:00,65.9,29.4,0.0
2025-09-29 21:00:00,67.1,27.7,0.0
2025-09-29 22:00:00,63.1,25.1,0.0
2025-09-29 23:00:00,62.0,24.0,0.0
2025-09-30 00:00:00,79.0,22.4,0.0
2025-09-30 01:00:00,72.0,21.2,0.0
2025-09-30 02:00:00,76.8,21.5,0.0
2025-09-30 03:00:00,80.2,21.3,0.0
2025-09-30 04:00:00,91.8,21.6,0.0
2025-09-30 05:00:00,99.7,22.6,0.0
2025-09-30 06:00:00,91.1,23.2,20.5
2025-09-30 07:00:00,95.7,22.9,68.1
2025-09-30 08:00:00,85.5,23.4,185.1
2025-09-30 09:00:00,89.7,24.1,219.7
2025-09-30 10:00:00,83.7,25.4,311.3
2025-09-30 11:00:00,74.3,27.0,456.8
2025-09-30 12:00:00,76.5,29.5,411.5
2025-09-30 13:00:00,54.9,30.7,594.2
2025-09-30 14:00:00,43.2,32.3,557.2
2025-09-30 15:00:00,45.4,33.4,391.9
2025-09-30 16:00:00,49.5,33.9,218.0
2025-09-30 17:00:00,49.5,33.4,52.7
2025-09-30 18:00:00,39.8,33.4,0.0
2025-09-30 19:00:00,37.4,30.9,0.0
2025-09-30 20:00:00,44.9,29.1,0.0
2025-09-30 21:00:00,53.1,28.3,0.0
2025-09-30 22:00:00,55.5,26.5,0.0
2025-09-30 23:00:00,67.0,26.0,0.0
2025-10-01 00:00:00,40.8,23.4,0.0
2025-10-01 01:00:00,35.2,21.7,0.0
2025-10-01 02:00:00,34.0,20.8,0.0
2025-10-01 03:00:00,24.0,20.7,0.0
2025-10-01 04:00:00,25.5,20.8,0.0
2025-10-01 05:00:00,36.6,21.3,0.0
2025-10-01 06:00:00,43.0,22.9,54.7
2025-10-01 07:00:00,54.3,24.3,201.2
2025-10-01 08:00:00,50.6,24.9,375.1
2025-10-01 09:00:00,60.6,24.9,449.7
2025-10-01 10:00:00,57.0,25.1,592.8
2025-10-01 11:00:00,67.2,26.2,527.1
2025-10-01 12:00:00,64.3,27.9,543.9
2025-10-01 13:00:00,67.5,29.0,472.6
2025-10-01 14:00:00,76.5,29.8,327.9
2025-10-01 15:00:00,71.0,30.4,263.7
2025-10-01 16:00:00,69.5,31.3,159.2
2025-10-01 17:00:00,76.7,32.5,33.5
2025-10-01 18:00:00,71.7,30.8,0.0
2025-10-01 19:00:00,57.8,29.3,0.0
2025-10-01 20:00:00,73.3,27.6,0.0
2025-10-01 21:00:00,66.0,25.3,0.0
2025-10-01 22:00:00,64.6,23.2,0.0
2025-10-01 23:00:00,71.4,22.2,0.0
2025-10-02 00:00:00,55.0,20.9,0.0
2025-10-02 01:00:00,44.6,20.6,0.0
2025-10-02 02:00:00,45.6,20.0,0.0
2025-10-02 03:00:00,30.0,18.7,0.0
2025-10-02 04:00:00,28.4,18.9,0.0
2025-10-02 05:00:00,31.2,18.9,0.0
2025-10-02 06:00:00,29.6,19.2,59.5
2025-10-02 07:00:00,18.0,20.6,271.5
2025-10-02 08:00:00,32.9,21.8,426.5
2025-10-02 09:00:00,34.0,23.5,595.9
2025-10-02 10:00:00,45.7,24.4,635.2
2025-10-02 11:00:00,42.4,26.3,729.2
2025-10-02 12:00:00,34.6,27.6,738.6
2025-10-02 13:00:00,36.8,29.3,667.1
2025-10-02 14:00:00,35.0,30.3,578.5
2025-10-02 15:00:00,25.6,30.9,441.9
2025-10-02 16:00:00,38.6,31.1,230.9
2025-10-02 17:00:00,33.3,30.9,57.0
2025-10-02 18:00:00,18.8,30.8,0.0
2025-10-02 19:00:00,31.5,29.8,0.0
2025-10-02 20:00:00,28.0,28.3,0.0
2025-10-02 21:00:00,24.0,26.6,0.0
2025-10-02 22:00:00,11.3,25.2,0.0
2025-10-02 23:00:00,28.2,24.3,0.0
2025-10-03 00:00:00,8.0,22.5,0.0
2025-10-03 01:00:00,10.5,20.9,0.0
2025-10-03 02:00:00,19.6,20.0,0.0
2025-10-03 03:00:00,23.6,19.8,0.0
2025-10-03 04:00:00,23.3,20.7,0.0
2025-10-03 05:00:00,9.9,20.9,0.0
2025-10-03 06:00:00,5.2,21.5,63.8
2025-10-03 07:00:00,9.1,21.8,262.4
2025-10-03 08:00:00,4.7,24.0,476.5
2025-10-03 09:00:00,8.7,25.7,639.0
2025-10-03 10:00:00,16.1,27.4,748.9
2025-10-03 11:00:00,24.9,29.0,830.7
2025-10-03 12:00:00,15.1,30.4,843.0
2025-10-03 13:00:00,33.9,30.9,703.0
2025-10-03 14:00:00,38.9,32.3,543.4
2025-10-03 15:00:00,37.2,32.9,416.9
2025-10-03 16:00:00,44.5,33.3,223.8
2025-10-03 17:00:00,61.1,33.7,41.9
2025-10-03 18:00:00,45.2,33.1,0.0
2025-10-03 19:00:00,41.0,31.6,0.0
2025-10-03 20:00:00,20.0,29.7,0.0
2025-10-03 21:00:00,22.2,28.4,0.0
2025-10-03 22:00:00,25.4,27.2,0.0
2025-10-03 23:00:00,25.1,26.2,0.0
2025-10-04 00:00:00,0.0,24.6,0.0
2025-10-04 01:00:00,0.0,23.8,0.0
2025-10-04 02:00:00,0.0,22.8,0.0
2025-10-04 03:00:00,0.0,22.1,0.0
2025-10-04 04:00:00,0.0,22.6,0.0
2025-10-04 05:00:00,0.0,22.8,0.0
2025-10-04 06:00:00,0.0,23.6,58.4
2025-10-04 07:00:00,0.0,25.4,270.5
2025-10-04 08:00:00,0.0,27.3,484.7
2025-10-04 09:00:00,0.0,28.9,653.1
2025-10-04 10:00:00,0.0,30.1,790.2
2025-10-04 11:00:00,0.0,31.4,848.4
2025-10-04 12:00:00,0.0,32.9,887.9
2025-10-04 13:00:00,0.0,33.7,788.0
2025-10-04 14:00:00,0.0,33.9,645.5
2025-10-04 15:00:00,0.0,34.6,469.8
2025-10-04 16:00:00,0.0,34.3,267.7
2025-10-04 17:00:00,0.0,33.3,60.0
2025-10-04 18:00:00,0.0,32.4,0.0
2025-10-04 19:00:00,0.0,31.6,0.0
2025-10-04 20:00:00,0.0,29.5,0.0
2025-10-04 21:00:00,0.0,27.7,0.0
2025-10-04 22:00:00,0.0,25.9,0.0
2025-10-04 23:00:00,0.0,24.6,0.0
2025-10-05 00:00:00,6.0,23.5,0.0
2025-10-05 01:00:00,7.5,22.2,0.0
2025-10-05 02:00:00,9.3,20.8,0.0
2025-10-05 03:00:00,6.1,21.0,0.0
2025-10-05 04:00:00,0.0,20.5,0.0
2025-10-05 05:00:00,3.4,21.2,0.0
2025-10-05 06:00:00,0.0,22.0,55.6
2025-10-05 07:00:00,14.5,23.3,263.3
2025-10-05 08:00:00,3.3,25.5,464.2
2025-10-05 09:00:00,15.8,28.2,630.2
2025-10-05 10:00:00,13.7,28.7,762.9
2025-10-05 11:00:00,15.0,30.5,826.3
2025-10-05 12:00:00,20.5,31.4,826.6
2025-10-05 13:00:00,13.7,33.0,762.9
2025-10-05 14:00:00,19.6,33.9,642.6
2025-10-05 15:00:00,0.0,35.1,465.2
2025-10-05 16:00:00,0.0,34.8,264.6
2025-10-05 17:00:00,0.0,33.6,55.6
2025-10-05 18:00:00,0.0,33.0,0.0
2025-10-05 19:00:00,0.0,31.6,0.0
2025-10-05 20:00:00,0.0,29.9,0.0
2025-10-05 21:00:00,0.0,28.0,0.0
2025-10-05 22:00:00,0.0,26.8,0.0
2025-10-05 23:00:00,0.0,26.0,0.0
2025-10-06 00:00:00,40.4,24.4,0.0
2025-10-06 01:00:00,42.4,23.7,0.0
2025-10-06 02:00:00,50.6,22.9,0.0
2025-10-06 03:00:00,56.6,21.9,0.0
2025-10-06 04:00:00,55.9,22.1,0.0
2025-10-06 05:00:00,47.8,22.1,0.0
2025-10-06 06:00:00,42.7,21.9,44.4
2025-10-06 07:00:00,39.0,22.2,228.5
2025-10-06 08:00:00,37.6,22.8,404.8
2025-10-06 09:00:00,41.1,23.6,538.0
2025-10-06 10:00:00,47.7,24.1,631.3
2025-10-06 11:00:00,47.4,25.3,674.8
2025-10-06 12:00:00,47.7,26.2,658.3
2025-10-06 13:00:00,48.9,27.6,610.4
2025-10-06 14:00:00,44.7,29.0,521.6
2025-10-06 15:00:00,37.8,29.8,386.4
2025-10-06 16:00:00,25.0,30.0,247.3
2025-10-06 17:00:00,22.3,29.6,52.0
2025-10-06 18:00:00,29.2,28.5,0.0
2025-10-06 19:00:00,25.9,26.9,0.0
2025-10-06 20:00:00,26.7,25.9,0.0
2025-10-06 21:00:00,33.1,23.6,0.0
2025-10-06 22:00:00,39.1,22.2,0.0
2025-10-06 23:00:00,31.6,20.6,0.0
2025-10-07 00:00:00,39.4,19.7,0.0
2025-10-07 01:00:00,49.2,18.3,0.0
2025-10-07 02:00:00,39.8,17.7,0.0
2025-10-07 03:00:00,34.0,17.7,0.0
2025-10-07 04:00:00,45.0,17.2,0.0
2025-10-07 05:00:00,44.0,17.4,0.0
2025-10-07 06:00:00,26.5,18.1,47.9
2025-10-07 07:00:00,17.7,19.4,250.6
2025-10-07 08:00:00,19.1,20.9,447.3
2025-10-07 09:00:00,13.1,22.8,651.4
2025-10-07 10:00:00,13.8,23.8,772.6
2025-10-07 11:00:00,17.9,24.4,805.5
2025-10-07 12:00:00,33.0,25.4,743.5
2025-10-07 13:00:00,32.3,26.0,681.8
2025-10-07 14:00:00,42.6,26.4,537.6
2025-10-07 15:00:00,54.4,27.4,331.1
2025-10-07 16:00:00,64.9,28.1,163.7
2025-10-07 17:00:00,65.0,28.1,32.7
2025-10-07 18:00:00,47.0,27.0,0.0
2025-10-07 19:00:00,50.6,26.2,0.0
2025-10-07 20:00:00,58.5,25.1,0.0
2025-10-07 21:00:00,56.4,23.1,0.0
2025-10-07 22:00:00,69.1,20.9,0.0
2025-10-07 23:00:00,73.3,20.6,0.0
2025-10-08 00:00:00,72.1,18.7,0.0
2025-10-08 01:00:00,77.4,18.3,0.0
2025-10-08 02:00:00,76.0,18.5,0.0
2025-10-08 03:00:00,52.2,18.2,0.0
2025-10-08 04:00:00,47.2,18.1,0.0
2025-10-08 05:00:00,56.4,18.2,0.0
2025-10-08 06:00:00,48.4,18.2,36.7
2025-10-08 07:00:00,46.1,19.2,213.6
2025-10-08 08:00:00,37.4,21.1,399.3
2025-10-08 09:00:00,52.5,21.9,477.7
2025-10-08 10:00:00,64.9,22.6,471.4
2025-10-08 11:00:00,55.3,24.6,607.8
2025-10-08 12:00:00,55.1,25.6,604.2
2025-10-08 13:00:00,48.3,27.2,579.3
2025-10-08 14:00:00,52.7,28.1,465.4
2025-10-08 15:00:00,55.7,28.6,334.9
2025-10-08 16:00:00,60.8,29.1,175.3
2025-10-08 17:00:00,61.4,30.2,32.3
2025-10-08 18:00:00,82.8,30.1,0.0
2025-10-08 19:00:00,69.9,29.3,0.0
2025-10-08 20:00:00,53.0,27.1,0.0
2025-10-08 21:00:00,48.8,26.0,0.0
2025-10-08 22:00:00,35.7,24.6,0.0
2025-10-08 23:00:00,24.7,22.2,0.0
2025-10-09 00:00:00,29.7,21.1,0.0
2025-10-09 01:00:00,25.3,19.9,0.0
2025-10-09 02:00:00,21.2,18.4,0.0
2025-10-09 03:00:00,29.4,18.5,0.0
2025-10-09 04:00:00,28.3,19.0,0.0
2025-10-09 05:00:00,30.1,19.7,0.0
2025-10-09 06:00:00,40.1,20.6,39.5
2025-10-09 07:00:00,35.7,21.2,225.5
2025-10-09 08:00:00,35.9,23.6,395.9
2025-10-09 09:00:00,41.1,24.1,517.5
2025-10-09 10:00:00,27.1,26.2,713.9
2025-10-09 11:00:00,11.4,28.0,855.3
2025-10-09 12:00:00,19.3,28.5,794.9
2025-10-09 13:00:00,27.5,29.3,716.9
2025-10-09 14:00:00,47.2,29.0,509.2
2025-10-09 15:00:00,49.4,29.3,353.7
2025-10-09 16:00:00,56.6,29.7,176.6
2025-10-09 17:00:00,54.8,29.0,32.6
2025-10-09 18:00:00,57.1,28.6,0.0
2025-10-09 19:00:00,70.2,27.2,0.0
2025-10-09 20:00:00,51.3,24.8,0.0
2025-10-09 21:00:00,55.0,22.9,0.0
2025-10-09 22:00:00,72.0,22.8,0.0
2025-10-09 23:00:00,72.2,20.4,0.0
2025-10-10 00:00:00,52.5,19.1,0.0
2025-10-10 01:00:00,44.0,17.7,0.0
2025-10-10 02:00:00,41.3,17.0,0.0
2025-10-10 03:00:00,39.5,17.2,0.0
2025-10-10 04:00:00,19.9,17.5,0.0
2025-10-10 05:00:00,11.0,17.7,0.0
2025-10-10 06:00:00,3.7,18.0,43.1
2025-10-10 07:00:00,12.7,19.6,251.4
2025-10-10 08:00:00,21.0,21.2,441.3
2025-10-10 09:00:00,24.0,22.4,575.4
2025-10-10 10:00:00,30.5,24.0,689.9
2025-10-10 11:00:00,28.4,25.2,768.3
2025-10-10 12:00:00,37.5,25.9,705.8
2025-10-10 13:00:00,35.9,27.1,634.7
2025-10-10 14:00:00,34.9,28.3,556.5
2025-10-10 15:00:00,31.4,29.1,401.4
2025-10-10 16:00:00,36.0,29.5,211.4
2025-10-10 17:00:00,31.2,29.0,38.8
2025-10-10 18:00:00,38.1,29.1,0.0
2025-10-10 19:00:00,27.3,27.5,0.0
2025-10-10 20:00:00,18.1,25.9,0.0
2025-10-10 21:00:00,24.3,23.8,0.0
2025-10-10 22:00:00,23.5,22.2,0.0
2025-10-10 23:00:00,19.9,21.0,0.0
2025-10-11 00:00:00,8.8,19.9,0.0
2025-10-11 01:00:00,3.4,19.7,0.0
2025-10-11 02:00:00,2.0,19.3,0.0
2025-10-11 03:00:00,13.6,19.4,0.0
2025-10-11 04:00:00,24.9,19.5,0.0
2025-10-11 05:00:00,35.1,19.9,0.0
2025-10-11 06:00:00,29.2,21.1,34.8
2025-10-11 07:00:00,36.2,22.5,210.9
2025-10-11 08:00:00,24.8,23.1,396.1
2025-10-11 09:00:00,15.2,24.9,610.6
2025-10-11 10:00:00,0.0,27.1,760.2
2025-10-11 11:00:00,9.7,27.6,778.4
2025-10-11 12:00:00,2.3,29.4,860.4
2025-10-11 13:00:00,1.6,29.8,764.3
2025-10-11 14:00:00,0.0,29.2,618.7
2025-10-11 15:00:00,1.5,29.4,463.3
2025-10-11 16:00:00,0.0,29.4,234.8
2025-10-11 17:00:00,0.0,28.7,40.0
2025-10-11 18:00:00,0.0,29.3,0.0
2025-10-11 19:00:00,0.0,28.2,0.0
2025-10-11 20:00:00,0.0,26.8,0.0
2025-10-11 21:00:00,0.0,25.4,0.0
2025-10-11 22:00:00,0.0,23.6,0.0
2025-10-11 23:00:00,0.0,22.6,0.0
2025-10-12 00:00:00,0.0,21.3,0.0
2025-10-12 01:00:00,0.0,20.4,0.0
2025-10-12 02:00:00,0.0,19.5,0.0
2025-10-12 03:00:00,0.0,18.4,0.0
2025-10-12 04:00:00,15.9,18.6,0.0
2025-10-12 05:00:00,33.6,19.6,0.0
2025-10-12 06:00:00,27.7,20.2,35.4
2025-10-12 07:00:00,33.8,21.3,206.0
2025-10-12 08:00:00,40.7,22.1,363.9
2025-10-12 09:00:00,36.1,23.7,555.1
2025-10-12 10:00:00,24.8,24.8,701.3
2025-10-12 11:00:00,26.7,26.2,771.0
2025-10-12 12:00:00,27.1,27.1,743.8
2025-10-12 13:00:00,25.4,27.5,682.7
2025-10-12 14:00:00,30.9,28.1,553.9
2025-10-12 15:00:00,26.1,29.5,412.0
2025-10-12 16:00:00,18.8,28.9,227.5
2025-10-12 17:00:00,22.4,28.7,37.3
2025-10-12 18:00:00,27.8,28.3,0.0
2025-10-12 19:00:00,20.0,28.2,0.0
2025-10-12 20:00:00,30.1,26.6,0.0
2025-10-12 21:00:00,17.3,24.5,0.0
2025-10-12 22:00:00,15.6,22.4,0.0
2025-10-12 23:00:00,16.7,21.5,0.0
2025-10-13 00:00:00,30.3,19.9,0.0
2025-10-13 01:00:00,29.1,18.8,0.0
2025-10-13 02:00:00,47.4,17.5,0.0
2025-10-13 03:00:00,41.8,17.8,0.0
2025-10-13 04:00:00,63.2,18.9,0.0
2025-10-13 05:00:00,66.0,20.0,0.0
2025-10-13 06:00:00,65.7,20.0,22.3
2025-10-13 07:00:00,68.5,20.8,141.0
2025-10-13 08:00:00,87.4,20.4,157.9
2025-10-13 09:00:00,75.9,21.5,304.7
2025-10-13 10:00:00,64.7,23.1,463.4
2025-10-13 11:00:00,57.8,24.7,569.6
2025-10-13 12:00:00,58.0,26.2,582.1
2025-10-13 13:00:00,44.1,27.8,615.7
2025-10-13 14:00:00,45.9,27.6,488.1
2025-10-13 15:00:00,60.8,28.4,298.3
2025-10-13 16:00:00,61.6,29.0,154.5
2025-10-13 17:00:00,58.8,28.7,25.1
2025-10-13 18:00:00,53.7,27.1,0.0
2025-10-13 19:00:00,61.3,26.9,0.0
2025-10-13 20:00:00,54.2,26.0,0.0
2025-10-13 21:00:00,69.4,25.1,0.0
2025-10-13 22:00:00,83.4,23.4,0.0
2025-10-13 23:00:00,82.4,20.7,0.0
2025-10-14 00:00:00,72.1,19.6,0.0
2025-10-14 01:00:00,77.7,19.0,0.0
2025-10-14 02:00:00,83.2,18.3,0.0
2025-10-14 03:00:00,72.8,18.6,0.0
2025-10-14 04:00:00,65.9,19.1,0.0
2025-10-14 05:00:00,53.4,19.6,0.0
2025-10-14 06:00:00,56.3,20.5,24.3
2025-10-14 07:00:00,60.9,21.1,153.5
2025-10-14 08:00:00,48.9,22.3,322.6
2025-10-14 09:00:00,45.4,23.1,494.5
2025-10-14 10:00:00,35.2,24.8,654.0
2025-10-14 11:00:00,29.8,25.8,751.0
2025-10-14 12:00:00,36.7,27.6,734.3
2025-10-14 13:00:00,32.4,29.0,661.7
2025-10-14 14:00:00,32.2,29.4,541.8
2025-10-14 15:00:00,21.3,30.1,407.0
2025-10-14 16:00:00,26.3,29.6,217.1
2025-10-14 17:00:00,28.8,30.2,30.9
2025-10-14 18:00:00,25.6,30.0,0.0
2025-10-14 19:00:00,27.0,29.1,0.0
2025-10-14 20:00:00,31.2,28.4,0.0
2025-10-14 21:00:00,27.0,26.7,0.0
2025-10-14 22:00:00,18.0,25.3,0.0
2025-10-14 23:00:00,36.3,24.6,0.0
2025-10-15 00:00:00,48.4,23.2,0.0
2025-10-15 01:00:00,49.7,22.2,0.0
2025-10-15 02:00:00,59.7,22.1,0.0
2025-10-15 03:00:00,88.7,22.5,0.0
2025-10-15 04:00:00,76.0,21.9,0.0
2025-10-15 05:00:00,78.4,21.3,0.0
2025-10-15 06:00:00,71.2,21.8,17.3
2025-10-15 07:00:00,66.2,21.1,140.6
2025-10-15 08:00:00,60.4,21.4,283.0
2025-10-15 09:00:00,52.0,22.1,452.7
2025-10-15 10:00:00,53.4,23.1,546.6
2025-10-15 11:00:00,43.1,25.1,655.5
2025-10-15 12:00:00,53.4,26.6,606.7
2025-10-15 13:00:00,55.3,27.9,526.2
2025-10-15 14:00:00,59.9,29.1,414.9
2025-10-15 15:00:00,56.9,30.1,306.5
2025-10-15 16:00:00,55.0,29.3,168.4
2025-10-15 17:00:00,58.6,29.4,21.8
2025-10-15 18:00:00,50.2,27.6,0.0
2025-10-15 19:00:00,49.2,26.7,0.0
2025-10-15 20:00:00,44.3,24.1,0.0
2025-10-15 21:00:00,39.7,22.5,0.0
2025-10-15 22:00:00,26.0,21.1,0.0
2025-10-15 23:00:00,41.5,19.4,0.0
2025-10-16 00:00:00,21.3,18.3,0.0
2025-10-16 01:00:00,33.9,17.9,0.0
2025-10-16 02:00:00,44.1,17.7,0.0
2025-10-16 03:00:00,34.3,17.7,0.0
2025-10-16 04:00:00,27.3,17.6,0.0
2025-10-16 05:00:00,50.3,18.7,0.0
2025-10-16 06:00:00,64.1,19.7,17.9
2025-10-16 07:00:00,61.9,20.2,148.5
2025-10-16 08:00:00,62.3,20.7,276.1
2025-10-16 09:00:00,55.6,21.2,440.0
2025-10-16 10:00:00,58.2,22.3,517.0
2025-10-16 11:00:00,51.2,23.6,637.7
2025-10-16 12:00:00,34.6,25.0,725.1
2025-10-16 13:00:00,25.7,26.8,689.5
2025-10-16 14:00:00,28.5,27.0,549.8
2025-10-16 15:00:00,21.9,27.6,410.8
2025-10-16 16:00:00,24.5,28.3,213.6
2025-10-16 17:00:00,18.7,28.4,27.4
2025-10-16 18:00:00,16.0,28.1,0.0
2025-10-16 19:00:00,26.7,26.7,0.0
2025-10-16 20:00:00,31.3,25.8,0.0
2025-10-16 21:00:00,33.2,23.7,0.0
2025-10-16 22:00:00,42.1,22.2,0.0
2025-10-16 23:00:00,46.6,20.7,0.0
2025-10-17 00:00:00,9.2,18.5,0.0
2025-10-17 01:00:00,4.3,17.3,0.0
2025-10-17 02:00:00,0.2,16.5,0.0
2025-10-17 03:00:00,0.0,15.8,0.0
2025-10-17 04:00:00,0.0,16.6,0.0
2025-10-17 05:00:00,0.0,17.1,0.0
2025-10-17 06:00:00,7.2,18.3,25.8
2025-10-17 07:00:00,13.9,19.6,218.8
2025-10-17 08:00:00,0.0,21.1,419.8
2025-10-17 09:00:00,6.5,22.6,617.7
2025-10-17 10:00:00,0.0,24.2,717.5
2025-10-17 11:00:00,0.0,26.4,792.1
2025-10-17 12:00:00,0.0,28.0,782.9
2025-10-17 13:00:00,2.1,28.9,713.7
2025-10-17 14:00:00,0.0,29.3,623.9
2025-10-17 15:00:00,1.4,29.5,432.0
2025-10-17 16:00:00,0.0,29.5,224.3
2025-10-17 17:00:00,0.0,29.6,26.1
2025-10-17 18:00:00,0.0,27.9,0.0
2025-10-17 19:00:00,0.0,27.0,0.0
2025-10-17 20:00:00,0.0,26.1,0.0
2025-10-17 21:00:00,0.0,23.8,0.0
2025-10-17 22:00:00,12.0,22.3,0.0
2025-10-17 23:00:00,11.2,20.3,0.0
2025-10-18 00:00:00,21.7,19.3,0.0
2025-10-18 01:00:00,21.2,18.1,0.0
2025-10-18 02:00:00,22.8,17.5,0.0
2025-10-18 03:00:00,17.6,17.0,0.0
2025-10-18 04:00:00,17.3,17.6,0.0
2025-10-18 05:00:00,19.8,18.4,0.0
2025-10-18 06:00:00,13.0,19.3,24.3
2025-10-18 07:00:00,11.1,20.5,206.5
2025-10-18 08:00:00,9.5,22.1,412.2
2025-10-18 09:00:00,15.2,23.3,578.0
2025-10-18 10:00:00,5.1,25.9,685.7
2025-10-18 11:00:00,4.3,26.6,773.6
2025-10-18 12:00:00,19.3,26.6,773.7
2025-10-18 13:00:00,26.6,26.5,675.1
2025-10-18 14:00:00,34.4,26.2,545.0
2025-10-18 15:00:00,30.7,27.2,394.1
2025-10-18 16:00:00,29.8,27.7,201.7
2025-10-18 17:00:00,34.5,28.2,21.4
2025-10-18 18:00:00,43.1,26.9,0.0
2025-10-18 19:00:00,22.5,25.8,0.0
2025-10-18 20:00:00,9.5,24.2,0.0
2025-10-18 21:00:00,19.1,23.0,0.0
2025-10-18 22:00:00,14.8,21.7,0.0
2025-10-18 23:00:00,7.9,19.8,0.0
2025-10-19 00:00:00,20.1,19.9,0.0
2025-10-19 01:00:00,16.3,19.5,0.0
2025-10-19 02:00:00,6.1,18.4,0.0
2025-10-19 03:00:00,25.1,17.9,0.0
2025-10-19 04:00:00,24.9,18.0,0.0
2025-10-19 05:00:00,24.4,18.7,0.0
2025-10-19 06:00:00,29.2,20.2,20.4
2025-10-19 07:00:00,36.4,20.5,188.8
2025-10-19 08:00:00,42.6,21.6,349.4
2025-10-19 09:00:00,49.1,21.9,463.8
2025-10-19 10:00:00,41.1,23.5,604.0
2025-10-19 11:00:00,36.8,24.9,674.1
2025-10-19 12:00:00,41.5,27.0,658.8
2025-10-19 13:00:00,35.3,27.4,646.7
2025-10-19 14:00:00,34.0,29.0,521.6
2025-10-19 15:00:00,36.1,28.6,371.5
2025-10-19 16:00:00,41.1,28.1,183.9
2025-10-19 17:00:00,24.9,27.0,20.3
2025-10-19 18:00:00,30.6,26.4,0.0
2025-10-19 19:00:00,28.1,24.6,0.0
2025-10-19 20:00:00,33.4,22.7,0.0
2025-10-19 21:00:00,38.6,21.4,0.0
2025-10-19 22:00:00,49.8,20.4,0.0
2025-10-19 23:00:00,57.7,19.2,0.0
2025-10-20 00:00:00,61.6,17.8,0.0
2025-10-20 01:00:00,68.4,18.0,0.0
2025-10-20 02:00:00,65.2,17.4,0.0
2025-10-20 03:00:00,60.3,17.6,0.0
2025-10-20 04:00:00,62.7,17.9,0.0
2025-10-20 05:00:00,63.7,18.0,0.0
2025-10-20 06:00:00,56.2,19.1,14.3
2025-10-20 07:00:00,55.4,19.3,149.6
2025-10-20 08:00:00,51.1,20.2,325.1
2025-10-20 09:00:00,40.8,21.7,494.2
2025-10-20 10:00:00,48.9,21.8,547.1
2025-10-20 11:00:00,46.1,22.5,638.0
2025-10-20 12:00:00,59.6,23.9,529.4
2025-10-20 13:00:00,42.1,25.2,595.5
2025-10-20 14:00:00,35.2,26.0,513.9
2025-10-20 15:00:00,33.9,26.7,361.5
2025-10-20 16:00:00,41.6,26.8,180.3
2025-10-20 17:00:00,42.5,27.0,16.1
2025-10-20 18:00:00,42.5,26.2,0.0
2025-10-20 19:00:00,31.0,25.0,0.0
2025-10-20 20:00:00,20.7,23.1,0.0
2025-10-20 21:00:00,23.4,21.8,0.0
2025-10-20 22:00:00,12.4,20.7,0.0
2025-10-20 23:00:00,9.3,19.0,0.0
2025-10-21 00:00:00,37.7,18.5,0.0
2025-10-21 01:00:00,30.7,17.4,0.0
2025-10-21 02:00:00,45.3,17.4,0.0
2025-10-21 03:00:00,55.0,17.5,0.0
2025-10-21 04:00:00,41.2,17.5,0.0
2025-10-21 05:00:00,34.2,18.1,0.0
2025-10-21 06:00:00,17.2,19.4,16.7
2025-10-21 07:00:00,14.3,20.5,211.6
2025-10-21 08:00:00,24.1,21.9,375.0
2025-10-21 09:00:00,23.3,23.1,558.0
2025-10-21 10:00:00,29.6,25.1,659.4
2025-10-21 11:00:00,19.3,27.0,739.8
2025-10-21 12:00:00,28.7,27.9,701.8
2025-10-21 13:00:00,26.2,28.9,677.5
2025-10-21 14:00:00,28.6,30.0,526.8
2025-10-21 15:00:00,29.8,30.0,369.7
2025-10-21 16:00:00,21.4,29.2,203.5
2025-10-21 17:00:00,15.0,28.8,17.1
2025-10-21 18:00:00,26.4,28.6,0.0
2025-10-21 19:00:00,31.8,28.1,0.0
2025-10-21 20:00:00,41.8,26.7,0.0
2025-10-21 21:00:00,44.8,25.1,0.0
2025-10-21 22:00:00,45.9,23.8,0.0
2025-10-21 23:00:00,32.0,21.9,0.0
2025-10-22 00:00:00,53.7,21.0,0.0
2025-10-22 01:00:00,55.1,19.9,0.0
2025-10-22 02:00:00,72.2,20.0,0.0
2025-10-22 03:00:00,77.1,20.1,0.0
2025-10-22 04:00:00,88.2,20.8,0.0
2025-10-22 05:00:00,90.5,21.2,0.0
2025-10-22 06:00:00,82.0,22.7,6.7
2025-10-22 07:00:00,81.2,23.1,88.0
2025-10-22 08:00:00,81.4,23.6,183.5
2025-10-22 09:00:00,72.2,24.1,307.6
2025-10-22 10:00:00,68.5,25.1,407.2
2025-10-22 11:00:00,66.8,26.3,468.1
2025-10-22 12:00:00,79.7,26.6,368.5
2025-10-22 13:00:00,61.5,28.1,465.9
2025-10-22 14:00:00,71.9,28.7,319.3
2025-10-22 15:00:00,63.8,29.5,266.9
2025-10-22 16:00:00,53.3,29.1,151.8
2025-10-22 17:00:00,64.4,29.2,9.5
2025-10-22 18:00:00,70.6,28.2,0.0
2025-10-22 19:00:00,80.2,27.1,0.0
2025-10-22 20:00:00,85.1,26.2,0.0
2025-10-22 21:00:00,99.4,25.8,0.0
2025-10-22 22:00:00,100.0,24.5,0.0
2025-10-22 23:00:00,94.9,22.3,0.0
2025-10-23 00:00:00,59.7,20.1,0.0
2025-10-23 01:00:00,66.4,19.5,0.0
2025-10-23 02:00:00,56.1,19.0,0.0
2025-10-23 03:00:00,48.1,19.1,0.0
2025-10-23 04:00:00,43.8,19.0,0.0
2025-10-23 05:00:00,25.6,19.1,0.0
2025-10-23 06:00:00,27.6,20.9,12.1
2025-10-23 07:00:00,13.1,21.7,206.3
2025-10-23 08:00:00,15.9,22.3,401.5
2025-10-23 09:00:00,24.8,24.2,561.6
2025-10-23 10:00:00,21.9,24.9,694.8
2025-10-23 11:00:00,36.6,24.0,651.5
2025-10-23 12:00:00,24.5,26.0,708.8
2025-10-23 13:00:00,35.0,27.2,607.7
2025-10-23 14:00:00,40.1,28.1,478.8
2025-10-23 15:00:00,25.5,28.2,379.1
2025-10-23 16:00:00,48.0,28.2,157.8
2025-10-23 17:00:00,45.7,28.0,11.1
2025-10-23 18:00:00,37.1,26.8,0.0
2025-10-23 19:00:00,25.3,26.1,0.0
2025-10-23 20:00:00,24.4,24.1,0.0
2025-10-23 21:00:00,24.4,22.7,0.0
2025-10-23 22:00:00,26.2,21.8,0.0
2025-10-23 23:00:00,24.6,20.5,0.0
2025-10-24 00:00:00,9.5,19.4,0.0
2025-10-24 01:00:00,6.6,18.6,0.0
2025-10-24 02:00:00,0.0,18.1,0.0
2025-10-24 03:00:00,0.0,18.0,0.0
2025-10-24 04:00:00,0.0,18.4,0.0
2025-10-24 05:00:00,0.0,18.7,0.0
2025-10-24 06:00:00,0.0,19.0,0.0
2025-10-24 07:00:00,0.0,20.6,202.8
2025-10-24 08:00:00,0.0,22.6,397.8
2025-10-24 09:00:00,0.0,24.2,578.0
2025-10-24 10:00:00,2.7,25.3,716.1
2025-10-24 11:00:00,0.3,25.9,752.0
2025-10-24 12:00:00,15.7,26.8,744.2
2025-10-24 13:00:00,12.3,27.2,688.6
2025-10-24 14:00:00,5.4,27.2,567.4
2025-10-24 15:00:00,11.7,27.4,401.5
2025-10-24 16:00:00,8.2,27.0,196.5
2025-10-24 17:00:00,1.8,26.6,0.0
2025-10-24 18:00:00,0.0,25.6,0.0
2025-10-24 19:00:00,0.3,24.1,0.0
2025-10-24 20:00:00,12.4,22.1,0.0
2025-10-24 21:00:00,0.0,20.0,0.0
2025-10-24 22:00:00,0.0,18.2,0.0
2025-10-24 23:00:00,5.3,16.3,0.0
2025-10-25 00:00:00,27.6,15.2,0.0
2025-10-25 01:00:00,38.5,14.0,0.0
2025-10-25 02:00:00,37.1,13.5,0.0
2025-10-25 03:00:00,35.0,13.5,0.0
2025-10-25 04:00:00,39.3,13.6,0.0
2025-10-25 05:00:00,39.1,14.5,0.0
2025-10-25 06:00:00,35.1,14.9,0.0
2025-10-25 07:00:00,38.8,15.3,166.5
2025-10-25 08:00:00,32.7,16.5,369.9
2025-10-25 09:00:00,27.7,18.4,516.6
2025-10-25 10:00:00,23.9,20.5,644.7
2025-10-25 11:00:00,35.6,22.5,654.6
2025-10-25 12:00:00,9.4,24.3,766.0
2025-10-25 13:00:00,15.2,25.2,681.8
2025-10-25 14:00:00,17.4,25.4,563.5
2025-10-25 15:00:00,5.7,25.4,401.1
2025-10-25 16:00:00,11.3,25.5,189.5
2025-10-25 17:00:00,17.5,24.8,0.0
2025-10-25 18:00:00,23.9,24.7,0.0
2025-10-25 19:00:00,3.6,22.6,0.0
2025-10-25 20:00:00,17.9,21.7,0.0
2025-10-25 21:00:00,13.6,19.7,0.0
2025-10-25 22:00:00,21.3,18.0,0.0
2025-10-25 23:00:00,28.4,17.1,0.0
2025-10-26 00:00:00,20.7,15.3,0.0
2025-10-26 01:00:00,27.2,14.3,0.0
2025-10-26 02:00:00,24.5,13.4,0.0
2025-10-26 03:00:00,8.6,14.0,0.0
2025-10-26 04:00:00,20.6,14.2,0.0
2025-10-26 05:00:00,15.6,14.9,0.0
2025-10-26 06:00:00,10.5,15.8,0.0
2025-10-26 07:00:00,9.7,17.1,190.0
2025-10-26 08:00:00,14.4,18.2,385.1
2025-10-26 09:00:00,15.8,19.6,544.7
2025-10-26 10:00:00,22.0,21.2,675.7
2025-10-26 11:00:00,12.3,22.5,765.3
2025-10-26 12:00:00,8.5,24.5,772.4
2025-10-26 13:00:00,10.2,26.1,678.7
2025-10-26 14:00:00,27.9,26.8,510.8
2025-10-26 15:00:00,27.3,27.3,363.3
2025-10-26 16:00:00,36.3,25.9,168.6
2025-10-26 17:00:00,35.9,26.1,0.0
2025-10-26 18:00:00,31.4,25.0,0.0
2025-10-26 19:00:00,29.3,23.7,0.0
2025-10-26 20:00:00,28.1,21.3,0.0
2025-10-26 21:00:00,33.2,20.2,0.0
2025-10-26 22:00:00,43.9,18.2,0.0
2025-10-26 23:00:00,45.2,17.0,0.0
2025-10-27 00:00:00,60.9,16.4,0.0
2025-10-27 01:00:00,50.5,15.2,0.0
2025-10-27 02:00:00,45.8,15.2,0.0
2025-10-27 03:00:00,39.1,14.6,0.0
2025-10-27 04:00:00,41.5,15.2,0.0
2025-10-27 05:00:00,38.3,15.2,0.0
2025-10-27 06:00:00,44.2,16.8,0.0
2025-10-27 07:00:00,36.0,18.0,172.1
2025-10-27 08:00:00,36.7,19.4,341.3
2025-10-27 09:00:00,42.4,20.3,461.2
2025-10-27 10:00:00,25.4,21.3,657.3
2025-10-27 11:00:00,44.0,22.1,621.2
2025-10-27 12:00:00,41.0,24.1,620.9
2025-10-27 13:00:00,24.5,25.6,669.4
2025-10-27 14:00:00,27.5,25.6,520.9
2025-10-27 15:00:00,29.1,25.5,355.7
2025-10-27 16:00:00,29.6,26.4,171.3
2025-10-27 17:00:00,38.6,26.6,0.0
2025-10-27 18:00:00,44.5,25.2,0.0
2025-10-27 19:00:00,46.2,23.1,0.0
2025-10-27 20:00:00,48.9,21.5,0.0
2025-10-27 21:00:00,46.8,19.1,0.0
2025-10-27 22:00:00,60.0,17.9,0.0
2025-10-27 23:00:00,45.6,17.6,0.0
2025-10-28 00:00:00,84.7,16.1,0.0
2025-10-28 01:00:00,84.3,15.1,0.0
2025-10-28 02:00:00,90.0,15.4,0.0
2025-10-28 03:00:00,81.7,15.5,0.0
2025-10-28 04:00:00,67.2,15.5,0.0
2025-10-28 05:00:00,69.7,16.2,0.0
2025-10-28 06:00:00,72.9,16.6,0.0
2025-10-28 07:00:00,85.3,17.0,74.1
2025-10-28 08:00:00,74.2,17.8,199.3
2025-10-28 09:00:00,83.8,19.2,230.2
2025-10-28 10:00:00,100.0,19.6,128.6
2025-10-28 11:00:00,96.0,20.8,175.5
2025-10-28 12:00:00,83.4,22.0,309.4
2025-10-28 13:00:00,79.4,23.5,332.0
2025-10-28 14:00:00,79.3,25.0,257.6
2025-10-28 15:00:00,83.6,26.3,157.2
2025-10-28 16:00:00,78.1,26.4,91.0
2025-10-28 17:00:00,90.4,27.0,0.0
2025-10-28 18:00:00,80.0,25.7,0.0
2025-10-28 19:00:00,65.7,24.8,0.0
2025-10-28 20:00:00,76.0,23.5,0.0
2025-10-28 21:00:00,57.9,20.9,0.0
2025-10-28 22:00:00,58.6,19.3,0.0
2025-10-28 23:00:00,85.8,18.6,0.0
2025-10-29 00:00:00,74.9,17.2,0.0
2025-10-29 01:00:00,65.0,15.9,0.0
2025-10-29 02:00:00,64.9,15.1,0.0
2025-10-29 03:00:00,64.8,14.5,0.0
2025-10-29 04:00:00,66.4,14.6,0.0
2025-10-29 05:00:00,71.8,15.0,0.0
2025-10-29 06:00:00,63.0,16.4,0.0
2025-10-29 07:00:00,77.0,16.5,91.8
2025-10-29 08:00:00,77.9,17.3,184.4
2025-10-29 09:00:00,82.4,18.2,232.3
2025-10-29 10:00:00,75.6,20.0,341.9
2025-10-29 11:00:00,84.9,21.6,294.1
2025-10-29 12:00:00,80.8,23.3,338.2
2025-10-29 13:00:00,81.4,24.7,294.1
2025-10-29 14:00:00,72.3,25.4,305.3
2025-10-29 15:00:00,63.7,25.8,246.3
2025-10-29 16:00:00,69.7,25.9,108.1
2025-10-29 17:00:00,65.9,26.6,0.0
2025-10-29 18:00:00,59.2,25.6,0.0
2025-10-29 19:00:00,55.1,24.8,0.0
2025-10-29 20:00:00,62.2,24.0,0.0
2025-10-29 21:00:00,57.8,22.0,0.0
2025-10-29 22:00:00,58.0,20.5,0.0
2025-10-29 23:00:00,59.3,19.1,0.0
2025-10-30 00:00:00,2.3,16.6,0.0
2025-10-30 01:00:00,0.0,15.4,0.0
2025-10-30 02:00:00,0.0,15.4,0.0
2025-10-30 03:00:00,0.0,15.3,0.0
2025-10-30 04:00:00,8.6,15.6,0.0
2025-10-30 05:00:00,18.3,15.9,0.0
2025-10-30 06:00:00,24.9,17.4,0.0
2025-10-30 07:00:00,39.4,17.8,155.2
2025-10-30 08:00:00,37.0,19.1,320.0
2025-10-30 09:00:00,40.7,20.6,454.2
2025-10-30 10:00:00,34.2,21.8,605.4
2025-10-30 11:00:00,52.7,22.8,562.5
2025-10-30 12:00:00,65.2,23.9,461.7
2025-10-30 13:00:00,60.4,25.1,475.8
2025-10-30 14:00:00,59.3,26.1,381.1
2025-10-30 15:00:00,66.0,26.8,231.1
2025-10-30 16:00:00,59.9,27.3,121.2
2025-10-30 17:00:00,50.4,27.3,0.0
2025-10-30 18:00:00,54.4,25.9,0.0
2025-10-30 19:00:00,51.4,24.6,0.0
2025-10-30 20:00:00,49.7,23.2,0.0
2025-10-30 21:00:00,40.1,21.6,0.0
2025-10-30 22:00:00,24.5,20.3,0.0
2025-10-30 23:00:00,26.4,19.2,0.0
2025-10-31 00:00:00,29.3,17.4,0.0
2025-10-31 01:00:00,26.5,16.3,0.0
2025-10-31 02:00:00,37.3,15.7,0.0
2025-10-31 03:00:00,29.7,15.4,0.0
2025-10-31 04:00:00,20.1,15.4,0.0
2025-10-31 05:00:00,19.7,16.3,0.0
2025-10-31 06:00:00,19.1,17.4,0.0
2025-10-31 07:00:00,25.5,19.0,166.9
2025-10-31 08:00:00,18.7,20.3,362.2
2025-10-31 09:00:00,29.9,21.1,506.6
2025-10-31 10:00:00,44.5,21.9,535.1
2025-10-31 11:00:00,41.4,23.5,612.4
2025-10-31 12:00:00,48.9,23.7,572.9
2025-10-31 13:00:00,37.0,24.5,588.8
2025-10-31 14:00:00,43.7,25.2,438.2
2025-10-31 15:00:00,49.3,26.3,282.0
2025-10-31 16:00:00,52.8,27.3,134.9
2025-10-31 17:00:00,48.8,27.2,0.0
2025-10-31 18:00:00,21.8,26.3,0.0
2025-10-31 19:00:00,16.5,25.0,0.0
2025-10-31 20:00:00,12.0,22.7,0.0
2025-10-31 21:00:00,5.2,21.0,0.0
2025-10-31 22:00:00,8.1,19.2,0.0
2025-10-31 23:00:00,6.2,18.2,0.0
2025-11-01 00:00:00,0.0,16.7,0.0
2025-11-01 01:00:00,0.0,15.1,0.0
2025-11-01 02:00:00,0.0,13.8,0.0
2025-11-01 03:00:00,0.0,13.7,0.0
2025-11-01 04:00:00,0.0,12.7,0.0
2025-11-01 05:00:00,0.0,13.2,0.0
2025-11-01 06:00:00,0.0,14.4,0.0
2025-11-01 07:00:00,0.0,15.2,169.7
2025-11-01 08:00:00,2.7,17.3,380.1
2025-11-01 09:00:00,0.0,19.5,546.2
2025-11-01 10:00:00,0.0,20.6,681.4
2025-11-01 11:00:00,6.1,21.9,723.3
2025-11-01 12:00:00,0.0,23.9,709.3
2025-11-01 13:00:00,0.0,24.9,676.9
2025-11-01 14:00:00,0.0,24.9,533.3
2025-11-01 15:00:00,0.0,25.1,362.1
2025-11-01 16:00:00,0.0,24.5,172.2
2025-11-01 17:00:00,0.0,24.6,0.0
2025-11-01 18:00:00,0.0,24.0,0.0
2025-11-01 19:00:00,0.0,22.7,0.0
2025-11-01 20:00:00,0.0,21.4,0.0
2025-11-01 21:00:00,0.4,19.2,0.0
2025-11-01 22:00:00,4.8,17.4,0.0
2025-11-01 23:00:00,0.0,16.8,0.0
2025-11-02 00:00:00,0.0,15.5,0.0
2025-11-02 01:00:00,0.0,15.0,0.0
2025-11-02 02:00:00,0.0,14.6,0.0
2025-11-02 03:00:00,0.0,15.1,0.0
2025-11-02 04:00:00,0.0,14.2,0.0
2025-11-02 05:00:00,0.0,14.8,0.0
2025-11-02 06:00:00,7.1,16.7,0.0
2025-11-02 07:00:00,9.2,18.3,172.9
2025-11-02 08:00:00,0.0,20.4,356.4
2025-11-02 09:00:00,0.0,21.9,520.1
2025-11-02 10:00:00,17.3,22.7,643.5
2025-11-02 11:00:00,20.7,23.5,706.8
2025-11-02 12:00:00,36.9,23.8,622.9
2025-11-02 13:00:00,43.4,25.1,561.7
2025-11-02 14:00:00,39.9,26.3,461.6
2025-11-02 15:00:00,37.3,26.8,311.9
2025-11-02 16:00:00,32.2,27.2,155.5
2025-11-02 17:00:00,14.2,26.8,0.0
2025-11-02 18:00:00,12.4,26.2,0.0
2025-11-02 19:00:00,20.3,25.5,0.0
2025-11-02 20:00:00,12.8,23.4,0.0
2025-11-02 21:00:00,14.3,21.9,0.0
2025-11-02 22:00:00,19.2,19.6,0.0
2025-11-02 23:00:00,9.3,18.0,0.0
2025-11-03 00:00:00,39.1,17.4,0.0
2025-11-03 01:00:00,30.1,15.6,0.0
2025-11-03 02:00:00,23.8,14.7,0.0
2025-11-03 03:00:00,14.6,14.4,0.0
2025-11-03 04:00:00,9.5,14.7,0.0
2025-11-03 05:00:00,23.7,15.3,0.0
2025-11-03 06:00:00,17.4,15.6,0.0
2025-11-03 07:00:00,20.2,16.7,165.8
2025-11-03 08:00:00,17.7,17.2,360.7
2025-11-03 09:00:00,28.9,18.4,487.6
2025-11-03 10:00:00,39.8,19.4,574.6
2025-11-03 11:00:00,45.9,20.6,597.7
2025-11-03 12:00:00,46.7,21.6,585.1
2025-11-03 13:00:00,43.2,22.1,535.5
2025-11-03 14:00:00,32.4,23.1,472.1
2025-11-03 15:00:00,47.9,24.1,281.2
2025-11-03 16:00:00,40.0,25.1,146.9
2025-11-03 17:00:00,44.4,26.3,0.0
2025-11-03 18:00:00,51.5,26.3,0.0
2025-11-03 19:00:00,44.8,24.4,0.0
2025-11-03 20:00:00,51.6,22.8,0.0
2025-11-03 21:00:00,55.4,21.3,0.0
2025-11-03 22:00:00,66.5,19.9,0.0
2025-11-03 23:00:00,58.7,18.4,0.0
2025-11-04 00:00:00,75.9,18.4,0.0
2025-11-04 01:00:00,70.4,16.8,0.0
2025-11-04 02:00:00,71.2,15.8,0.0
2025-11-04 03:00:00,70.7,16.4,0.0
2025-11-04 04:00:00,66.6,16.2,0.0
2025-11-04 05:00:00,51.0,16.7,0.0
2025-11-04 06:00:00,56.2,18.2,0.0
2025-11-04 07:00:00,72.8,19.1,90.5
2025-11-04 08:00:00,75.4,19.8,181.4
2025-11-04 09:00:00,78.8,21.0,246.9
2025-11-04 10:00:00,81.5,21.5,286.8
2025-11-04 11:00:00,82.5,22.4,301.5
2025-11-04 12:00:00,87.6,23.7,249.9
2025-11-04 13:00:00,87.9,23.8,229.5
2025-11-04 14:00:00,82.4,25.7,220.0
2025-11-04 15:00:00,73.7,26.8,189.6
2025-11-04 16:00:00,70.5,27.4,97.3
2025-11-04 17:00:00,72.1,26.8,0.0
2025-11-04 18:00:00,68.5,25.1,0.0
2025-11-04 19:00:00,70.4,23.7,0.0
2025-11-04 20:00:00,73.1,22.8,0.0
2025-11-04 21:00:00,78.5,20.3,0.0
2025-11-04 22:00:00,87.0,19.3,0.0
2025-11-04 23:00:00,84.7,17.7,0.0
2025-11-05 00:00:00,48.2,15.7,0.0
2025-11-05 01:00:00,44.5,14.8,0.0
2025-11-05 02:00:00,44.3,14.4,0.0
2025-11-05 03:00:00,29.0,13.7,0.0
2025-11-05 04:00:00,41.4,14.4,0.0
2025-11-05 05:00:00,42.4,13.9,0.0
2025-11-05 06:00:00,45.1,14.8,0.0
2025-11-05 07:00:00,55.4,15.7,117.0
2025-11-05 08:00:00,48.5,16.5,276.8
2025-11-05 09:00:00,52.0,16.8,394.0
2025-11-05 10:00:00,49.7,18.6,484.8
2025-11-05 11:00:00,47.0,19.4,575.5
2025-11-05 12:00:00,40.0,20.9,599.1
2025-11-05 13:00:00,53.3,21.9,453.3
2025-11-05 14:00:00,48.7,23.1,409.2
2025-11-05 15:00:00,53.2,24.4,260.3
2025-11-05 16:00:00,36.6,24.7,148.1
2025-11-05 17:00:00,46.4,24.9,0.0
2025-11-05 18:00:00,54.0,24.1,0.0
2025-11-05 19:00:00,53.1,23.2,0.0
2025-11-05 20:00:00,49.7,22.5,0.0
2025-11-05 21:00:00,51.7,21.0,0.0
2025-11-05 22:00:00,68.6,20.1,0.0
2025-11-05 23:00:00,51.0,19.1,0.0
2025-11-06 00:00:00,46.9,18.3,0.0
2025-11-06 01:00:00,37.6,16.9,0.0
2025-11-06 02:00:00,36.7,16.7,0.0
2025-11-06 03:00:00,34.0,16.5,0.0
2025-11-06 04:00:00,30.2,17.1,0.0
2025-11-06 05:00:00,30.1,17.9,0.0
2025-11-06 06:00:00,21.1,18.7,0.0
2025-11-06 07:00:00,30.5,19.9,144.8
2025-11-06 08:00:00,16.2,21.1,346.8
2025-11-06 09:00:00,22.3,22.4,490.4
2025-11-06 10:00:00,20.7,23.6,614.8
2025-11-06 11:00:00,12.5,25.0,702.2
2025-11-06 12:00:00,16.3,26.9,691.4
2025-11-06 13:00:00,5.6,28.2,654.9
2025-11-06 14:00:00,8.9,28.4,523.8
2025-11-06 15:00:00,0.2,28.4,344.6
2025-11-06 16:00:00,7.5,28.7,157.1
2025-11-06 17:00:00,2.9,27.6,0.0
2025-11-06 18:00:00,2.6,25.8,0.0
2025-11-06 19:00:00,8.4,23.8,0.0
2025-11-06 20:00:00,4.9,21.4,0.0
2025-11-06 21:00:00,7.5,19.3,0.0
2025-11-06 22:00:00,0.0,17.1,0.0
2025-11-06 23:00:00,7.1,16.5,0.0
2025-11-07 00:00:00,28.3,15.4,0.0
2025-11-07 01:00:00,51.5,14.7,0.0
2025-11-07 02:00:00,50.2,13.4,0.0
2025-11-07 03:00:00,54.7,13.2,0.0
2025-11-07 04:00:00,38.1,12.4,0.0
2025-11-07 05:00:00,49.7,13.1,0.0
2025-11-07 06:00:00,54.2,15.3,0.0
2025-11-07 07:00:00,48.0,16.3,123.8
2025-11-07 08:00:00,56.3,17.1,257.7
2025-11-07 09:00:00,51.7,18.6,383.5
2025-11-07 10:00:00,46.0,19.8,528.4
2025-11-07 11:00:00,48.5,20.6,553.7
2025-11-07 12:00:00,38.4,23.0,621.4
2025-11-07 13:00:00,46.1,23.4,532.7
2025-11-07 14:00:00,36.4,24.3,441.1
2025-11-07 15:00:00,27.8,25.0,331.5
2025-11-07 16:00:00,21.4,24.7,147.6
2025-11-07 17:00:00,29.1,24.8,0.0
2025-11-07 18:00:00,24.9,23.7,0.0
2025-11-07 19:00:00,15.3,22.7,0.0
2025-11-07 20:00:00,12.8,21.5,0.0
2025-11-07 21:00:00,15.2,19.9,0.0
2025-11-07 22:00:00,8.1,19.1,0.0
2025-11-07 23:00:00,2.1,17.2,0.0
2025-11-08 00:00:00,0.0,16.4,0.0
2025-11-08 01:00:00,0.0,16.0,0.0
2025-11-08 02:00:00,0.0,16.2,0.0
2025-11-08 03:00:00,0.0,16.0,0.0
2025-11-08 04:00:00,0.0,15.7,0.0
2025-11-08 05:00:00,0.0,17.2,0.0
2025-11-08 06:00:00,6.8,18.0,0.0
2025-11-08 07:00:00,4.7,18.6,154.7
2025-11-08 08:00:00,0.0,19.8,355.7
2025-11-08 09:00:00,7.5,20.7,511.5
2025-11-08 10:00:00,7.0,22.4,620.6
2025-11-08 11:00:00,21.2,23.2,650.1
2025-11-08 12:00:00,2.0,24.7,705.7
2025-11-08 13:00:00,4.5,26.0,652.9
2025-11-08 14:00:00,20.5,26.7,503.5
2025-11-08 15:00:00,16.5,27.0,338.3
2025-11-08 16:00:00,13.9,27.0,159.8
2025-11-08 17:00:00,15.8,26.5,0.0
2025-11-08 18:00:00,10.7,25.2,0.0
2025-11-08 19:00:00,8.1,23.8,0.0
2025-11-08 20:00:00,5.7,22.6,0.0
2025-11-08 21:00:00,1.2,20.8,0.0
2025-11-08 22:00:00,12.1,19.6,0.0
2025-11-08 23:00:00,15.6,17.7,0.0
2025-11-09 00:00:00,26.0,16.1,0.0
2025-11-09 01:00:00,31.6,14.9,0.0
2025-11-09 02:00:00,28.0,13.9,0.0
2025-11-09 03:00:00,20.8,14.3,0.0
2025-11-09 04:00:00,15.8,14.7,0.0
2025-11-09 05:00:00,16.2,14.8,0.0
2025-11-09 06:00:00,8.1,15.8,0.0
2025-11-09 07:00:00,5.4,16.8,153.3
2025-11-09 08:00:00,3.0,17.8,337.1
2025-11-09 09:00:00,21.9,18.3,460.9
2025-11-09 10:00:00,0.0,20.7,649.5
2025-11-09 11:00:00,0.3,21.5,701.4
2025-11-09 12:00:00,16.4,22.4,701.0
2025-11-09 13:00:00,17.7,23.0,623.8
2025-11-09 14:00:00,23.9,24.0,477.8
2025-11-09 15:00:00,24.2,24.3,323.0
2025-11-09 16:00:00,18.2,24.3,150.5
2025-11-09 17:00:00,0.4,23.7,0.0
2025-11-09 18:00:00,4.3,23.0,0.0
2025-11-09 19:00:00,0.0,21.7,0.0
2025-11-09 20:00:00,0.0,20.3,0.0
2025-11-09 21:00:00,0.0,18.5,0.0
2025-11-09 22:00:00,11.5,16.4,0.0
2025-11-09 23:00:00,31.7,14.8,0.0
2025-11-10 00:00:00,79.0,14.6,0.0
2025-11-10 01:00:00,73.8,13.5,0.0
2025-11-10 02:00:00,63.5,12.5,0.0
2025-11-10 03:00:00,67.6,11.7,0.0
2025-11-10 04:00:00,81.7,11.4,0.0
2025-11-10 05:00:00,77.9,11.8,0.0
2025-11-10 06:00:00,57.4,13.1,0.0
2025-11-10 07:00:00,63.9,13.6,98.9
2025-11-10 08:00:00,72.0,14.7,182.3
2025-11-10 09:00:00,58.7,15.7,345.7
2025-11-10 10:00:00,61.0,17.3,426.6
2025-11-10 11:00:00,65.3,18.4,437.1
2025-11-10 12:00:00,64.8,19.1,435.2
2025-11-10 13:00:00,58.7,20.4,423.8
2025-11-10 14:00:00,67.7,22.3,298.4
2025-11-10 15:00:00,64.3,24.1,213.4
2025-11-10 16:00:00,52.7,24.8,113.4
2025-11-10 17:00:00,37.9,24.5,0.0
2025-11-10 18:00:00,51.4,23.9,0.0
2025-11-10 19:00:00,58.1,23.0,0.0
2025-11-10 20:00:00,59.8,21.6,0.0
2025-11-10 21:00:00,57.1,20.2,0.0
2025-11-10 22:00:00,54.0,18.7,0.0
2025-11-10 23:00:00,46.8,17.0,0.0
2025-11-11 00:00:00,46.9,15.0,0.0
2025-11-11 01:00:00,32.4,13.6,0.0
2025-11-11 02:00:00,30.8,13.4,0.0
2025-11-11 03:00:00,32.7,13.3,0.0
2025-11-11 04:00:00,41.7,13.8,0.0
2025-11-11 05:00:00,44.5,14.3,0.0
2025-11-11 06:00:00,53.6,14.9,0.0
2025-11-11 07:00:00,66.1,15.6,90.8
2025-11-11 08:00:00,74.7,15.8,173.0
2025-11-11 09:00:00,77.6,16.2,242.7
2025-11-11 10:00:00,76.5,18.0,306.2
2025-11-11 11:00:00,67.6,19.3,399.8
2025-11-11 12:00:00,73.5,20.1,386.8
2025-11-11 13:00:00,86.2,21.9,227.7
2025-11-11 14:00:00,86.7,23.5,185.8
2025-11-11 15:00:00,99.8,24.2,59.9
2025-11-11 16:00:00,83.7,25.2,58.1
2025-11-11 17:00:00,72.5,25.2,0.0
2025-11-11 18:00:00,78.8,24.0,0.0
2025-11-11 19:00:00,79.5,23.0,0.0
2025-11-11 20:00:00,88.6,21.6,0.0
2025-11-11 21:00:00,85.9,20.0,0.0
2025-11-11 22:00:00,76.8,18.9,0.0
2025-11-11 23:00:00,74.0,17.8,0.0
2025-11-12 00:00:00,43.2,15.7,0.0
2025-11-12 01:00:00,34.9,14.8,0.0
2025-11-12 02:00:00,44.5,13.8,0.0
2025-11-12 03:00:00,52.1,13.9,0.0
2025-11-12 04:00:00,54.7,14.2,0.0
2025-11-12 05:00:00,40.4,14.8,0.0
2025-11-12 06:00:00,38.6,15.6,0.0
2025-11-12 07:00:00,30.2,17.4,132.6
2025-11-12 08:00:00,41.9,18.0,277.0
2025-11-12 09:00:00,38.2,19.7,442.5
2025-11-12 10:00:00,30.9,20.6,573.5
2025-11-12 11:00:00,33.4,22.1,611.8
2025-11-12 12:00:00,30.2,23.7,603.7
2025-11-12 13:00:00,44.5,24.4,509.1
2025-11-12 14:00:00,39.2,25.0,432.1
2025-11-12 15:00:00,29.3,25.7,289.1
2025-11-12 16:00:00,14.5,25.8,144.1
2025-11-12 17:00:00,18.5,26.2,0.0
2025-11-12 18:00:00,17.8,24.8,0.0
2025-11-12 19:00:00,10.2,23.1,0.0
2025-11-12 20:00:00,24.4,21.9,0.0
2025-11-12 21:00:00,32.8,20.3,0.0
2025-11-12 22:00:00,34.6,18.7,0.0
2025-11-12 23:00:00,47.3,18.0,0.0
2025-11-13 00:00:00,55.8,15.2,0.0
2025-11-13 01:00:00,48.9,13.9,0.0
2025-11-13 02:00:00,41.0,12.3,0.0
2025-11-13 03:00:00,48.9,11.7,0.0
2025-11-13 04:00:00,52.6,13.3,0.0
2025-11-13 05:00:00,53.9,14.2,0.0
2025-11-13 06:00:00,47.0,15.5,0.0
2025-11-13 07:00:00,52.5,16.3,104.4
2025-11-13 08:00:00,46.5,17.6,266.5
2025-11-13 09:00:00,46.4,17.9,380.2
2025-11-13 10:00:00,58.7,19.4,421.4
2025-11-13 11:00:00,52.7,20.4,507.6
2025-11-13 12:00:00,40.1,21.7,567.5
2025-11-13 13:00:00,33.2,23.2,543.5
2025-11-13 14:00:00,43.5,24.0,409.8
2025-11-13 15:00:00,46.6,24.6,269.4
2025-11-13 16:00:00,46.3,24.2,112.8
2025-11-13 17:00:00,43.0,24.1,0.0
2025-11-13 18:00:00,48.0,23.8,0.0
2025-11-13 19:00:00,41.8,22.2,0.0
2025-11-13 20:00:00,45.6,21.4,0.0
2025-11-13 21:00:00,40.6,19.4,0.0
2025-11-13 22:00:00,34.8,17.7,0.0
2025-11-13 23:00:00,31.9,17.0,0.0
2025-11-14 00:00:00,1.3,14.8,0.0
2025-11-14 01:00:00,3.5,14.4,0.0
2025-11-14 02:00:00,7.7,14.8,0.0
2025-11-14 03:00:00,0.0,14.5,0.0
2025-11-14 04:00:00,0.0,14.3,0.0
2025-11-14 05:00:00,0.0,14.5,0.0
2025-11-14 06:00:00,0.0,16.0,0.0
2025-11-14 07:00:00,0.0,17.8,141.7
2025-11-14 08:00:00,0.0,19.9,341.0
2025-11-14 09:00:00,12.1,21.1,484.7
2025-11-14 10:00:00,2.9,23.2,601.0
2025-11-14 11:00:00,8.4,24.3,666.3
2025-11-14 12:00:00,3.7,25.1,667.6
2025-11-14 13:00:00,1.9,26.6,621.5
2025-11-14 14:00:00,0.0,27.9,486.8
2025-11-14 15:00:00,0.0,27.4,332.0
2025-11-14 16:00:00,20.2,26.7,133.7
2025-11-14 17:00:00,27.2,26.3,0.0
2025-11-14 18:00:00,35.5,25.8,0.0
2025-11-14 19:00:00,37.9,23.9,0.0
2025-11-14 20:00:00,23.2,22.3,0.0
2025-11-14 21:00:00,26.3,20.4,0.0
2025-11-14 22:00:00,34.4,19.3,0.0
2025-11-14 23:00:00,26.2,17.2,0.0
2025-11-15 00:00:00,0.9,15.8,0.0
2025-11-15 01:00:00,5.2,14.7,0.0
2025-11-15 02:00:00,18.2,13.8,0.0
2025-11-15 03:00:00,11.5,13.5,0.0
2025-11-15 04:00:00,0.1,12.5,0.0
2025-11-15 05:00:00,0.0,12.8,0.0
2025-11-15 06:00:00,6.8,14.1,0.0
2025-11-15 07:00:00,0.0,14.4,141.9
2025-11-15 08:00:00,0.0,14.6,326.1
2025-11-15 09:00:00,0.0,15.1,498.3
2025-11-15 10:00:00,0.0,17.5,624.8
2025-11-15 11:00:00,0.0,19.0,700.0
2025-11-15 12:00:00,0.0,20.1,691.5
2025-11-15 13:00:00,0.0,21.7,614.6
2025-11-15 14:00:00,0.0,22.2,479.5
2025-11-15 15:00:00,0.0,22.6,328.3
2025-11-15 16:00:00,0.0,22.5,140.7
2025-11-15 17:00:00,0.0,21.8,0.0
2025-11-15 18:00:00,0.0,21.1,0.0
2025-11-15 19:00:00,0.0,20.3,0.0
2025-11-15 20:00:00,0.0,18.9,0.0
2025-11-15 21:00:00,0.0,17.1,0.0
2025-11-15 22:00:00,0.0,15.5,0.0
2025-11-15 23:00:00,0.0,13.0,0.0
2025-11-16 00:00:00,32.6,12.3,0.0
2025-11-16 01:00:00,13.8,10.6,0.0
2025-11-16 02:00:00,20.5,10.6,0.0
2025-11-16 03:00:00,13.5,10.3,0.0
2025-11-16 04:00:00,25.1,10.9,0.0
2025-11-16 05:00:00,25.5,11.9,0.0
2025-11-16 06:00:00,19.3,12.4,0.0
2025-11-16 07:00:00,24.5,13.8,131.0
2025-11-16 08:00:00,30.9,15.2,292.9
2025-11-16 09:00:00,34.6,16.4,438.6
2025-11-16 10:00:00,24.4,17.6,565.9
2025-11-16 11:00:00,19.9,19.4,627.0
2025-11-16 12:00:00,19.7,21.1,629.0
2025-11-16 13:00:00,19.2,22.2,569.5
2025-11-16 14:00:00,25.1,22.4,460.1
2025-11-16 15:00:00,8.2,22.7,331.0
2025-11-16 16:00:00,12.2,22.7,133.6
2025-11-16 17:00:00,10.6,22.6,0.0
2025-11-16 18:00:00,4.9,20.8,0.0
2025-11-16 19:00:00,0.6,19.3,0.0
2025-11-16 20:00:00,1.0,17.8,0.0
2025-11-16 21:00:00,0.0,16.3,0.0
2025-11-16 22:00:00,0.0,14.2,0.0
2025-11-16 23:00:00,0.0,12.8,0.0
2025-11-17 00:00:00,6.7,11.4,0.0
2025-11-17 01:00:00,4.6,10.1,0.0
2025-11-17 02:00:00,7.5,9.6,0.0
2025-11-17 03:00:00,24.1,9.5,0.0
2025-11-17 04:00:00,34.4,10.3,0.0
2025-11-17 05:00:00,42.6,10.7,0.0
2025-11-17 06:00:00,38.7,11.8,0.0
2025-11-17 07:00:00,43.6,12.4,110.3
2025-11-17 08:00:00,41.6,13.3,267.4
2025-11-17 09:00:00,40.3,14.8,417.2
2025-11-17 10:00:00,43.9,16.3,501.3
2025-11-17 11:00:00,39.0,17.7,591.6
2025-11-17 12:00:00,51.5,18.6,505.7
2025-11-17 13:00:00,49.2,19.2,461.6
2025-11-17 14:00:00,53.4,20.9,355.8
2025-11-17 15:00:00,63.8,22.0,205.9
2025-11-17 16:00:00,69.6,22.9,79.2
2025-11-17 17:00:00,55.1,22.0,0.0
2025-11-17 18:00:00,57.3,20.9,0.0
2025-11-17 19:00:00,62.4,19.7,0.0
2025-11-17 20:00:00,67.2,17.5,0.0
2025-11-17 21:00:00,55.4,16.4,0.0
2025-11-17 22:00:00,48.7,15.6,0.0
2025-11-17 23:00:00,56.0,15.4,0.0
2025-11-18 00:00:00,39.9,13.2,0.0
2025-11-18 01:00:00,36.9,12.4,0.0
2025-11-18 02:00:00,49.3,12.7,0.0
2025-11-18 03:00:00,47.1,12.3,0.0
2025-11-18 04:00:00,39.8,12.1,0.0
2025-11-18 05:00:00,32.2,11.7,0.0
2025-11-18 06:00:00,35.2,13.4,0.0
2025-11-18 07:00:00,24.4,14.3,125.6
2025-11-18 08:00:00,23.7,15.2,303.0
2025-11-18 09:00:00,27.7,16.7,453.8
2025-11-18 10:00:00,38.9,18.0,503.1
2025-11-18 11:00:00,43.8,19.3,541.6
2025-11-18 12:00:00,37.0,20.6,603.7
2025-11-18 13:00:00,46.1,22.4,479.9
2025-11-18 14:00:00,42.4,23.3,407.2
2025-11-18 15:00:00,31.6,24.7,291.5
2025-11-18 16:00:00,30.6,25.0,116.7
2025-11-18 17:00:00,42.6,25.0,0.0
2025-11-18 18:00:00,43.0,24.0,0.0
2025-11-18 19:00:00,42.1,23.2,0.0
2025-11-18 20:00:00,54.3,21.9,0.0
2025-11-18 21:00:00,40.5,19.6,0.0
2025-11-18 22:00:00,29.5,17.3,0.0
2025-11-18 23:00:00,17.2,15.9,0.0
2025-11-19 00:00:00,36.6,14.3,0.0
2025-11-19 01:00:00,39.4,13.4,0.0
2025-11-19 02:00:00,52.9,13.5,0.0
2025-11-19 03:00:00,54.4,13.4,0.0
2025-11-19 04:00:00,50.5,13.2,0.0
2025-11-19 05:00:00,50.3,14.5,0.0
2025-11-19 06:00:00,51.1,15.7,0.0
2025-11-19 07:00:00,37.5,16.8,111.3
2025-11-19 08:00:00,60.6,16.6,213.4
2025-11-19 09:00:00,63.3,17.7,311.4
2025-11-19 10:00:00,63.3,19.3,388.1
2025-11-19 11:00:00,66.5,21.3,410.8
2025-11-19 12:00:00,70.1,21.6,369.8
2025-11-19 13:00:00,66.4,23.4,371.4
2025-11-19 14:00:00,59.3,25.2,321.6
2025-11-19 15:00:00,62.9,24.8,199.8
2025-11-19 16:00:00,64.3,25.4,83.4
2025-11-19 17:00:00,56.0,25.5,0.0
2025-11-19 18:00:00,66.5,24.5,0.0
2025-11-19 19:00:00,66.7,22.9,0.0
2025-11-19 20:00:00,70.5,21.8,0.0
2025-11-19 21:00:00,79.0,20.0,0.0
2025-11-19 22:00:00,75.6,18.3,0.0
2025-11-19 23:00:00,74.9,17.2,0.0
2025-11-20 00:00:00,77.4,16.7,0.0
2025-11-20 01:00:00,68.1,15.7,0.0
2025-11-20 02:00:00,66.2,15.1,0.0
2025-11-20 03:00:00,65.0,14.5,0.0
2025-11-20 04:00:00,55.3,14.0,0.0
2025-11-20 05:00:00,73.0,15.3,0.0
2025-11-20 06:00:00,58.8,15.9,0.0
2025-11-20 07:00:00,47.1,17.0,105.4
2025-11-20 08:00:00,57.8,17.7,218.1
2025-11-20 09:00:00,62.3,18.3,324.4
2025-11-20 10:00:00,52.4,19.8,447.0
2025-11-20 11:00:00,56.7,20.9,463.3
2025-11-20 12:00:00,67.5,21.2,386.3
2025-11-20 13:00:00,64.9,23.3,361.3
2025-11-20 14:00:00,83.7,23.7,189.1
2025-11-20 15:00:00,65.6,25.1,189.8
2025-11-20 16:00:00,69.1,25.9,75.2
2025-11-20 17:00:00,75.9,25.3,0.0
2025-11-20 18:00:00,79.7,23.8,0.0
2025-11-20 19:00:00,74.3,22.3,0.0
2025-11-20 20:00:00,68.8,20.4,0.0
2025-11-20 21:00:00,69.9,19.7,0.0
2025-11-20 22:00:00,73.8,18.0,0.0
2025-11-20 23:00:00,75.6,17.0,0.0
2025-11-21 00:00:00,39.6,15.3,0.0
2025-11-21 01:00:00,27.5,14.2,0.0
2025-11-21 02:00:00,23.2,13.5,0.0
2025-11-21 03:00:00,13.8,13.7,0.0
2025-11-21 04:00:00,9.9,13.4,0.0
2025-11-21 05:00:00,17.7,14.9,0.0
2025-11-21 06:00:00,17.3,15.1,0.0
2025-11-21 07:00:00,36.9,16.6,106.7
2025-11-21 08:00:00,34.9,16.9,266.1
2025-11-21 09:00:00,32.0,18.0,438.0
2025-11-21 10:00:00,29.9,19.4,531.5
2025-11-21 11:00:00,22.1,20.6,609.7
2025-11-21 12:00:00,19.8,21.8,646.3
2025-11-21 13:00:00,27.3,22.0,557.6
2025-11-21 14:00:00,25.8,22.3,451.0
2025-11-21 15:00:00,17.2,23.0,294.6
2025-11-21 16:00:00,8.6,23.0,121.9
2025-11-21 17:00:00,4.8,22.1,0.0
2025-11-21 18:00:00,5.7,21.8,0.0
2025-11-21 19:00:00,15.4,20.1,0.0
2025-11-21 20:00:00,3.7,18.4,0.0
2025-11-21 21:00:00,1.5,16.6,0.0
2025-11-21 22:00:00,3.4,15.4,0.0
2025-11-21 23:00:00,0.0,14.0,0.0
2025-11-22 00:00:00,0.0,12.6,0.0
2025-11-22 01:00:00,0.0,10.7,0.0
2025-11-22 02:00:00,0.0,10.6,0.0
2025-11-22 03:00:00,0.0,10.4,0.0
2025-11-22 04:00:00,0.0,10.7,0.0
2025-11-22 05:00:00,0.0,11.0,0.0
2025-11-22 06:00:00,0.0,11.5,0.0
2025-11-22 07:00:00,6.8,13.7,126.1
2025-11-22 08:00:00,20.2,14.1,298.1
2025-11-22 09:00:00,3.4,15.3,485.9
2025-11-22 10:00:00,8.6,17.6,588.9
2025-11-22 11:00:00,7.2,19.4,655.8
2025-11-22 12:00:00,8.6,20.5,665.4
2025-11-22 13:00:00,5.4,22.2,580.6
2025-11-22 14:00:00,6.7,23.1,454.0
2025-11-22 15:00:00,8.1,23.4,307.0
2025-11-22 16:00:00,3.6,23.4,121.2
2025-11-22 17:00:00,0.0,23.0,0.0
2025-11-22 18:00:00,0.0,22.3,0.0
2025-11-22 19:00:00,0.0,22.1,0.0
2025-11-22 20:00:00,4.3,20.6,0.0
2025-11-22 21:00:00,11.6,19.0,0.0
2025-11-22 22:00:00,7.3,16.7,0.0
2025-11-22 23:00:00,9.7,15.2,0.0
2025-11-23 00:00:00,52.3,15.3,0.0
2025-11-23 01:00:00,60.6,14.9,0.0
2025-11-23 02:00:00,58.0,13.9,0.0
2025-11-23 03:00:00,54.5,13.6,0.0
2025-11-23 04:00:00,54.7,13.1,0.0
2025-11-23 05:00:00,44.2,13.0,0.0
2025-11-23 06:00:00,42.6,14.0,0.0
2025-11-23 07:00:00,48.6,14.7,98.0
2025-11-23 08:00:00,53.2,15.1,229.8
2025-11-23 09:00:00,49.8,16.5,347.4
2025-11-23 10:00:00,50.8,17.7,441.6
2025-11-23 11:00:00,43.4,18.4,525.6
2025-11-23 12:00:00,49.0,18.5,510.3
2025-11-23 13:00:00,47.7,19.5,449.0
2025-11-23 14:00:00,45.0,19.7,376.2
2025-11-23 15:00:00,41.9,19.5,250.2
2025-11-23 16:00:00,41.6,20.5,103.2
2025-11-23 17:00:00,38.3,20.3,0.0
2025-11-23 18:00:00,44.2,19.4,0.0
2025-11-23 19:00:00,40.9,18.2,0.0
2025-11-23 20:00:00,54.0,16.5,0.0
2025-11-23 21:00:00,64.4,15.5,0.0
2025-11-23 22:00:00,54.8,13.8,0.0
2025-11-23 23:00:00,54.0,12.1,0.0
2025-11-24 00:00:00,50.2,10.5,0.0
2025-11-24 01:00:00,47.1,9.1,0.0
2025-11-24 02:00:00,63.0,8.7,0.0
2025-11-24 03:00:00,58.6,8.5,0.0
2025-11-24 04:00:00,60.0,8.7,0.0
2025-11-24 05:00:00,62.6,9.5,0.0
2025-11-24 06:00:00,52.7,10.5,0.0
2025-11-24 07:00:00,45.0,11.5,94.3
2025-11-24 08:00:00,35.5,13.1,266.6
2025-11-24 09:00:00,29.7,14.9,440.1
2025-11-24 10:00:00,8.9,17.2,579.8
2025-11-24 11:00:00,17.7,18.1,608.5
2025-11-24 12:00:00,37.6,18.7,549.3
2025-11-24 13:00:00,39.8,20.2,495.2
2025-11-24 14:00:00,29.2,21.5,435.0
2025-11-24 15:00:00,26.1,21.7,279.6
2025-11-24 16:00:00,24.9,22.2,114.9
2025-11-24 17:00:00,19.3,21.3,0.0
2025-11-24 18:00:00,29.4,20.8,0.0
2025-11-24 19:00:00,37.9,19.7,0.0
2025-11-24 20:00:00,29.7,17.5,0.0
2025-11-24 21:00:00,37.4,15.9,0.0
2025-11-24 22:00:00,50.7,15.7,0.0
2025-11-24 23:00:00,65.4,14.6,0.0
2025-11-25 00:00:00,97.5,14.9,0.0
2025-11-25 01:00:00,85.5,13.0,0.0
2025-11-25 02:00:00,100.0,13.0,0.0
2025-11-25 03:00:00,96.2,11.5,0.0
2025-11-25 04:00:00,86.9,11.6,0.0
2025-11-25 05:00:00,86.0,12.5,0.0
2025-11-25 06:00:00,77.9,13.8,0.0
2025-11-25 07:00:00,78.7,14.0,56.4
2025-11-25 08:00:00,65.6,15.3,186.0
2025-11-25 09:00:00,62.7,16.0,300.9
2025-11-25 10:00:00,72.4,17.0,316.4
2025-11-25 11:00:00,70.2,18.0,357.0
2025-11-25 12:00:00,69.8,18.7,379.7
2025-11-25 13:00:00,72.2,20.7,321.9
2025-11-25 14:00:00,79.8,21.7,215.7
2025-11-25 15:00:00,63.9,23.2,189.0
2025-11-25 16:00:00,67.8,24.1,71.4
2025-11-25 17:00:00,64.5,23.5,0.0
2025-11-25 18:00:00,65.0,23.2,0.0
2025-11-25 19:00:00,72.6,22.3,0.0
2025-11-25 20:00:00,61.2,20.1,0.0
2025-11-25 21:00:00,52.7,18.6,0.0
2025-11-25 22:00:00,37.8,16.2,0.0
2025-11-25 23:00:00,35.8,15.6,0.0
2025-11-26 00:00:00,70.3,15.0,0.0
2025-11-26 01:00:00,70.3,14.0,0.0
2025-11-26 02:00:00,60.6,13.8,0.0
2025-11-26 03:00:00,58.9,12.7,0.0
2025-11-26 04:00:00,49.4,12.3,0.0
2025-11-26 05:00:00,44.0,12.7,0.0
2025-11-26 06:00:00,51.3,14.9,0.0
2025-11-26 07:00:00,45.2,15.0,96.5
2025-11-26 08:00:00,58.1,15.1,207.3
2025-11-26 09:00:00,60.0,15.4,313.6
2025-11-26 10:00:00,63.0,17.0,372.0
2025-11-26 11:00:00,62.7,18.0,414.2
2025-11-26 12:00:00,70.8,19.0,359.6
2025-11-26 13:00:00,78.0,20.5,274.3
2025-11-26 14:00:00,80.8,21.5,196.2
2025-11-26 15:00:00,85.1,22.4,113.9
2025-11-26 16:00:00,82.6,23.4,49.5
2025-11-26 17:00:00,86.5,23.3,0.0
2025-11-26 18:00:00,82.9,22.2,0.0
2025-11-26 19:00:00,82.4,21.1,0.0
2025-11-26 20:00:00,79.8,20.0,0.0
2025-11-26 21:00:00,76.0,18.0,0.0
2025-11-26 22:00:00,70.9,14.9,0.0
2025-11-26 23:00:00,75.6,13.9,0.0
2025-11-27 00:00:00,51.4,12.7,0.0
2025-11-27 01:00:00,59.8,12.0,0.0
2025-11-27 02:00:00,47.9,11.3,0.0
2025-11-27 03:00:00,57.7,11.0,0.0
2025-11-27 04:00:00,53.5,11.4,0.0
2025-11-27 05:00:00,57.1,12.5,0.0
2025-11-27 06:00:00,48.3,13.4,0.0
2025-11-27 07:00:00,48.9,15.5,90.7
2025-11-27 08:00:00,50.8,15.6,226.7
2025-11-27 09:00:00,38.1,16.9,395.7
2025-11-27 10:00:00,43.6,17.5,465.9
2025-11-27 11:00:00,54.4,19.0,465.9
2025-11-27 12:00:00,51.7,19.5,479.6
2025-11-27 13:00:00,61.7,19.8,375.7
2025-11-27 14:00:00,58.0,20.5,318.5
2025-11-27 15:00:00,63.1,21.4,194.8
2025-11-27 16:00:00,43.0,21.5,95.1
2025-11-27 17:00:00,62.5,21.3,0.0
2025-11-27 18:00:00,72.2,20.5,0.0
2025-11-27 19:00:00,66.5,19.1,0.0
2025-11-27 20:00:00,48.0,18.2,0.0
2025-11-27 21:00:00,49.8,17.1,0.0
2025-11-27 22:00:00,37.5,15.2,0.0
2025-11-27 23:00:00,41.8,14.9,0.0
2025-11-28 00:00:00,6.9,13.2,0.0
2025-11-28 01:00:00,0.0,11.6,0.0
2025-11-28 02:00:00,8.9,11.3,0.0
2025-11-28 03:00:00,14.9,11.4,0.0
2025-11-28 04:00:00,21.6,11.3,0.0
2025-11-28 05:00:00,19.7,11.4,0.0
2025-11-28 06:00:00,6.6,12.2,0.0
2025-11-28 07:00:00,14.3,13.3,111.2
2025-11-28 08:00:00,11.1,15.3,292.1
2025-11-28 09:00:00,0.0,17.3,448.0
2025-11-28 10:00:00,10.8,18.3,555.0
2025-11-28 11:00:00,26.9,19.6,585.3
2025-11-28 12:00:00,24.0,21.5,605.6
2025-11-28 13:00:00,39.0,21.5,493.4
2025-11-28 14:00:00,35.7,21.8,390.0
2025-11-28 15:00:00,29.0,22.3,272.5
2025-11-28 16:00:00,21.1,22.4,106.8
2025-11-28 17:00:00,32.3,22.1,0.0
2025-11-28 18:00:00,22.9,20.9,0.0
2025-11-28 19:00:00,26.6,19.5,0.0
2025-11-28 20:00:00,19.6,18.2,0.0
2025-11-28 21:00:00,14.2,17.1,0.0
2025-11-28 22:00:00,21.4,15.4,0.0
2025-11-28 23:00:00,16.4,15.1,0.0
2025-11-29 00:00:00,24.2,14.8,0.0
2025-11-29 01:00:00,32.5,14.5,0.0
2025-11-29 02:00:00,43.5,14.2,0.0
2025-11-29 03:00:00,45.6,14.9,0.0
2025-11-29 04:00:00,37.0,14.7,0.0
2025-11-29 05:00:00,30.6,14.6,0.0
2025-11-29 06:00:00,29.7,15.1,0.0
2025-11-29 07:00:00,30.8,15.5,101.7
2025-11-29 08:00:00,21.3,16.6,276.5
2025-11-29 09:00:00,26.7,18.0,410.9
2025-11-29 10:00:00,26.3,19.4,545.3
2025-11-29 11:00:00,11.5,21.0,612.3
2025-11-29 12:00:00,4.8,22.3,634.3
2025-11-29 13:00:00,2.3,24.1,564.9
2025-11-29 14:00:00,3.6,24.9,452.4
2025-11-29 15:00:00,20.4,25.4,281.8
2025-11-29 16:00:00,22.0,25.4,103.8
2025-11-29 17:00:00,14.7,23.9,0.0
2025-11-29 18:00:00,16.9,22.0,0.0
2025-11-29 19:00:00,14.1,21.7,0.0
2025-11-29 20:00:00,17.2,19.9,0.0
2025-11-29 21:00:00,21.9,18.0,0.0
2025-11-29 22:00:00,31.0,16.7,0.0
2025-11-29 23:00:00,29.2,15.4,0.0
2025-11-30 00:00:00,43.1,14.5,0.0
2025-11-30 01:00:00,47.6,14.4,0.0
2025-11-30 02:00:00,38.6,14.3,0.0
2025-11-30 03:00:00,54.0,13.7,0.0
2025-11-30 04:00:00,52.5,14.3,0.0
2025-11-30 05:00:00,41.9,14.4,0.0
2025-11-30 06:00:00,52.5,15.3,0.0
2025-11-30 07:00:00,65.2,15.5,68.7
2025-11-30 08:00:00,59.5,15.4,194.9
2025-11-30 09:00:00,50.7,16.5,351.9
2025-11-30 10:00:00,45.6,17.3,452.9
2025-11-30 11:00:00,48.2,19.0,487.7
2025-11-30 12:00:00,55.1,20.0,453.2
2025-11-30 13:00:00,55.4,21.2,409.1
2025-11-30 14:00:00,51.9,22.8,330.3
2025-11-30 15:00:00,60.1,22.6,193.4
2025-11-30 16:00:00,52.7,22.6,81.5
2025-11-30 17:00:00,57.0,22.6,0.0
2025-11-30 18:00:00,50.3,21.6,0.0
2025-11-30 19:00:00,50.1,20.9,0.0
2025-11-30 20:00:00,45.5,19.8,0.0
2025-11-30 21:00:00,42.0,18.2,0.0
2025-11-30 22:00:00,36.3,16.6,0.0
2025-11-30 23:00:00,45.1,15.4,0.0
2025-12-01 00:00:00,34.6,13.1,0.0
2025-12-01 01:00:00,26.7,11.9,0.0
2025-12-01 02:00:00,42.6,11.6,0.0
2025-12-01 03:00:00,47.5,11.7,0.0
2025-12-01 04:00:00,24.9,11.1,0.0
2025-12-01 05:00:00,19.6,10.9,0.0
2025-12-01 06:00:00,4.9,11.6,0.0
2025-12-01 07:00:00,0.0,13.7,111.2
2025-12-01 08:00:00,0.0,14.7,285.7
2025-12-01 09:00:00,0.0,16.9,444.2
2025-12-01 10:00:00,0.0,19.2,557.9
2025-12-01 11:00:00,0.0,20.6,643.7
2025-12-01 12:00:00,0.0,21.4,623.3
2025-12-01 13:00:00,0.0,22.6,557.1
2025-12-01 14:00:00,0.0,23.2,451.5
2025-12-01 15:00:00,0.0,22.9,288.7
2025-12-01 16:00:00,10.6,22.4,108.9
2025-12-01 17:00:00,17.8,22.2,0.0
2025-12-01 18:00:00,15.2,21.7,0.0
2025-12-01 19:00:00,31.5,20.5,0.0
2025-12-01 20:00:00,17.4,18.7,0.0
2025-12-01 21:00:00,6.3,17.3,0.0
2025-12-01 22:00:00,7.1,15.6,0.0
2025-12-01 23:00:00,26.4,14.3,0.0
2025-12-02 00:00:00,59.8,13.0,0.0
2025-12-02 01:00:00,57.6,11.6,0.0
2025-12-02 02:00:00,45.7,12.1,0.0
2025-12-02 03:00:00,54.3,11.9,0.0
2025-12-02 04:00:00,61.9,12.9,0.0
2025-12-02 05:00:00,67.3,14.3,0.0
2025-12-02 06:00:00,60.7,14.9,0.0
2025-12-02 07:00:00,54.2,15.7,81.0
2025-12-02 08:00:00,43.9,16.6,238.5
2025-12-02 09:00:00,45.8,16.8,346.8
2025-12-02 10:00:00,38.1,17.4,484.5
2025-12-02 11:00:00,30.6,18.9,578.8
2025-12-02 12:00:00,30.1,19.9,573.6
2025-12-02 13:00:00,29.0,21.9,503.8
2025-12-02 14:00:00,27.8,22.5,404.7
2025-12-02 15:00:00,34.7,23.9,250.1
2025-12-02 16:00:00,37.6,23.7,92.1
2025-12-02 17:00:00,37.3,24.3,0.0
2025-12-02 18:00:00,40.8,23.5,0.0
2025-12-02 19:00:00,34.5,22.3,0.0
2025-12-02 20:00:00,37.7,20.5,0.0
2025-12-02 21:00:00,40.8,19.2,0.0
2025-12-02 22:00:00,30.4,18.2,0.0
2025-12-02 23:00:00,41.2,16.7,0.0
2025-12-03 00:00:00,39.8,14.9,0.0
2025-12-03 01:00:00,42.8,13.8,0.0
2025-12-03 02:00:00,53.9,14.0,0.0
2025-12-03 03:00:00,61.9,14.2,0.0
2025-12-03 04:00:00,61.7,15.0,0.0
2025-12-03 05:00:00,58.4,15.5,0.0
2025-12-03 06:00:00,65.9,16.4,0.0
2025-12-03 07:00:00,70.4,17.2,61.4
2025-12-03 08:00:00,64.0,18.3,183.3
2025-12-03 09:00:00,57.0,19.0,307.0
2025-12-03 10:00:00,40.5,21.0,477.2
2025-12-03 11:00:00,43.9,22.2,509.8
2025-12-03 12:00:00,45.0,22.1,507.5
2025-12-03 13:00:00,55.6,23.3,396.1
2025-12-03 14:00:00,58.8,23.4,305.2
2025-12-03 15:00:00,69.4,24.3,161.7
2025-12-03 16:00:00,62.5,25.1,66.5
2025-12-03 17:00:00,71.1,25.1,0.0
2025-12-03 18:00:00,65.3,24.2,0.0
2025-12-03 19:00:00,70.7,23.4,0.0
2025-12-03 20:00:00,57.5,21.4,0.0
2025-12-03 21:00:00,59.5,20.1,0.0
2025-12-03 22:00:00,43.5,18.7,0.0
2025-12-03 23:00:00,43.1,18.0,0.0
2025-12-04 00:00:00,8.8,15.3,0.0
2025-12-04 01:00:00,5.8,14.3,0.0
2025-12-04 02:00:00,0.0,13.0,0.0
2025-12-04 03:00:00,8.1,12.2,0.0
2025-12-04 04:00:00,8.5,12.5,0.0
2025-12-04 05:00:00,5.8,13.0,0.0
2025-12-04 06:00:00,7.7,14.4,0.0
2025-12-04 07:00:00,30.1,15.5,97.2
2025-12-04 08:00:00,37.9,16.4,242.6
2025-12-04 09:00:00,44.9,17.5,360.7
2025-12-04 10:00:00,45.2,18.3,447.2
2025-12-04 11:00:00,43.4,19.2,515.0
2025-12-04 12:00:00,21.2,21.3,601.2
2025-12-04 13:00:00,15.5,22.1,553.5
2025-12-04 14:00:00,12.0,23.3,435.8
2025-12-04 15:00:00,0.0,23.9,278.3
2025-12-04 16:00:00,0.0,22.8,104.6
2025-12-04 17:00:00,0.0,22.4,0.0
2025-12-04 18:00:00,0.0,21.6,0.0
2025-12-04 19:00:00,0.0,20.5,0.0
2025-12-04 20:00:00,5.7,19.0,0.0
2025-12-04 21:00:00,10.5,17.0,0.0
2025-12-04 22:00:00,3.8,15.9,0.0
2025-12-04 23:00:00,0.0,14.3,0.0
2025-12-05 00:00:00,0.0,12.4,0.0
2025-12-05 01:00:00,0.0,11.6,0.0
2025-12-05 02:00:00,0.0,10.6,0.0
2025-12-05 03:00:00,0.0,9.9,0.0
2025-12-05 04:00:00,0.0,9.9,0.0
2025-12-05 05:00:00,0.0,10.1,0.0
2025-12-05 06:00:00,0.0,10.7,0.0
2025-12-05 07:00:00,0.0,12.3,105.1
2025-12-05 08:00:00,0.0,13.7,277.2
2025-12-05 09:00:00,0.0,15.9,435.7
2025-12-05 10:00:00,0.0,17.0,549.2
2025-12-05 11:00:00,0.0,17.6,619.1
2025-12-05 12:00:00,0.0,19.0,621.7
2025-12-05 13:00:00,7.8,20.8,574.1
2025-12-05 14:00:00,15.8,21.6,411.5
2025-12-05 15:00:00,8.2,23.6,279.9
2025-12-05 16:00:00,7.7,23.5,103.2
2025-12-05 17:00:00,10.9,23.0,0.0
2025-12-05 18:00:00,9.3,20.9,0.0
2025-12-05 19:00:00,14.8,19.9,0.0
2025-12-05 20:00:00,17.1,18.5,0.0
2025-12-05 21:00:00,31.6,16.9,0.0
2025-12-05 22:00:00,17.5,15.0,0.0
2025-12-05 23:00:00,16.3,13.5,0.0
2025-12-06 00:00:00,19.1,12.0,0.0
2025-12-06 01:00:00,24.8,12.2,0.0
2025-12-06 02:00:00,12.0,11.1,0.0
2025-12-06 03:00:00,16.4,11.0,0.0
2025-12-06 04:00:00,12.5,10.9,0.0
2025-12-06 05:00:00,8.2,11.8,0.0
2025-12-06 06:00:00,0.0,12.6,0.0
2025-12-06 07:00:00,0.0,13.7,103.6
2025-12-06 08:00:00,10.3,14.1,274.5
2025-12-06 09:00:00,12.0,15.6,445.4
2025-12-06 10:00:00,18.7,16.8,536.8
2025-12-06 11:00:00,32.9,17.9,550.2
2025-12-06 12:00:00,34.1,18.5,548.9
2025-12-06 13:00:00,28.7,20.4,538.0
2025-12-06 14:00:00,32.1,21.6,383.8
2025-12-06 15:00:00,27.0,22.7,255.0
2025-12-06 16:00:00,22.8,23.3,95.0
2025-12-06 17:00:00,11.0,22.9,0.0
2025-12-06 18:00:00,20.2,21.4,0.0
2025-12-06 19:00:00,17.8,21.0,0.0
2025-12-06 20:00:00,20.3,19.0,0.0
2025-12-06 21:00:00,12.7,17.1,0.0
2025-12-06 22:00:00,17.7,15.9,0.0
2025-12-06 23:00:00,12.6,14.7,0.0
2025-12-07 00:00:00,3.4,13.3,0.0
2025-12-07 01:00:00,12.0,12.2,0.0
2025-12-07 02:00:00,18.8,11.3,0.0
2025-12-07 03:00:00,18.3,12.3,0.0
2025-12-07 04:00:00,3.9,12.1,0.0
2025-12-07 05:00:00,29.4,12.9,0.0
2025-12-07 06:00:00,41.8,13.6,0.0
2025-12-07 07:00:00,44.5,14.6,82.3
2025-12-07 08:00:00,35.1,15.6,242.4
2025-12-07 09:00:00,31.9,16.8,397.5
2025-12-07 10:00:00,25.7,18.4,518.4
2025-12-07 11:00:00,34.7,20.3,548.2
2025-12-07 12:00:00,34.5,21.1,528.9
2025-12-07 13:00:00,26.1,22.3,528.4
2025-12-07 14:00:00,21.1,22.6,412.3
2025-12-07 15:00:00,29.5,23.1,248.7
2025-12-07 16:00:00,40.7,22.9,85.1
2025-12-07 17:00:00,50.0,22.4,0.0
2025-12-07 18:00:00,52.0,20.7,0.0
2025-12-07 19:00:00,45.7,19.4,0.0
2025-12-07 20:00:00,16.2,17.7,0.0
2025-12-07 21:00:00,18.6,17.1,0.0
2025-12-07 22:00:00,18.3,15.7,0.0
2025-12-07 23:00:00,19.2,13.9,0.0
2025-12-08 00:00:00,48.6,12.2,0.0
2025-12-08 01:00:00,37.6,10.5,0.0
2025-12-08 02:00:00,43.0,9.3,0.0
2025-12-08 03:00:00,48.4,10.2,0.0
2025-12-08 04:00:00,53.5,10.6,0.0
2025-12-08 05:00:00,60.1,11.0,0.0
2025-12-08 06:00:00,63.2,11.5,0.0
2025-12-08 07:00:00,57.8,11.8,70.3
2025-12-08 08:00:00,55.8,12.4,198.3
2025-12-08 09:00:00,55.3,14.3,324.2
2025-12-08 10:00:00,55.0,15.5,405.1
2025-12-08 11:00:00,61.9,15.9,406.4
2025-12-08 12:00:00,65.0,18.3,397.2
2025-12-08 13:00:00,79.3,18.7,256.6
2025-12-08 14:00:00,92.9,19.3,118.0
2025-12-08 15:00:00,87.9,21.0,99.1
2025-12-08 16:00:00,52.1,21.6,73.4
2025-12-08 17:00:00,61.2,21.3,0.0
2025-12-08 18:00:00,55.0,19.6,0.0
2025-12-08 19:00:00,47.5,17.8,0.0
2025-12-08 20:00:00,44.1,15.9,0.0
2025-12-08 21:00:00,40.7,14.4,0.0
2025-12-08 22:00:00,46.2,13.1,0.0
2025-12-08 23:00:00,33.6,11.4,0.0
2025-12-09 00:00:00,64.1,10.6,0.0
2025-12-09 01:00:00,69.2,9.2,0.0
2025-12-09 02:00:00,75.8,9.0,0.0
2025-12-09 03:00:00,81.9,9.6,0.0
2025-12-09 04:00:00,75.7,9.6,0.0
2025-12-09 05:00:00,68.8,10.1,0.0
2025-12-09 06:00:00,66.5,11.1,0.0
2025-12-09 07:00:00,70.4,12.5,57.3
2025-12-09 08:00:00,83.9,12.7,114.0
2025-12-09 09:00:00,67.4,14.5,259.1
2025-12-09 10:00:00,67.5,15.9,325.3
2025-12-09 11:00:00,58.8,17.3,420.7
2025-12-09 12:00:00,48.5,19.3,476.5
2025-12-09 13:00:00,60.4,19.6,370.5
2025-12-09 14:00:00,67.5,20.7,246.0
2025-12-09 15:00:00,73.0,21.7,145.1
2025-12-09 16:00:00,81.6,21.8,42.7
2025-12-09 17:00:00,78.0,21.9,0.0
2025-12-09 18:00:00,75.1,21.0,0.0
2025-12-09 19:00:00,93.6,19.9,0.0
2025-12-09 20:00:00,90.4,18.9,0.0
2025-12-09 21:00:00,95.4,17.1,0.0
2025-12-09 22:00:00,94.0,15.6,0.0
2025-12-09 23:00:00,77.9,13.8,0.0
2025-12-10 00:00:00,39.0,11.5,0.0
2025-12-10 01:00:00,36.9,10.8,0.0
2025-12-10 02:00:00,48.2,10.2,0.0
2025-12-10 03:00:00,55.9,9.4,0.0
2025-12-10 04:00:00,63.7,8.8,0.0
2025-12-10 05:00:00,55.4,9.8,0.0
2025-12-10 06:00:00,68.9,10.3,0.0
2025-12-10 07:00:00,60.1,11.2,67.4
2025-12-10 08:00:00,61.8,12.2,179.7
2025-12-10 09:00:00,61.5,13.1,286.3
2025-12-10 10:00:00,60.0,15.3,380.0
2025-12-10 11:00:00,70.7,16.5,342.3
2025-12-10 12:00:00,63.8,18.3,381.0
2025-12-10 13:00:00,52.5,19.7,395.1
2025-12-10 14:00:00,53.6,20.5,321.0
2025-12-10 15:00:00,51.2,21.1,209.4
2025-12-10 16:00:00,79.3,22.4,45.3
2025-12-10 17:00:00,82.4,22.9,0.0
2025-12-10 18:00:00,76.4,22.7,0.0
2025-12-10 19:00:00,66.0,21.3,0.0
2025-12-10 20:00:00,50.3,19.1,0.0
2025-12-10 21:00:00,43.3,17.1,0.0
2025-12-10 22:00:00,46.2,14.9,0.0
2025-12-10 23:00:00,59.3,14.0,0.0
2025-12-11 00:00:00,43.3,12.1,0.0
2025-12-11 01:00:00,44.2,9.6,0.0
2025-12-11 02:00:00,40.5,10.2,0.0
2025-12-11 03:00:00,42.0,9.7,0.0
2025-12-11 04:00:00,37.0,9.5,0.0
2025-12-11 05:00:00,50.5,11.2,0.0
2025-12-11 06:00:00,47.2,11.4,0.0
2025-12-11 07:00:00,45.0,12.9,80.8
2025-12-11 08:00:00,26.1,13.6,252.5
2025-12-11 09:00:00,25.6,14.2,404.2
2025-12-11 10:00:00,33.5,16.4,483.0
2025-12-11 11:00:00,25.1,18.3,566.6
2025-12-11 12:00:00,20.3,20.1,577.6
2025-12-11 13:00:00,28.4,21.1,506.4
2025-12-11 14:00:00,17.4,22.2,417.7
2025-12-11 15:00:00,28.0,21.8,254.4
2025-12-11 16:00:00,24.6,21.9,92.4
2025-12-11 17:00:00,22.7,20.9,0.0
2025-12-11 18:00:00,15.2,19.1,0.0
2025-12-11 19:00:00,20.6,18.2,0.0
2025-12-11 20:00:00,42.0,17.6,0.0
2025-12-11 21:00:00,47.5,15.9,0.0
2025-12-11 22:00:00,39.1,14.1,0.0
2025-12-11 23:00:00,47.7,12.2,0.0
2025-12-12 00:00:00,43.7,10.8,0.0
2025-12-12 01:00:00,53.7,10.4,0.0
2025-12-12 02:00:00,57.9,10.3,0.0
2025-12-12 03:00:00,31.6,9.9,0.0
2025-12-12 04:00:00,24.0,9.7,0.0
2025-12-12 05:00:00,32.9,10.1,0.0
2025-12-12 06:00:00,34.4,11.4,0.0
2025-12-12 07:00:00,26.3,12.8,89.9
2025-12-12 08:00:00,22.3,13.8,260.0
2025-12-12 09:00:00,8.6,15.1,430.4
2025-12-12 10:00:00,11.1,17.1,532.2
2025-12-12 11:00:00,31.6,17.9,532.5
2025-12-12 12:00:00,38.5,19.3,544.1
2025-12-12 13:00:00,55.6,20.0,387.0
2025-12-12 14:00:00,60.2,20.3,293.0
2025-12-12 15:00:00,65.4,21.8,176.1
2025-12-12 16:00:00,77.6,22.3,48.0
2025-12-12 17:00:00,75.5,21.8,0.0
2025-12-12 18:00:00,69.2,20.1,0.0
2025-12-12 19:00:00,73.4,18.2,0.0
2025-12-12 20:00:00,80.4,16.7,0.0
2025-12-12 21:00:00,71.1,16.0,0.0
2025-12-12 22:00:00,61.0,14.0,0.0
2025-12-12 23:00:00,59.0,13.3,0.0
2025-12-13 00:00:00,36.7,11.5,0.0
2025-12-13 01:00:00,39.8,10.0,0.0
2025-12-13 02:00:00,24.7,8.9,0.0
2025-12-13 03:00:00,38.1,8.3,0.0
2025-12-13 04:00:00,29.5,8.0,0.0
2025-12-13 05:00:00,24.9,8.1,0.0
2025-12-13 06:00:00,15.8,8.1,0.0
2025-12-13 07:00:00,36.5,10.2,84.6
2025-12-13 08:00:00,35.2,11.5,243.5
2025-12-13 09:00:00,25.2,12.6,397.6
2025-12-13 10:00:00,30.2,14.1,491.7
2025-12-13 11:00:00,33.8,15.1,544.2
2025-12-13 12:00:00,29.3,15.2,560.7
2025-12-13 13:00:00,33.6,17.8,490.8
2025-12-13 14:00:00,24.1,18.8,400.5
2025-12-13 15:00:00,18.3,19.0,266.1
2025-12-13 16:00:00,1.1,18.0,99.7
2025-12-13 17:00:00,0.0,16.7,0.0
2025-12-13 18:00:00,8.0,16.9,0.0
2025-12-13 19:00:00,21.3,16.7,0.0
2025-12-13 20:00:00,20.3,15.7,0.0
2025-12-13 21:00:00,32.3,13.8,0.0
2025-12-13 22:00:00,28.2,13.0,0.0
2025-12-13 23:00:00,24.0,11.7,0.0
2025-12-14 00:00:00,15.7,10.6,0.0
2025-12-14 01:00:00,13.1,9.8,0.0
2025-12-14 02:00:00,10.1,8.4,0.0
2025-12-14 03:00:00,18.2,7.7,0.0
2025-12-14 04:00:00,17.5,7.7,0.0
2025-12-14 05:00:00,21.4,8.8,0.0
2025-12-14 06:00:00,27.3,9.2,0.0
2025-12-14 07:00:00,27.4,10.2,84.7
2025-12-14 08:00:00,16.6,11.4,267.5
2025-12-14 09:00:00,4.0,13.4,430.3
2025-12-14 10:00:00,5.0,15.3,542.4
2025-12-14 11:00:00,3.3,16.3,605.4
2025-12-14 12:00:00,3.8,18.3,610.8
2025-12-14 13:00:00,3.5,18.7,543.6
2025-12-14 14:00:00,24.0,19.7,387.2
2025-12-14 15:00:00,10.7,19.9,280.4
2025-12-14 16:00:00,0.0,19.8,99.3
2025-12-14 17:00:00,0.0,19.4,0.0
2025-12-14 18:00:00,0.0,18.5,0.0
2025-12-14 19:00:00,0.0,17.6,0.0
2025-12-14 20:00:00,3.5,16.4,0.0
2025-12-14 21:00:00,13.6,15.4,0.0
2025-12-14 22:00:00,0.2,13.8,0.0
2025-12-14 23:00:00,0.0,11.7,0.0
2025-12-15 00:00:00,42.9,11.1,0.0
2025-12-15 01:00:00,49.3,10.0,0.0
2025-12-15 02:00:00,66.3,9.1,0.0
2025-12-15 03:00:00,71.4,8.8,0.0
2025-12-15 04:00:00,67.8,9.1,0.0
2025-12-15 05:00:00,57.9,9.7,0.0
2025-12-15 06:00:00,51.8,11.1,0.0
2025-12-15 07:00:00,46.3,12.6,77.5
2025-12-15 08:00:00,51.4,13.7,203.9
2025-12-15 09:00:00,52.6,15.0,314.3
2025-12-15 10:00:00,41.1,16.4,453.0
2025-12-15 11:00:00,38.1,18.1,523.1
2025-12-15 12:00:00,45.9,19.4,462.1
2025-12-15 13:00:00,48.6,20.3,425.7
2025-12-15 14:00:00,52.7,22.2,319.5
2025-12-15 15:00:00,54.9,22.4,196.4
2025-12-15 16:00:00,66.7,23.5,58.1
2025-12-15 17:00:00,66.0,22.5,0.0
2025-12-15 18:00:00,60.3,21.8,0.0
2025-12-15 19:00:00,51.2,21.0,0.0
2025-12-15 20:00:00,52.4,18.5,0.0
2025-12-15 21:00:00,32.0,16.6,0.0
2025-12-15 22:00:00,32.1,15.3,0.0
2025-12-15 23:00:00,32.0,13.9,0.0
2025-12-16 00:00:00,31.8,12.6,0.0
2025-12-16 01:00:00,27.0,11.6,0.0
2025-12-16 02:00:00,36.7,10.5,0.0
2025-12-16 03:00:00,40.7,11.4,0.0
2025-12-16 04:00:00,43.1,11.3,0.0
2025-12-16 05:00:00,46.9,12.1,0.0
2025-12-16 06:00:00,48.5,12.6,0.0
2025-12-16 07:00:00,59.1,12.4,67.6
2025-12-16 08:00:00,59.5,12.7,181.0
2025-12-16 09:00:00,47.2,13.2,339.3
2025-12-16 10:00:00,61.0,14.8,365.6
2025-12-16 11:00:00,63.2,15.7,383.5
2025-12-16 12:00:00,57.4,16.9,422.7
2025-12-16 13:00:00,46.9,17.6,437.1
2025-12-16 14:00:00,51.0,18.6,318.8
2025-12-16 15:00:00,50.4,18.9,213.4
2025-12-16 16:00:00,63.4,19.9,59.6
2025-12-16 17:00:00,59.6,19.8,0.0
2025-12-16 18:00:00,52.2,18.5,0.0
2025-12-16 19:00:00,59.6,17.8,0.0
2025-12-16 20:00:00,66.3,16.5,0.0
2025-12-16 21:00:00,66.2,15.0,0.0
2025-12-16 22:00:00,70.2,12.8,0.0
2025-12-16 23:00:00,67.9,11.3,0.0
2025-12-17 00:00:00,46.0,9.8,0.0
2025-12-17 01:00:00,53.6,9.7,0.0
2025-12-17 02:00:00,56.0,8.8,0.0
2025-12-17 03:00:00,51.8,9.7,0.0
2025-12-17 04:00:00,60.2,10.2,0.0
2025-12-17 05:00:00,37.9,9.7,0.0
2025-12-17 06:00:00,53.6,10.5,0.0
2025-12-17 07:00:00,37.4,11.9,80.3
2025-12-17 08:00:00,31.7,13.6,252.9
2025-12-17 09:00:00,31.4,14.9,385.9
2025-12-17 10:00:00,30.3,16.3,482.6
2025-12-17 11:00:00,38.5,16.8,523.4
2025-12-17 12:00:00,29.3,18.9,536.5
2025-12-17 13:00:00,31.7,19.3,475.7
2025-12-17 14:00:00,27.1,20.6,387.4
2025-12-17 15:00:00,30.0,21.6,253.5
2025-12-17 16:00:00,29.7,21.7,86.4
2025-12-17 17:00:00,30.8,21.7,0.0
2025-12-17 18:00:00,26.5,21.5,0.0
2025-12-17 19:00:00,23.1,20.2,0.0
2025-12-17 20:00:00,26.4,18.6,0.0
2025-12-17 21:00:00,34.6,17.0,0.0
2025-12-17 22:00:00,29.5,14.9,0.0
2025-12-17 23:00:00,22.9,12.9,0.0
2025-12-18 00:00:00,33.7,11.8,0.0
2025-12-18 01:00:00,33.8,10.7,0.0
2025-12-18 02:00:00,40.8,10.3,0.0
2025-12-18 03:00:00,33.1,9.2,0.0
2025-12-18 04:00:00,19.3,9.1,0.0
2025-12-18 05:00:00,17.1,10.2,0.0
2025-12-18 06:00:00,13.4,10.5,0.0
2025-12-18 07:00:00,15.5,11.6,93.1
2025-12-18 08:00:00,13.0,12.0,267.0
2025-12-18 09:00:00,21.8,12.7,398.6
2025-12-18 10:00:00,21.3,14.6,504.3
2025-12-18 11:00:00,24.3,15.8,564.9
2025-12-18 12:00:00,27.1,17.9,569.0
2025-12-18 13:00:00,29.8,19.1,507.6
2025-12-18 14:00:00,30.5,20.1,391.5
2025-12-18 15:00:00,35.3,20.0,236.5
2025-12-18 16:00:00,29.1,19.9,87.3
2025-12-18 17:00:00,41.2,19.4,0.0
2025-12-18 18:00:00,38.8,17.9,0.0
2025-12-18 19:00:00,28.1,16.8,0.0
2025-12-18 20:00:00,30.6,15.9,0.0
2025-12-18 21:00:00,24.6,14.5,0.0
2025-12-18 22:00:00,31.3,12.6,0.0
2025-12-18 23:00:00,49.7,11.6,0.0
2025-12-19 00:00:00,29.2,9.0,0.0
2025-12-19 01:00:00,31.3,8.8,0.0
2025-12-19 02:00:00,16.4,7.4,0.0
2025-12-19 03:00:00,20.9,6.7,0.0
2025-12-19 04:00:00,14.2,6.9,0.0
2025-12-19 05:00:00,10.4,7.7,0.0
2025-12-19 06:00:00,3.3,8.5,0.0
2025-12-19 07:00:00,11.6,9.3,95.6
2025-12-19 08:00:00,21.2,11.3,257.5
2025-12-19 09:00:00,21.7,11.9,409.4
2025-12-19 10:00:00,15.1,12.8,524.8
2025-12-19 11:00:00,28.9,14.0,537.5
2025-12-19 12:00:00,22.3,14.8,584.5
2025-12-19 13:00:00,5.3,16.9,550.3
2025-12-19 14:00:00,11.2,17.0,417.5
2025-12-19 15:00:00,3.9,18.2,270.9
2025-12-19 16:00:00,14.2,18.7,95.0
2025-12-19 17:00:00,12.4,18.9,0.0
2025-12-19 18:00:00,18.6,19.0,0.0
2025-12-19 19:00:00,30.5,17.9,0.0
2025-12-19 20:00:00,20.1,15.8,0.0
2025-12-19 21:00:00,16.0,14.1,0.0
2025-12-19 22:00:00,16.4,12.3,0.0
2025-12-19 23:00:00,29.6,10.7,0.0
2025-12-20 00:00:00,0.0,9.0,0.0
2025-12-20 01:00:00,0.0,8.0,0.0
2025-12-20 02:00:00,0.0,7.0,0.0
2025-12-20 03:00:00,0.0,6.7,0.0
2025-12-20 04:00:00,0.0,7.3,0.0
2025-12-20 05:00:00,0.0,8.4,0.0
2025-12-20 06:00:00,0.2,8.6,0.0
2025-12-20 07:00:00,0.0,9.7,98.2
2025-12-20 08:00:00,0.0,11.1,271.4
2025-12-20 09:00:00,0.0,12.2,427.3
2025-12-20 10:00:00,4.3,13.7,535.8
2025-12-20 11:00:00,0.0,15.3,621.6
2025-12-20 12:00:00,9.0,16.7,600.2
2025-12-20 13:00:00,13.5,17.8,525.0
2025-12-20 14:00:00,14.7,18.0,408.3
2025-12-20 15:00:00,4.6,19.5,268.5
2025-12-20 16:00:00,8.1,19.8,92.2
2025-12-20 17:00:00,0.9,19.4,0.0
2025-12-20 18:00:00,10.5,19.1,0.0
2025-12-20 19:00:00,1.0,17.8,0.0
2025-12-20 20:00:00,0.0,16.9,0.0
2025-12-20 21:00:00,0.0,15.3,0.0
2025-12-20 22:00:00,0.0,13.7,0.0
2025-12-20 23:00:00,0.0,12.5,0.0
2025-12-21 00:00:00,27.6,12.3,0.0
2025-12-21 01:00:00,37.0,12.1,0.0
2025-12-21 02:00:00,21.3,11.4,0.0
2025-12-21 03:00:00,30.3,11.4,0.0
2025-12-21 04:00:00,49.7,12.1,0.0
2025-12-21 05:00:00,43.2,12.9,0.0
2025-12-21 06:00:00,56.2,14.5,0.0
2025-12-21 07:00:00,50.3,15.0,73.2
2025-12-21 08:00:00,36.3,16.5,241.1
2025-12-21 09:00:00,32.6,17.7,387.8
2025-12-21 10:00:00,40.1,19.1,465.7
2025-12-21 11:00:00,31.6,21.0,542.2
2025-12-21 12:00:00,26.0,22.5,567.4
2025-12-21 13:00:00,30.6,23.7,490.6
2025-12-21 14:00:00,30.0,24.0,376.5
2025-12-21 15:00:00,34.1,25.0,239.2
2025-12-21 16:00:00,34.9,25.2,83.5
2025-12-21 17:00:00,37.6,24.7,0.0
2025-12-21 18:00:00,32.7,23.9,0.0
2025-12-21 19:00:00,33.6,23.7,0.0
2025-12-21 20:00:00,25.2,21.2,0.0
2025-12-21 21:00:00,35.5,19.2,0.0
2025-12-21 22:00:00,29.2,18.6,0.0
2025-12-21 23:00:00,37.7,17.2,0.0
2025-12-22 00:00:00,73.0,16.2,0.0
2025-12-22 01:00:00,73.5,14.9,0.0
2025-12-22 02:00:00,68.4,14.6,0.0
2025-12-22 03:00:00,59.7,15.3,0.0
2025-12-22 04:00:00,46.2,14.6,0.0
2025-12-22 05:00:00,39.9,14.8,0.0
2025-12-22 06:00:00,40.2,15.2,0.0
2025-12-22 07:00:00,44.7,16.4,75.3
2025-12-22 08:00:00,55.1,17.7,192.7
2025-12-22 09:00:00,52.6,19.3,307.7
2025-12-22 10:00:00,46.9,20.7,442.3
2025-12-22 11:00:00,37.3,23.2,533.9
2025-12-22 12:00:00,44.4,23.6,492.0
2025-12-22 13:00:00,57.8,23.8,374.0
2025-12-22 14:00:00,68.6,25.0,247.6
2025-12-22 15:00:00,73.7,25.5,144.1
2025-12-22 16:00:00,77.6,25.1,47.1
2025-12-22 17:00:00,89.6,24.8,0.0
2025-12-22 18:00:00,89.1,23.8,0.0
2025-12-22 19:00:00,91.3,22.0,0.0
2025-12-22 20:00:00,85.4,19.8,0.0
2025-12-22 21:00:00,71.9,17.7,0.0
2025-12-22 22:00:00,65.5,15.4,0.0
2025-12-22 23:00:00,65.2,14.2,0.0
2025-12-23 00:00:00,58.9,11.6,0.0
2025-12-23 01:00:00,74.1,10.9,0.0
2025-12-23 02:00:00,72.8,10.4,0.0
2025-12-23 03:00:00,80.3,10.2,0.0
2025-12-23 04:00:00,74.1,10.8,0.0
2025-12-23 05:00:00,69.6,10.6,0.0
2025-12-23 06:00:00,57.4,10.9,0.0
2025-12-23 07:00:00,51.5,11.5,74.4
2025-12-23 08:00:00,56.4,12.8,193.5
2025-12-23 09:00:00,56.5,13.9,302.4
2025-12-23 10:00:00,64.2,16.1,350.6
2025-12-23 11:00:00,64.8,16.8,378.3
2025-12-23 12:00:00,61.1,17.3,394.7
2025-12-23 13:00:00,77.8,19.1,259.1
2025-12-23 14:00:00,74.6,19.4,224.3
2025-12-23 15:00:00,81.8,20.5,111.0
2025-12-23 16:00:00,75.6,20.5,47.5
2025-12-23 17:00:00,79.1,19.4,0.0
2025-12-23 18:00:00,83.9,18.4,0.0
2025-12-23 19:00:00,82.4,17.6,0.0
2025-12-23 20:00:00,60.5,15.2,0.0
2025-12-23 21:00:00,60.3,14.0,0.0
2025-12-23 22:00:00,69.7,13.0,0.0
2025-12-23 23:00:00,72.5,10.9,0.0
2025-12-24 00:00:00,77.8,9.6,0.0
2025-12-24 01:00:00,62.0,9.2,0.0
2025-12-24 02:00:00,56.1,8.9,0.0
2025-12-24 03:00:00,60.0,8.6,0.0
2025-12-24 04:00:00,63.4,9.0,0.0
2025-12-24 05:00:00,72.8,9.4,0.0
2025-12-24 06:00:00,70.2,10.9,0.0
2025-12-24 07:00:00,72.3,12.2,51.5
2025-12-24 08:00:00,71.1,12.9,154.0
2025-12-24 09:00:00,62.0,14.0,268.1
2025-12-24 10:00:00,43.8,15.0,448.1
2025-12-24 11:00:00,49.3,15.5,476.8
2025-12-24 12:00:00,52.1,16.5,444.5
2025-12-24 13:00:00,48.2,17.6,436.2
2025-12-24 14:00:00,36.7,19.2,363.3
2025-12-24 15:00:00,44.7,20.1,219.7
2025-12-24 16:00:00,44.5,20.4,76.2
2025-12-24 17:00:00,50.9,20.8,0.0
2025-12-24 18:00:00,67.0,19.5,0.0
2025-12-24 19:00:00,49.1,18.5,0.0
2025-12-24 20:00:00,45.0,16.5,0.0
2025-12-24 21:00:00,45.2,15.6,0.0
2025-12-24 22:00:00,58.7,14.1,0.0
2025-12-24 23:00:00,45.9,11.4,0.0
2025-12-25 00:00:00,64.3,10.7,0.0
2025-12-25 01:00:00,65.1,10.2,0.0
2025-12-25 02:00:00,64.0,9.3,0.0
2025-12-25 03:00:00,62.1,8.8,0.0
2025-12-25 04:00:00,58.6,8.9,0.0
2025-12-25 05:00:00,67.4,8.6,0.0
2025-12-25 06:00:00,58.2,8.3,0.0
2025-12-25 07:00:00,61.4,9.9,61.2
2025-12-25 08:00:00,58.4,10.4,182.2
2025-12-25 09:00:00,52.8,12.5,321.4
2025-12-25 10:00:00,74.6,14.1,282.1
2025-12-25 11:00:00,76.4,16.0,300.5
2025-12-25 12:00:00,79.6,16.8,279.2
2025-12-25 13:00:00,86.6,17.1,197.1
2025-12-25 14:00:00,72.2,17.8,229.9
2025-12-25 15:00:00,85.0,18.4,106.4
2025-12-25 16:00:00,62.2,17.7,60.1
2025-12-25 17:00:00,56.0,17.3,0.0
2025-12-25 18:00:00,53.1,16.3,0.0
2025-12-25 19:00:00,58.8,14.6,0.0
2025-12-25 20:00:00,60.9,12.8,0.0
2025-12-25 21:00:00,59.7,11.3,0.0
2025-12-25 22:00:00,59.9,10.0,0.0
2025-12-25 23:00:00,52.3,8.2,0.0
2025-12-26 00:00:00,0.0,6.4,0.0
2025-12-26 01:00:00,5.1,5.7,0.0
2025-12-26 02:00:00,12.2,5.3,0.0
2025-12-26 03:00:00,25.5,5.1,0.0
2025-12-26 04:00:00,18.2,4.7,0.0
2025-12-26 05:00:00,23.6,6.4,0.0
2025-12-26 06:00:00,20.6,7.7,0.0
2025-12-26 07:00:00,29.7,9.5,85.7
2025-12-26 08:00:00,36.4,10.6,226.7
2025-12-26 09:00:00,35.8,11.8,367.5
2025-12-26 10:00:00,30.9,13.6,490.9
2025-12-26 11:00:00,37.0,13.9,531.2
2025-12-26 12:00:00,39.8,14.6,526.3
2025-12-26 13:00:00,31.6,15.6,499.8
2025-12-26 14:00:00,19.3,16.4,400.4
2025-12-26 15:00:00,16.7,16.4,267.2
2025-12-26 16:00:00,28.9,16.8,87.5
2025-12-26 17:00:00,36.7,16.7,0.0
2025-12-26 18:00:00,25.5,16.4,0.0
2025-12-26 19:00:00,15.2,16.3,0.0
2025-12-26 20:00:00,25.6,14.4,0.0
2025-12-26 21:00:00,15.6,12.8,0.0
2025-12-26 22:00:00,19.8,11.4,0.0
2025-12-26 23:00:00,14.6,9.9,0.0
2025-12-27 00:00:00,11.3,8.0,0.0
2025-12-27 01:00:00,3.9,6.6,0.0
2025-12-27 02:00:00,12.6,6.3,0.0
2025-12-27 03:00:00,12.7,5.7,0.0
2025-12-27 04:00:00,13.3,6.0,0.0
2025-12-27 05:00:00,0.0,6.4,0.0
2025-12-27 06:00:00,0.0,7.5,0.0
2025-12-27 07:00:00,0.0,8.3,95.6
2025-12-27 08:00:00,0.0,10.0,256.9
2025-12-27 09:00:00,0.0,11.2,427.0
2025-12-27 10:00:00,0.0,12.9,522.5
2025-12-27 11:00:00,0.0,15.1,588.7
2025-12-27 12:00:00,0.0,16.5,587.3
2025-12-27 13:00:00,0.0,17.7,531.0
2025-12-27 14:00:00,0.0,18.7,422.2
2025-12-27 15:00:00,0.0,18.3,267.9
2025-12-27 16:00:00,0.0,19.0,96.7
2025-12-27 17:00:00,0.2,17.8,0.0
2025-12-27 18:00:00,0.8,17.4,0.0
2025-12-27 19:00:00,1.8,16.5,0.0
2025-12-27 20:00:00,20.1,14.9,0.0
2025-12-27 21:00:00,6.6,13.6,0.0
2025-12-27 22:00:00,12.3,12.4,0.0
2025-12-27 23:00:00,24.2,12.1,0.0
2025-12-28 00:00:00,49.9,11.1,0.0
2025-12-28 01:00:00,54.6,10.1,0.0
2025-12-28 02:00:00,44.0,9.0,0.0
2025-12-28 03:00:00,37.0,7.8,0.0
2025-12-28 04:00:00,39.5,7.9,0.0
2025-12-28 05:00:00,44.9,8.4,0.0
2025-12-28 06:00:00,52.3,9.6,0.0
2025-12-28 07:00:00,62.4,9.9,64.2
2025-12-28 08:00:00,58.2,10.6,194.3
2025-12-28 09:00:00,64.6,12.0,267.1
2025-12-28 10:00:00,57.9,13.6,369.1
2025-12-28 11:00:00,62.0,13.9,392.4
2025-12-28 12:00:00,60.0,15.6,431.7
2025-12-28 13:00:00,60.2,16.6,352.9
2025-12-28 14:00:00,60.2,17.5,284.1
2025-12-28 15:00:00,44.0,17.1,214.1
2025-12-28 16:00:00,33.5,18.1,85.0
2025-12-28 17:00:00,34.1,17.9,0.0
2025-12-28 18:00:00,20.3,16.0,0.0
2025-12-28 19:00:00,28.4,15.2,0.0
2025-12-28 20:00:00,35.8,14.1,0.0
2025-12-28 21:00:00,37.9,13.2,0.0
2025-12-28 22:00:00,28.2,11.4,0.0
2025-12-28 23:00:00,39.7,10.1,0.0
2025-12-29 00:00:00,58.8,8.8,0.0
2025-12-29 01:00:00,57.2,8.2,0.0
2025-12-29 02:00:00,58.7,7.2,0.0
2025-12-29 03:00:00,57.5,6.6,0.0
2025-12-29 04:00:00,59.1,6.9,0.0
2025-12-29 05:00:00,55.3,6.9,0.0
2025-12-29 06:00:00,52.7,8.7,0.0
2025-12-29 07:00:00,57.9,10.6,67.9
2025-12-29 08:00:00,73.9,11.2,138.3
2025-12-29 09:00:00,58.1,11.6,284.3
2025-12-29 10:00:00,54.6,13.1,395.4
2025-12-29 11:00:00,42.9,14.4,501.6
2025-12-29 12:00:00,54.7,16.1,431.1
2025-12-29 13:00:00,47.7,16.9,421.1
2025-12-29 14:00:00,34.7,18.2,370.1
2025-12-29 15:00:00,39.9,18.8,225.0
2025-12-29 16:00:00,53.4,18.7,71.7
2025-12-29 17:00:00,56.5,18.7,0.0
2025-12-29 18:00:00,55.6,18.2,0.0
2025-12-29 19:00:00,56.5,17.0,0.0
2025-12-29 20:00:00,65.3,15.7,0.0
2025-12-29 21:00:00,54.7,13.6,0.0
2025-12-29 22:00:00,51.5,12.6,0.0
2025-12-29 23:00:00,46.0,11.5,0.0
2025-12-30 00:00:00,35.1,9.8,0.0
2025-12-30 01:00:00,32.5,8.7,0.0
2025-12-30 02:00:00,41.7,9.0,0.0
2025-12-30 03:00:00,45.4,8.2,0.0
2025-12-30 04:00:00,49.4,8.7,0.0
2025-12-30 05:00:00,48.8,9.0,0.0
2025-12-30 06:00:00,51.4,10.9,0.0
2025-12-30 07:00:00,43.1,11.6,78.3
2025-12-30 08:00:00,39.6,13.2,234.0
2025-12-30 09:00:00,40.7,14.0,352.8
2025-12-30 10:00:00,42.2,14.6,451.4
2025-12-30 11:00:00,43.9,15.7,487.7
2025-12-30 12:00:00,41.8,17.1,514.6
2025-12-30 13:00:00,38.0,17.9,459.9
2025-12-30 14:00:00,62.9,18.9,274.2
2025-12-30 15:00:00,66.9,19.4,167.0
2025-12-30 16:00:00,66.4,18.8,57.5
2025-12-30 17:00:00,60.8,18.9,0.0
2025-12-30 18:00:00,54.1,17.4,0.0
2025-12-30 19:00:00,50.8,16.0,0.0
2025-12-30 20:00:00,51.3,15.4,0.0
2025-12-30 21:00:00,34.3,14.4,0.0
2025-12-30 22:00:00,21.9,12.4,0.0
2025-12-30 23:00:00,18.4,11.1,0.0
2025-12-31 00:00:00,44.1,9.9,0.0
2025-12-31 01:00:00,43.8,8.7,0.0
2025-12-31 02:00:00,57.2,8.0,0.0
2025-12-31 03:00:00,45.4,6.8,0.0
2025-12-31 04:00:00,40.8,7.0,0.0
2025-12-31 05:00:00,54.9,8.0,0.0
2025-12-31 06:00:00,56.3,8.7,0.0
2025-12-31 07:00:00,63.5,10.2,63.2
2025-12-31 08:00:00,79.1,10.7,124.9
2025-12-31 09:00:00,71.0,11.4,245.6
2025-12-31 10:00:00,68.5,12.9,320.7
2025-12-31 11:00:00,65.0,13.5,374.6
2025-12-31 12:00:00,48.4,15.5,474.5
2025-12-31 13:00:00,47.0,16.5,440.1
2025-12-31 14:00:00,55.3,17.8,311.2
2025-12-31 15:00:00,59.9,19.1,190.7
2025-12-31 16:00:00,64.5,19.9,62.4
2025-12-31 17:00:00,60.6,19.2,0.0
2025-12-31 18:00:00,55.0,17.5,0.0
2025-12-31 19:00:00,65.4,15.8,0.0
2025-12-31 20:00:00,60.5,14.8,0.0
2025-12-31 21:00:00,62.4,13.3,0.0
2025-12-31 22:00:00,63.1,11.5,0.0
2025-12-31 23:00:00,74.1,10.2,0.0
